doi,title,crossref_title,title_similarity,authors,year,venue,source_type,relevance_tier,verified,read_status,local_pdf,cited_by,oa_url,query_id,area,query_string,retrieved_utc,verified_utc,selected_for_bib,selection_reason
10.1002/qj.3803,The ERA5 global reanalysis,The ERA5 global reanalysis,1.000,Hans Hersbach; Bill Bell; Paul Berrisford; Shoji Hirahara,2020,Quarterly Journal of the Royal Meteorological Society,journal-article,core,yes,READ,hersbach_2020_era5_global_reanalysis.pdf,30944,https://onlinelibrary.wiley.com/doi/pdfdirect/10.1002/qj.3803,Q10,reanalysis / observed eddy phenomenology,ERA5 global reanalysis,2026-07-25T10:56:57Z,2026-07-25T11:23:44Z,yes,ANCHOR: PDF held or cited directly by the theory
10.1175/1520-0477(1996)077<0437:tnyrp>2.0.co;2,The NCEP/NCAR 40-Year Reanalysis Project,The NCEP/NCAR 40-Year Reanalysis Project,1.000,Eugenia Kalnay; Masao Kanamitsu; Robert Kistler; William D. Collins,1996,Bulletin of the American Meteorological Society,journal-article,core,yes,READ,kalnay_1996_ncep_ncar_reanalysis.pdf,29153,,Q10,reanalysis / observed eddy phenomenology,NCEP NCAR reanalysis project,2026-07-25T10:56:57Z,2026-07-25T11:23:44Z,yes,ANCHOR: PDF held or cited directly by the theory
10.12942/lrr-2014-4,The Confrontation between General Relativity and Experiment,The Confrontation between General Relativity and Experiment,1.000,Clifford M. Will,2014,Living Reviews in Relativity,journal-article,core,yes,IDENTIFIER-ONLY,,3898,https://link.springer.com/content/pdf/10.12942/lrr-2014-4.pdf,Q2,Rossby wave dispersion,planetary waves rotating sphere phase speed,2026-07-25T10:56:57Z,2026-07-25T11:24:13Z,no,off-domain term: general relativity and experiment
10.13031/2013.42256,"SWAT: Model Use, Calibration, and Validation","SWAT: Model Use, Calibration, and Validation",1.000,Jeffrey G. Arnold; Daniel N. Moriasi; Philip W. Gassman; Karim C. Abbaspour,2012,Transactions of the ASABE,journal-article,core,yes,IDENTIFIER-ONLY,,3375,https://digitalcommons.unl.edu/cgi/viewcontent.cgi?article=1408&context=biosysengfacpub,Q9,Galewsky jet and forward citations,initial value problem testing numerical models global shallow water,2026-07-25T10:56:57Z,2026-07-25T11:25:30Z,no,off-domain term: swat
10.1029/2001rg000106,Gravity wave dynamics and effects in the middle atmosphere,Gravity wave dynamics and effects in the middle atmosphere,1.000,David C. Fritts; M. Joan Alexander,2003,Reviews of Geophysics,journal-article,core,yes,IDENTIFIER-ONLY,,2797,https://onlinelibrary.wiley.com/doi/pdfdirect/10.1029/2001RG000106,Q6,counter-propagating Rossby waves,Bretherton potential vorticity sheet boundary,2026-07-25T10:56:57Z,2026-07-25T11:25:04Z,no,on-topic title but venue outside the field: Reviews of Geophysics
10.1002/qj.49711147002,On the use and significance of isentropic potential vorticity maps,On the use and significance of isentropic potential vorticity maps,1.000,B. J. Hoskins; M. E. McIntyre; A. W. Robertson,1985,Quarterly Journal of the Royal Meteorological Society,journal-article,core,yes,READ,hoskins_1985_isentropic_potential_vorticity.pdf,2438,,A1,anchor: held PDF or theory-cited reference,direct DOI lookup (anchor): 10.1002/qj.49711147002,2026-07-25T11:22:29Z,2026-07-25T11:25:37Z,yes,ANCHOR: PDF held or cited directly by the theory
10.1029/1999rg000073,The quasi‐biennial oscillation,The quasi‐biennial oscillation,1.000,Mark Baldwin; Lesley J. Gray; Timothy J. Dunkerton; Kevin Hamilton,2001,Reviews of Geophysics,journal-article,core,yes,IDENTIFIER-ONLY,,2226,https://onlinelibrary.wiley.com/doi/pdfdirect/10.1029/1999RG000073,Q2,Rossby wave dispersion,planetary waves rotating sphere phase speed,2026-07-25T10:56:57Z,2026-07-25T11:24:12Z,no,no strong domain term in title
10.1029/97jc01444,Progress during TOGA in understanding and modeling global teleconnections associated with tropical sea surface temperatures,Progress during TOGA in understanding and modeling global teleconnections associated with tropical sea surface temperatures,1.000,Kevin E. Trenberth; Grant Branstator; David J. Karoly; Arun Kumar,1998,Journal of Geophysical Research Atmospheres,journal-article,core,yes,IDENTIFIER-ONLY,,1778,https://onlinelibrary.wiley.com/doi/pdfdirect/10.1029/97JC01444,Q2,Rossby wave dispersion,nondivergent barotropic Rossby wave westward propagation,2026-07-25T10:56:57Z,2026-07-25T11:24:13Z,yes,DOMAIN: title 'teleconnection' in venue 'journal of geophysical research'
10.1109/access.2020.2970143,"Digital Twin: Values, Challenges and Enablers From a Modeling Perspective","Digital Twin: Values, Challenges and Enablers From a Modeling Perspective",1.000,Adil Rasheed; Omer San; Trond Kvamsdal,2020,IEEE Access,journal-article,core,yes,IDENTIFIER-ONLY,,1757,https://ieeexplore.ieee.org/ielx7/6287639/8948470/08972429.pdf,Q9,Galewsky jet and forward citations,initial value problem testing numerical models global shallow water,2026-07-25T10:56:57Z,2026-07-25T11:25:31Z,no,off-domain term: digital twin
10.1029/2011rg000373,"A review of global terrestrial evapotranspiration: Observation, modeling, climatology, and climatic variability","A review of global terrestrial evapotranspiration: Observation, modeling, climatology, and climatic variability",1.000,Kaicun Wang; Robert E. Dickinson,2012,Reviews of Geophysics,journal-article,core,yes,IDENTIFIER-ONLY,,1540,https://onlinelibrary.wiley.com/doi/pdfdirect/10.1029/2011RG000373,Q9,Galewsky jet and forward citations,initial value problem testing numerical models global shallow water,2026-07-25T10:56:57Z,2026-07-25T11:25:31Z,no,off-domain term: evapotranspiration
10.1007/s00382-011-1259-y,The CNRM-CM5.1 global climate model: description and basic evaluation,The CNRM-CM5.1 global climate model: description and basic evaluation,1.000,Aurore Voldoire; Emilia Sánchez-Gómez; D. Salas y Mélia; Bertrand Decharme,2012,Climate Dynamics,journal-article,core,yes,IDENTIFIER-ONLY,,1398,https://link.springer.com/content/pdf/10.1007/s00382-011-1259-y.pdf,Q9,Galewsky jet and forward citations,initial value problem testing numerical models global shallow water,2026-07-25T10:56:57Z,2026-07-25T11:25:32Z,yes,DOMAIN: title 'climate model' in venue 'climate dynamics'
10.4319/lo.1997.42.5_part_2.1105,Macroalgal blooms in shallow estuaries: Controls and ecophysiological and ecosystem consequences,Macroalgal blooms in shallow estuaries: Controls and ecophysiological and ecosystem consequences,1.000,Iván Valiela; J. W. McClelland; Jennifer Hauxwell; P. J. Behr,1997,Limnology and Oceanography,journal-article,core,yes,IDENTIFIER-ONLY,,1335,https://onlinelibrary.wiley.com/doi/pdfdirect/10.4319/lo.1997.42.5_part_2.1105,Q9,Galewsky jet and forward citations,initial value problem testing numerical models global shallow water,2026-07-25T10:56:57Z,2026-07-25T11:25:31Z,no,off-domain term: macroalgal
10.12942/lrr-2005-12,Analogue Gravity,Analogue Gravity,1.000,Carlos Barceló; Stefano Liberati; Matt Visser,2005,Living Reviews in Relativity,journal-article,core,yes,IDENTIFIER-ONLY,,1164,https://link.springer.com/content/pdf/10.12942/lrr-2005-12.pdf,Q5,linear stability EVP for jets,linear stability eigenvalue problem barotropic jet sphere,2026-07-25T10:56:57Z,2026-07-25T11:24:52Z,no,off-domain term: analogue gravity
10.1175/jcli3473.1,Circumglobal Teleconnection in the Northern Hemisphere Summer*,Circumglobal Teleconnection in the Northern Hemisphere Summer*,1.000,Qinghua Ding; Bin Wang,2005,Journal of Climate,journal-article,core,yes,IDENTIFIER-ONLY,,1147,https://journals.ametsoc.org/downloadpdf/journals/clim/18/17/jcli3473.1.pdf,Q6,counter-propagating Rossby waves,Rossby edge wave phase locking instability,2026-07-25T10:56:57Z,2026-07-25T11:25:03Z,yes,DOMAIN: title 'teleconnection' in venue 'journal of climate'
10.5194/gmd-12-1909-2019,The Met Office Unified Model Global Atmosphere 7.0/7.1 and JULES Global Land 7.0 configurations,The Met Office Unified Model Global Atmosphere 7.0/7.1 and JULES Global Land 7.0 configurations,1.000,David Walters; Anthony J. Baran; Ian Boutle; M. E. Brooks,2019,Geoscientific model development,journal-article,core,yes,IDENTIFIER-ONLY,,1124,https://gmd.copernicus.org/articles/12/1909/2019/gmd-12-1909-2019.pdf,Q9,Galewsky jet and forward citations,initial value problem testing numerical models global shallow water,2026-07-25T10:56:57Z,2026-07-25T11:25:32Z,yes,DOMAIN: title 'atmospher' in venue 'geoscientific model development'
10.1017/s0022112075001504,Waves and turbulence on a beta-plane,Waves and turbulence on a beta-plane,1.000,Peter B. Rhines,1975,Journal of Fluid Mechanics,journal-article,core,yes,READ,rhines_1975_waves_and_turbulence_beta_plane.pdf,925,,A1,anchor: held PDF or theory-cited reference,direct DOI lookup (anchor): 10.1017/s0022112075001504,2026-07-25T11:22:29Z,2026-07-25T11:25:37Z,yes,ANCHOR: PDF held or cited directly by the theory
10.1186/gb-2011-12-3-218,The transient receptor potential family of ion channels,The transient receptor potential family of ion channels,1.000,Bernd Nilius; Grzegorz Owsianik,2011,Genome biology,journal-article,core,yes,IDENTIFIER-ONLY,,913,https://genomebiology.biomedcentral.com/counter/pdf/10.1186/gb-2011-12-3-218,Q5,linear stability EVP for jets,non-normal transient growth shear flow,2026-07-25T10:56:57Z,2026-07-25T11:24:51Z,no,off-domain term: ion channel
10.1175/jcli-d-12-00236.1,The Mean Climate of the Community Atmosphere Model (CAM4) in Forced SST and Fully Coupled Experiments,The Mean Climate of the Community Atmosphere Model (CAM4) in Forced SST and Fully Coupled Experiments,1.000,Richard Neale; Jadwiga H. Richter; Sungsu Park; P. H. Lauritzen,2013,Journal of Climate,journal-article,core,yes,IDENTIFIER-ONLY,,853,https://journals.ametsoc.org/downloadpdf/journals/clim/26/14/jcli-d-12-00236.1.pdf,Q3,Hough modes / Laplace tidal equations,free oscillations rotating atmosphere spherical,2026-07-25T10:56:57Z,2026-07-25T11:24:25Z,yes,DOMAIN: title 'atmospher' in venue 'journal of climate'
10.1175/2007jpo3792.1,Parameterization of Mixed Layer Eddies. Part I: Theory and Diagnosis,Parameterization of Mixed Layer Eddies. Part I: Theory and Diagnosis,1.000,Baylor Fox‐Kemper; Raffaele Ferrari; Robert Hallberg,2008,Journal of Physical Oceanography,journal-article,core,yes,IDENTIFIER-ONLY,,813,https://journals.ametsoc.org/downloadpdf/journals/phoc/38/6/2007jpo3792.1.pdf,Q6,counter-propagating Rossby waves,critical layer instability baroclinic flow,2026-07-25T10:56:57Z,2026-07-25T11:25:03Z,no,no strong domain term in title
10.1002/jmri.23632,4D flow MRI,4D flow MRI,1.000,Michael Markl; Alex Frydrychowicz; Sebastian Kozerke; Mike Hope,2012,Journal of Magnetic Resonance Imaging,journal-article,core,yes,IDENTIFIER-ONLY,,770,https://onlinelibrary.wiley.com/doi/pdfdirect/10.1002/jmri.23632,Q5,linear stability EVP for jets,non-normal transient growth shear flow,2026-07-25T10:56:57Z,2026-07-25T11:24:52Z,no,off-domain term: \bmri\b
10.1140/epje/i2012-12058-1,New perspectives in turbulent Rayleigh-Bénard convection,New perspectives in turbulent Rayleigh-Bénard convection,1.000,Francesca Chillà; Jörg Schumacher,2012,The European Physical Journal E,journal-article,core,yes,IDENTIFIER-ONLY,,748,https://link.springer.com/content/pdf/10.1140/epje/i2012-12058-1.pdf,Q6,counter-propagating Rossby waves,Bretherton potential vorticity sheet boundary,2026-07-25T10:56:57Z,2026-07-25T11:25:04Z,no,off-domain term: rayleigh-b[eé]nard
10.1175/jpo3101.1,Mixed Layer Instabilities and Restratification,Mixed Layer Instabilities and Restratification,1.000,Giulio Boccaletti; Raffaele Ferrari; Baylor Fox‐Kemper,2007,Journal of Physical Oceanography,journal-article,core,yes,IDENTIFIER-ONLY,,687,https://journals.ametsoc.org/downloadpdf/journals/phoc/37/9/jpo3101.1.pdf,Q6,counter-propagating Rossby waves,critical layer instability baroclinic flow,2026-07-25T10:56:57Z,2026-07-25T11:25:05Z,yes,DOMAIN: title 'instabilit' in venue 'journal of physical oceanography'
10.12942/lrr-2013-1,Foundations of Black Hole Accretion Disk Theory,Foundations of Black Hole Accretion Disk Theory,1.000,Marek A. Abramowicz; P. Chris Fragile,2013,Living Reviews in Relativity,journal-article,core,yes,IDENTIFIER-ONLY,,652,https://link.springer.com/content/pdf/10.12942/lrr-2013-1.pdf,Q5,linear stability EVP for jets,linear stability eigenvalue problem barotropic jet sphere,2026-07-25T10:56:57Z,2026-07-25T11:24:53Z,no,off-domain term: black hole
10.1175/1520-0493(2001)129<2249:eovwso>2.0.co;2,Effects of Vertical Wind Shear on the Intensity and Structure of Numerically Simulated Hurricanes,Effects of Vertical Wind Shear on the Intensity and Structure of Numerically Simulated Hurricanes,1.000,William M. Frank; Elizabeth A. Ritchie,2001,Monthly Weather Review,journal-article,core,yes,IDENTIFIER-ONLY,,644,https://journals.ametsoc.org/downloadpdf/journals/mwre/129/9/1520-0493_2001_129_2249_eovwso_2.0.co_2.pdf,Q4,barotropic instability Rayleigh-Kuo,necessary condition instability barotropic shear flow,2026-07-25T10:56:57Z,2026-07-25T11:24:39Z,yes,DOMAIN: title 'hurricane' in venue 'monthly weather review'
10.1175/2008jcli2557.1,The University of Washington Shallow Convection and Moist Turbulence Schemes and Their Impact on Climate Simulations with the Community Atmosphere Model,The University of Washington Shallow Convection and Moist Turbulence Schemes and Their Impact on Climate Simulations with the Community Atmosphere Model,1.000,Sungsu Park; Christopher S. Bretherton,2008,Journal of Climate,journal-article,core,yes,IDENTIFIER-ONLY,,636,https://journals.ametsoc.org/downloadpdf/journals/clim/22/12/2008jcli2557.1.pdf,Q9,Galewsky jet and forward citations,initial value problem testing numerical models global shallow water,2026-07-25T10:56:57Z,2026-07-25T11:25:32Z,yes,DOMAIN: title 'turbulence' in venue 'journal of climate'
10.1146/annurev.astro.38.1.717,Millisecond Oscillations in X-Ray Binaries,Millisecond Oscillations in X-Ray Binaries,1.000,M. van der Klis,2000,Annual Review of Astronomy and Astrophysics,journal-article,core,yes,IDENTIFIER-ONLY,,602,https://arxiv.org/pdf/astro-ph/0001167,Q3,Hough modes / Laplace tidal equations,free oscillations rotating atmosphere spherical,2026-07-25T10:56:57Z,2026-07-25T11:24:24Z,no,off-domain term: x-ray binaries
10.12942/lrr-2011-3,Analogue Gravity,Analogue Gravity,1.000,Carlos Barceló; Stefano Liberati; Matt Visser,2011,Living Reviews in Relativity,journal-article,core,yes,IDENTIFIER-ONLY,,593,https://link.springer.com/content/pdf/10.12942/lrr-2011-3.pdf,Q3,Hough modes / Laplace tidal equations,Lamb parameter shallow water sphere eigenfrequencies,2026-07-25T10:56:57Z,2026-07-25T11:24:25Z,no,off-domain term: analogue gravity
10.1175/2008jcli2527.1,Why the Western Pacific Subtropical High Has Extended Westward since the Late 1970s,Why the Western Pacific Subtropical High Has Extended Westward since the Late 1970s,1.000,Tianjun Zhou; Rucong Yu; Jie Zhang; Helge Drange,2008,Journal of Climate,journal-article,core,yes,IDENTIFIER-ONLY,,568,https://journals.ametsoc.org/downloadpdf/journals/clim/22/8/2008jcli2527.1.pdf,Q2,Rossby wave dispersion,nondivergent barotropic Rossby wave westward propagation,2026-07-25T10:56:57Z,2026-07-25T11:24:13Z,no,no strong domain term in title
10.1098/rsta.1968.0003,The Eigenfunctions of Laplace's Tidal Equations over a Sphere,The Eigenfunctions of Laplace's Tidal Equations over a Sphere,1.000,M. S. Longuet-Higgins,1968,"Philosophical Transactions of the Royal Society A: Mathematical, Physical and Engineering Sciences",journal-article,core,yes,IDENTIFIER-ONLY,,561,,A1,anchor: held PDF or theory-cited reference,direct DOI lookup (anchor): 10.1098/rsta.1968.0003,2026-07-25T11:22:29Z,2026-07-25T11:25:38Z,yes,ANCHOR: PDF held or cited directly by the theory
10.1175/jcli3570.1,A New Perspective on Southern Hemisphere Storm Tracks,A New Perspective on Southern Hemisphere Storm Tracks,1.000,Brian J. Hoskins; Kevin I. Hodges,2005,Journal of Climate,journal-article,core,yes,IDENTIFIER-ONLY,,539,https://journals.ametsoc.org/downloadpdf/journals/clim/18/20/jcli3570.1.pdf,Q5,linear stability EVP for jets,normal mode instability zonal flow spherical harmonics growth rate,2026-07-25T10:56:57Z,2026-07-25T11:24:53Z,yes,DOMAIN: title 'storm track' in venue 'journal of climate'
10.1175/1520-0493(2001)129<3413:omommc>2.0.co;2,Organizational Modes of Midlatitude Mesoscale Convective Systems,Organizational Modes of Midlatitude Mesoscale Convective Systems,1.000,Matthew D. Parker; Richard H. Johnson,2000,Monthly Weather Review,journal-article,core,yes,IDENTIFIER-ONLY,,535,https://journals.ametsoc.org/downloadpdf/journals/mwre/128/10/1520-0493_2001_129_3413_omommc_2.0.co_2.pdf,Q5,linear stability EVP for jets,barotropic instability normal mode spectrum numerical,2026-07-25T10:56:57Z,2026-07-25T11:24:53Z,no,no strong domain term in title
10.1175/1520-0434(2003)018<1052:tetotc>2.0.co;2,"The Extratropical Transition of Tropical Cyclones: Forecast Challenges, Current Understanding, and Future Directions","The Extratropical Transition of Tropical Cyclones: Forecast Challenges, Current Understanding, and Future Directions",1.000,Sarah C. Jones; Patrick A. Harr; Jim Abraham; Lance F. Bosart,2003,Weather and Forecasting,journal-article,core,yes,IDENTIFIER-ONLY,,518,https://journals.ametsoc.org/downloadpdf/journals/wefo/18/6/1520-0434_2003_018_1052_tetotc_2_0_co_2.pdf,Q6,counter-propagating Rossby waves,potential vorticity thinking isentropic maps,2026-07-25T10:56:57Z,2026-07-25T11:25:05Z,no,on-topic title but venue outside the field: Weather and Forecasting
10.1038/ncomms7268,Dynamics of an initially spherical bubble rising in quiescent liquid,Dynamics of an initially spherical bubble rising in quiescent liquid,1.000,Manoj Kumar Tripathi; Kirti Chandra Sahu; Rama Govindarajan,2015,Nature Communications,journal-article,core,yes,IDENTIFIER-ONLY,,476,https://www.nature.com/articles/ncomms7268.pdf,Q3,Hough modes / Laplace tidal equations,free oscillations rotating atmosphere spherical,2026-07-25T10:56:57Z,2026-07-25T11:24:24Z,no,no strong domain term in title
10.1103/physrevresearch.2.023068,Dedalus: A flexible framework for numerical simulations with spectral methods,Dedalus: A flexible framework for numerical simulations with spectral methods,1.000,Keaton J. Burns; Geoffrey M. Vasil; Jeffrey S. Oishi; Daniel Lecoanet,2020,Physical Review Research,journal-article,core,yes,READ,burns_2020_dedalus.pdf,474,http://link.aps.org/pdf/10.1103/PhysRevResearch.2.023068,Q5,linear stability EVP for jets,barotropic instability normal mode spectrum numerical,2026-07-25T10:56:57Z,2026-07-25T11:24:53Z,yes,ANCHOR: PDF held or cited directly by the theory
10.1175/2007jcli2048.1,The North Pacific Oscillation–West Pacific Teleconnection Pattern: Mature-Phase Structure and Winter Impacts,The North Pacific Oscillation–West Pacific Teleconnection Pattern: Mature-Phase Structure and Winter Impacts,1.000,Megan Linkin; Sumant Nigam,2008,Journal of Climate,journal-article,core,yes,IDENTIFIER-ONLY,,467,https://journals.ametsoc.org/downloadpdf/journals/clim/21/9/2007jcli2048.1.pdf,Q3,Hough modes / Laplace tidal equations,free oscillations rotating atmosphere spherical,2026-07-25T10:56:57Z,2026-07-25T11:24:25Z,yes,DOMAIN: title 'teleconnection' in venue 'journal of climate'
10.1017/s0022112001005420,The cavitation instability induced by the development of a re-entrant jet,The cavitation instability induced by the development of a re-entrant jet,1.000,Mathieu Callenaere; Jean-Pierre Franc; Jean-Marie Michel; Michel Riondet,2001,Journal of Fluid Mechanics,journal-article,core,yes,IDENTIFIER-ONLY,,462,https://hal.science/hal-00212301/document,Q4,barotropic instability Rayleigh-Kuo,necessary condition instability barotropic shear flow,2026-07-25T10:56:57Z,2026-07-25T11:24:39Z,no,off-domain term: cavitation
10.1111/j.1365-246x.1981.tb02690.x,"Body tides on an elliptical, rotating, elastic and oceanless earth","Body tides on an elliptical, rotating, elastic and oceanless earth",1.000,John Wahr,1981,Geophysical Journal of the Royal Astronomical Society,journal-article,core,yes,IDENTIFIER-ONLY,,461,https://academic.oup.com/gji/article-pdf/64/3/677/1780435/64-3-677.pdf,Q3,Hough modes / Laplace tidal equations,free oscillations rotating atmosphere spherical,2026-07-25T10:56:57Z,2026-07-25T11:24:25Z,no,off-domain term: body tides
10.1046/j.1523-1755.1998.06720.x,Shear stress and the endothelium,Shear stress and the endothelium,1.000,Barbara J. Ballermann; Alan Dardik; Eudora Eng; Ailian Liu,1998,Kidney International,journal-article,core,yes,IDENTIFIER-ONLY,,439,,Q5,linear stability EVP for jets,non-normal transient growth shear flow,2026-07-25T10:56:57Z,2026-07-25T11:24:54Z,no,off-domain term: endothelium
10.1002/2012rg000419,Internal gravity waves from atmospheric jets and fronts,Internal gravity waves from atmospheric jets and fronts,1.000,Riwal Plougonven; Fuqing Zhang,2013,Reviews of Geophysics,journal-article,core,yes,IDENTIFIER-ONLY,,429,https://onlinelibrary.wiley.com/doi/pdfdirect/10.1002/2012RG000419,Q2,Rossby wave dispersion,planetary waves rotating sphere phase speed,2026-07-25T10:56:57Z,2026-07-25T11:24:14Z,no,on-topic title but venue outside the field: Reviews of Geophysics
10.1525/elementa.2021.00060,Overview of the MOSAiC expedition: Atmosphere,Overview of the MOSAiC expedition: Atmosphere,1.000,Matthew D. Shupe; Markus Rex; Byron Blomquist; Ola Persson,2022,Elementa Science of the Anthropocene,journal-article,core,yes,IDENTIFIER-ONLY,,422,https://doi.org/10.1525/elementa.2021.00060,Q3,Hough modes / Laplace tidal equations,free oscillations rotating atmosphere spherical,2026-07-25T10:56:57Z,2026-07-25T11:24:25Z,yes,DOMAIN: title 'atmospher' in venue 'science'
10.1175/1520-0469(1999)056<1197:peaeca>2.0.co;2,"Polygonal Eyewalls, Asymmetric Eye Contraction, and Potential Vorticity Mixing in Hurricanes","Polygonal Eyewalls, Asymmetric Eye Contraction, and Potential Vorticity Mixing in Hurricanes",1.000,Wayne H. Schubert; Michael T. Montgomery; Richard K. Taft; Thomas A. Guinn,1999,Journal of the Atmospheric Sciences,journal-article,core,yes,IDENTIFIER-ONLY,,419,https://journals.ametsoc.org/downloadpdf/journals/atsc/56/9/1520-0469_1999_056_1197_peaeca_2.0.co_2.pdf,Q4,barotropic instability Rayleigh-Kuo,Charney Stern theorem potential vorticity gradient,2026-07-25T10:56:57Z,2026-07-25T11:24:39Z,yes,DOMAIN: title 'vortic' in venue 'journal of the atmospheric sciences'
10.1175/1520-0469(2001)058<3312:ezffit>2.0.co;2,Eddy–Zonal Flow Feedback in the Southern Hemisphere,Eddy–Zonal Flow Feedback in the Southern Hemisphere,1.000,David J. Lorenz; Dennis L. Hartmann,2001,Journal of the Atmospheric Sciences,journal-article,core,yes,IDENTIFIER-ONLY,,417,https://journals.ametsoc.org/downloadpdf/journals/atsc/58/21/1520-0469_2001_058_3312_ezffit_2.0.co_2.pdf,Q5,linear stability EVP for jets,normal mode instability zonal flow spherical harmonics growth rate,2026-07-25T10:56:57Z,2026-07-25T11:24:54Z,yes,DOMAIN: title 'zonal' in venue 'journal of the atmospheric sciences'
10.1175/2007jpo3672.1,Mesoscale to Submesoscale Transition in the California Current System. Part II: Frontal Processes,Mesoscale to Submesoscale Transition in the California Current System. Part II: Frontal Processes,1.000,Xavier Capet; James C. McWilliams; M. Jeroen Molemaker; Alexander F. Shchepetkin,2008,Journal of Physical Oceanography,journal-article,core,yes,IDENTIFIER-ONLY,,415,https://journals.ametsoc.org/downloadpdf/journals/phoc/38/1/2007jpo3672.1.pdf,Q4,barotropic instability Rayleigh-Kuo,Charney Stern theorem potential vorticity gradient,2026-07-25T10:56:57Z,2026-07-25T11:24:44Z,no,no strong domain term in title
10.1029/96rg03037,Atmospheric loading and the oceanic “inverted barometer” effect,Atmospheric loading and the oceanic “inverted barometer” effect,1.000,Carl Wunsch; Detlef Stammer,1997,Reviews of Geophysics,journal-article,core,yes,IDENTIFIER-ONLY,,411,https://onlinelibrary.wiley.com/doi/pdfdirect/10.1029/96RG03037,Q2,Rossby wave dispersion,Rossby Haurwitz wave sphere dispersion relation,2026-07-25T10:56:57Z,2026-07-25T11:24:14Z,no,off-domain term: inverted barometer
10.1016/j.dsr2.2013.02.025,Symmetric instability in the Gulf Stream,Symmetric instability in the Gulf Stream,1.000,Leif N. Thomas; John R. Taylor; Raffaele Ferrari; Terrence M. Joyce,2013,Deep Sea Research Part II Topical Studies in Oceanography,journal-article,core,yes,IDENTIFIER-ONLY,,403,,Q6,counter-propagating Rossby waves,critical layer instability baroclinic flow,2026-07-25T10:56:57Z,2026-07-25T11:25:05Z,no,on-topic title but venue outside the field: Deep Sea Research Part II Topical Studie
10.1002/qj.49709239302,Critical layer instability in baroclinic flows,Critical layer instability in baroclinic flows,1.000,F. P. Bretherton,1966,Quarterly Journal of the Royal Meteorological Society,journal-article,core,yes,READ,bretherton_1966_critical_layer_instability.pdf,394,,Q6,counter-propagating Rossby waves,critical layer instability baroclinic flow,2026-07-25T10:56:57Z,2026-07-25T11:25:05Z,yes,ANCHOR: PDF held or cited directly by the theory
10.1029/jc095ic04p05183,Observations of long Rossby waves in the northern tropical Pacific,Observations of long Rossby waves in the northern tropical Pacific,1.000,William S. Kessler,1990,Journal of Geophysical Research Atmospheres,journal-article,core,yes,IDENTIFIER-ONLY,,393,https://repository.library.noaa.gov/view/noaa/9515/noaa_9515_DS1.pdf,Q2,Rossby wave dispersion,planetary waves rotating sphere phase speed,2026-07-25T10:56:57Z,2026-07-25T11:24:14Z,yes,DOMAIN: title 'rossby' in venue 'journal of geophysical research'
10.1175/2009mwr2989.1,Clouds in Tropical Cyclones,Clouds in Tropical Cyclones,1.000,Robert A. Houze,2009,Monthly Weather Review,journal-article,core,yes,IDENTIFIER-ONLY,,392,https://journals.ametsoc.org/downloadpdf/journals/mwre/138/2/2009mwr2989.1.pdf,Q6,counter-propagating Rossby waves,Bretherton potential vorticity sheet boundary,2026-07-25T10:56:57Z,2026-07-25T11:25:06Z,yes,DOMAIN: title 'cyclone' in venue 'monthly weather review'
10.1007/bf01517505,Analysis of time-dependent non-linear stress-growth data for shear and elongational flow of a low-density branched polyethylene melt,Analysis of time-dependent non-linear stress-growth data for shear and elongational flow of a low-density branched polyethylene melt,1.000,Manfred H. Wagner,1976,Rheologica Acta,journal-article,core,yes,IDENTIFIER-ONLY,,388,,Q5,linear stability EVP for jets,non-normal transient growth shear flow,2026-07-25T10:56:57Z,2026-07-25T11:24:54Z,no,no strong domain term in title
10.1175/2008jcli2542.1,The Moist Static Energy Budget of a Composite Tropical Intraseasonal Oscillation in a Climate Model,The Moist Static Energy Budget of a Composite Tropical Intraseasonal Oscillation in a Climate Model,1.000,Eric D. Maloney,2008,Journal of Climate,journal-article,core,yes,IDENTIFIER-ONLY,,377,https://journals.ametsoc.org/downloadpdf/journals/clim/22/3/2008jcli2542.1.pdf,Q3,Hough modes / Laplace tidal equations,free oscillations rotating atmosphere spherical,2026-07-25T10:56:57Z,2026-07-25T11:24:26Z,yes,DOMAIN: title 'climate model' in venue 'journal of climate'
10.1175/jpo2840.1,Dynamics of the Upper Oceanic Layers in Terms of Surface Quasigeostrophy Theory,Dynamics of the Upper Oceanic Layers in Terms of Surface Quasigeostrophy Theory,1.000,Guillaume Lapeyre; Patrice Klein,2006,Journal of Physical Oceanography,journal-article,core,yes,IDENTIFIER-ONLY,,367,https://journals.ametsoc.org/downloadpdf/journals/phoc/36/2/jpo2840.1.pdf,Q6,counter-propagating Rossby waves,Bretherton potential vorticity sheet boundary,2026-07-25T10:56:57Z,2026-07-25T11:25:06Z,yes,DOMAIN: title 'ocean' in venue 'journal of physical oceanography'
10.1175/2008jas2677.1,A Spectral Stochastic Kinetic Energy Backscatter Scheme and Its Impact on Flow-Dependent Predictability in the ECMWF Ensemble Prediction System,A Spectral Stochastic Kinetic Energy Backscatter Scheme and Its Impact on Flow-Dependent Predictability in the ECMWF Ensemble Prediction System,1.000,Judith Berner; G. J. Shutts; Martin Leutbecher; T. N. Palmer,2008,Journal of the Atmospheric Sciences,journal-article,core,yes,IDENTIFIER-ONLY,,359,https://journals.ametsoc.org/downloadpdf/journals/atsc/66/3/2008jas2677.1.pdf,Q5,linear stability EVP for jets,normal mode instability zonal flow spherical harmonics growth rate,2026-07-25T10:56:57Z,2026-07-25T11:24:54Z,no,no strong domain term in title
10.1029/2005jc002945,"Average circulation, seasonal cycle, and mesoscale dynamics of the Peru Current System: A modeling approach","Average circulation, seasonal cycle, and mesoscale dynamics of the Peru Current System: A modeling approach",1.000,Pierrick Penven; Vincent Échevin; José Pasapera; François Colas,2005,Journal of Geophysical Research Atmospheres,journal-article,core,yes,IDENTIFIER-ONLY,,357,https://onlinelibrary.wiley.com/doi/pdfdirect/10.1029/2005JC002945,Q3,Hough modes / Laplace tidal equations,divergent barotropic dispersion deformation radius,2026-07-25T10:56:57Z,2026-07-25T11:24:26Z,no,no strong domain term in title
10.12942/lrsp-2005-1,Large-Scale Dynamics of the Convection Zone and Tachocline,Large-Scale Dynamics of the Convection Zone and Tachocline,1.000,Mark S. Miesch,2005,Living Reviews in Solar Physics,journal-article,core,yes,IDENTIFIER-ONLY,,349,https://link.springer.com/content/pdf/10.12942/lrsp-2005-1.pdf,Q2,Rossby wave dispersion,Rossby Haurwitz wave sphere dispersion relation,2026-07-25T10:56:57Z,2026-07-25T11:24:14Z,no,off-domain term: tachocline
10.1016/j.physd.2020.132838,Rayleigh–Taylor and Richtmyer–Meshkov instabilities: A journey through scales,Rayleigh–Taylor and Richtmyer–Meshkov instabilities: A journey through scales,1.000,Ye Zhou; R. J. R. Williams; Praveen Ramaprabhu; Michael Groom,2021,Physica D Nonlinear Phenomena,journal-article,core,yes,IDENTIFIER-ONLY,,346,https://www.sciencedirect.com/science/article/am/pii/S0167278920308393?via%3Dihub,Q5,linear stability EVP for jets,normal mode instability zonal flow spherical harmonics growth rate,2026-07-25T10:56:57Z,2026-07-25T11:24:56Z,no,on-topic title but venue outside the field: Physica D Nonlinear Phenomena
10.1175/1520-0485(1997)027<1946:tsooat>2.0.co;2,The Speed of Observed and Theoretical Long Extratropical Planetary Waves,The Speed of Observed and Theoretical Long Extratropical Planetary Waves,1.000,Peter D. Killworth; Dudley B. Chelton; Roland A. de Szoeke,1997,Journal of Physical Oceanography,journal-article,core,yes,IDENTIFIER-ONLY,,343,https://journals.ametsoc.org/downloadpdf/journals/phoc/27/9/1520-0485_1997_027_1946_tsooat_2.0.co_2.pdf,Q6,counter-propagating Rossby waves,counter propagating Rossby waves shear instability,2026-07-25T10:56:57Z,2026-07-25T11:25:06Z,yes,DOMAIN: title 'planetary wave' in venue 'journal of physical oceanography'
10.1175/1520-0442(2003)16<1212:effitn>2.0.co;2,Eddy–Zonal Flow Feedback in the Northern Hemisphere Winter,Eddy–Zonal Flow Feedback in the Northern Hemisphere Winter,1.000,David J. Lorenz; Dennis L. Hartmann,2003,Journal of Climate,journal-article,core,yes,IDENTIFIER-ONLY,,336,https://journals.ametsoc.org/downloadpdf/journals/clim/16/8/1520-0442_2003_16_1212_effitn_2.0.co_2.pdf,Q5,linear stability EVP for jets,normal mode instability zonal flow spherical harmonics growth rate,2026-07-25T10:56:57Z,2026-07-25T11:24:55Z,yes,DOMAIN: title 'zonal' in venue 'journal of climate'
10.1175/1520-0469(2001)058<2545:tmjobd>2.0.co;2,"The Madden–Julian Oscillation, Barotropic Dynamics, and North Pacific Tropical Cyclone Formation. Part I: Observations","The Madden–Julian Oscillation, Barotropic Dynamics, and North Pacific Tropical Cyclone Formation. Part I: Observations",1.000,Eric D. Maloney; Dennis L. Hartmann,2001,Journal of the Atmospheric Sciences,journal-article,core,yes,IDENTIFIER-ONLY,,314,https://journals.ametsoc.org/downloadpdf/journals/atsc/58/17/1520-0469_2001_058_2545_tmjobd_2.0.co_2.pdf,Q4,barotropic instability Rayleigh-Kuo,necessary condition instability barotropic shear flow,2026-07-25T10:56:57Z,2026-07-25T11:24:39Z,yes,DOMAIN: title 'barotropic' in venue 'journal of the atmospheric sciences'
10.1051/0004-6361:20030863,Non-spherical core collapse supernovae,Non-spherical core collapse supernovae,1.000,K. Kifonidis; T. Plewa; H. Th. Janka; Edson I. Müller,2003,Astronomy and Astrophysics,journal-article,core,yes,IDENTIFIER-ONLY,,313,https://www.aanda.org/articles/aa/pdf/2003/35/aa3592.pdf,Q3,Hough modes / Laplace tidal equations,free oscillations rotating atmosphere spherical,2026-07-25T10:56:57Z,2026-07-25T11:24:26Z,no,off-domain term: supernova
10.1175/2007jpo3773.1,Upper Ocean Turbulence from High-Resolution 3D Simulations,Upper Ocean Turbulence from High-Resolution 3D Simulations,1.000,Patrice Klein; Bach Lien Hua; Guillaume Lapeyre; Xavier Capet,2008,Journal of Physical Oceanography,journal-article,core,yes,IDENTIFIER-ONLY,,310,https://journals.ametsoc.org/downloadpdf/journals/phoc/38/8/2007jpo3773.1.pdf,Q3,Hough modes / Laplace tidal equations,divergent barotropic dispersion deformation radius,2026-07-25T10:56:57Z,2026-07-25T11:24:30Z,yes,DOMAIN: title 'turbulence' in venue 'journal of physical oceanography'
10.1093/eurheartj/ehr384,From metallic cages to transient bioresorbable scaffolds: change in paradigm of coronary revascularization in the upcoming decade?,From metallic cages to transient bioresorbable scaffolds: change in paradigm of coronary revascularization in the upcoming decade?,1.000,Patrick W. Serruys; Héctor M. García‐García; Y. Onuma,2011,European Heart Journal,journal-article,core,yes,IDENTIFIER-ONLY,,305,https://academic.oup.com/eurheartj/article-pdf/33/1/16/7111550/ehr384.pdf,Q5,linear stability EVP for jets,non-normal transient growth shear flow,2026-07-25T10:56:57Z,2026-07-25T11:24:56Z,no,no strong domain term in title
10.1175/1520-0469(1949)006<0105:diotdn>2.0.co;2,DYNAMIC INSTABILITY OF TWO-DIMENSIONAL NONDIVERGENT FLOW IN A BAROTROPIC ATMOSPHERE,DYNAMIC INSTABILITY OF TWO-DIMENSIONAL NONDIVERGENT FLOW IN A BAROTROPIC ATMOSPHERE,1.000,Hsiao-lan Kuo,1949,Journal of Meteorology,journal-article,core,yes,READ,kuo_1949_dynamic_instability.pdf,295,,A1,anchor: held PDF or theory-cited reference,direct DOI lookup (anchor): 10.1175/1520-0469(1949)006<0105:diotdn>2.0.co;2,2026-07-25T11:22:29Z,2026-07-25T11:25:38Z,yes,ANCHOR: PDF held or cited directly by the theory
10.1146/annurev-fluid-122414-034416,Shear Banding of Complex Fluids,Shear Banding of Complex Fluids,1.000,Thibaut Divoux; Marc A. Fardin; Sebastien Manneville; Sandra Lerouge,2015,Annual Review of Fluid Mechanics,journal-article,core,yes,IDENTIFIER-ONLY,,292,https://www.annualreviews.org/doi/pdf/10.1146/annurev-fluid-122414-034416,Q4,barotropic instability Rayleigh-Kuo,inflection point criterion rotating shear flow,2026-07-25T10:56:57Z,2026-07-25T11:24:41Z,no,off-domain term: shear banding
10.1111/j.1365-246x.2005.02687.x,Localized spectral analysis on the sphere,Localized spectral analysis on the sphere,1.000,M. A. Wieczorek; Frederik J. Simons,2005,Geophysical Journal International,journal-article,core,yes,IDENTIFIER-ONLY,,260,https://academic.oup.com/gji/article-pdf/162/3/655/6040509/162-3-655.pdf,Q2,Rossby wave dispersion,planetary waves rotating sphere phase speed,2026-07-25T10:56:57Z,2026-07-25T11:24:14Z,no,on-topic title but venue outside the field: Geophysical Journal International
10.1175/1520-0469(2004)061<0003:anlatp>2.0.co;2,A New Look at the Problem of Tropical Cyclones in Vertical Shear Flow: Vortex Resiliency,A New Look at the Problem of Tropical Cyclones in Vertical Shear Flow: Vortex Resiliency,1.000,Paul D. Reasor; Michael T. Montgomery; Lewis D. Grasso,2004,Journal of the Atmospheric Sciences,journal-article,core,yes,IDENTIFIER-ONLY,,260,https://journals.ametsoc.org/downloadpdf/journals/atsc/61/1/1520-0469_2004_061_0003_anlatp_2.0.co_2.pdf,Q3,Hough modes / Laplace tidal equations,divergent barotropic dispersion deformation radius,2026-07-25T10:56:57Z,2026-07-25T11:24:26Z,yes,DOMAIN: title 'cyclone' in venue 'journal of the atmospheric sciences'
10.12942/lrr-2000-5,Initial Data for Numerical Relativity,Initial Data for Numerical Relativity,1.000,Gregory B. Cook,2000,Living Reviews in Relativity,journal-article,core,yes,IDENTIFIER-ONLY,,244,https://link.springer.com/content/pdf/10.12942/lrr-2000-5.pdf,Q3,Hough modes / Laplace tidal equations,Laplace tidal equations Hough functions sphere,2026-07-25T10:56:57Z,2026-07-25T11:24:27Z,no,no strong domain term in title
10.1146/annurev-fluid-042320-100458,"Layering, Instabilities, and Mixing in Turbulent Stratified Flows","Layering, Instabilities, and Mixing in Turbulent Stratified Flows",1.000,C. P. Caulfield,2020,Annual Review of Fluid Mechanics,journal-article,core,yes,IDENTIFIER-ONLY,,240,https://www.annualreviews.org/doi/pdf/10.1146/annurev-fluid-042320-100458,Q4,barotropic instability Rayleigh-Kuo,inflection point criterion rotating shear flow,2026-07-25T10:56:57Z,2026-07-25T11:24:41Z,yes,DOMAIN: title 'instabilit' in venue 'annual review of fluid'
10.1175/1520-0469(2002)059<1213:vrwian>2.0.co;2,"Vortex Rossby Waves in a Numerically Simulated Tropical Cyclone. Part I: Overall Structure, Potential Vorticity, and Kinetic Energy Budgets*","Vortex Rossby Waves in a Numerically Simulated Tropical Cyclone. Part I: Overall Structure, Potential Vorticity, and Kinetic Energy Budgets*",1.000,Yuqing Wang,2002,Journal of the Atmospheric Sciences,journal-article,core,yes,IDENTIFIER-ONLY,,239,https://journals.ametsoc.org/downloadpdf/journals/atsc/59/7/1520-0469_2002_059_1213_vrwian_2.0.co_2.pdf,Q3,Hough modes / Laplace tidal equations,divergent barotropic dispersion deformation radius,2026-07-25T10:56:57Z,2026-07-25T11:24:27Z,yes,DOMAIN: title 'rossby' in venue 'journal of the atmospheric sciences'
10.1051/0004-6361/201219824,Dynamics of pebbles in the vicinity of a growing planetary embryo: hydro-dynamical simulations,Dynamics of pebbles in the vicinity of a growing planetary embryo: hydro-dynamical simulations,1.000,Alessandro Morbidelli; David Nesvorný,2012,Astronomy and Astrophysics,journal-article,core,yes,IDENTIFIER-ONLY,,236,https://www.aanda.org/articles/aa/pdf/2012/10/aa19824-12.pdf,Q2,Rossby wave dispersion,planetary waves rotating sphere phase speed,2026-07-25T10:56:57Z,2026-07-25T11:24:15Z,no,no strong domain term in title
10.1063/1.868682,Transition in shear flows. Nonlinear normality versus non-normal linearity,Transition in shear flows. Nonlinear normality versus non-normal linearity,1.000,Fabian Waleffe,1995,Physics of Fluids,journal-article,core,yes,IDENTIFIER-ONLY,,227,,Q5,linear stability EVP for jets,non-normal transient growth shear flow,2026-07-25T10:56:57Z,2026-07-25T11:24:55Z,no,no strong domain term in title
10.1175/1520-0493(1967)095<0441:pwobp>2.3.co;2,PLANETARY WAVES ON BETA-PLANES,PLANETARY WAVES ON BETA-PLANES,1.000,RICHARD D. LINDZEN,1967,Monthly Weather Review,journal-article,core,yes,IDENTIFIER-ONLY,,226,https://journals.ametsoc.org/downloadpdf/journals/mwre/95/7/1520-0493_1967_095_0441_pwobp_2_3_co_2.pdf,Q2,Rossby wave dispersion,Rossby Haurwitz wave sphere dispersion relation,2026-07-25T10:56:57Z,2026-07-25T11:24:15Z,yes,DOMAIN: title 'beta[- ]plane' in venue 'monthly weather review'
10.1029/95jc01674,Dynamics of the Kuroshio/Oyashio current system using eddy‐resolving models of the North Pacific Ocean,Dynamics of the Kuroshio/Oyashio current system using eddy‐resolving models of the North Pacific Ocean,1.000,Harley E. Hurlburt; Alan J. Wallcraft; William J. Schmitz; Patrick Hogan,1996,Journal of Geophysical Research Atmospheres,journal-article,core,yes,IDENTIFIER-ONLY,,225,,Q6,counter-propagating Rossby waves,critical layer instability baroclinic flow,2026-07-25T10:56:57Z,2026-07-25T11:25:06Z,yes,DOMAIN: title 'ocean' in venue 'journal of geophysical research'
10.1175/1520-0469(2002)059<1239:vrwian>2.0.co;2,Vortex Rossby Waves in a Numerically Simulated Tropical Cyclone. Part II: The Role in Tropical Cyclone Structure and Intensity Changes*,Vortex Rossby Waves in a Numerically Simulated Tropical Cyclone. Part II: The Role in Tropical Cyclone Structure and Intensity Changes*,1.000,Yuqing Wang,2002,Journal of the Atmospheric Sciences,journal-article,core,yes,IDENTIFIER-ONLY,,222,https://journals.ametsoc.org/downloadpdf/journals/atsc/59/7/1520-0469_2002_059_1239_vrwian_2.0.co_2.pdf,Q6,counter-propagating Rossby waves,Rossby edge wave phase locking instability,2026-07-25T10:56:57Z,2026-07-25T11:25:06Z,yes,DOMAIN: title 'rossby' in venue 'journal of the atmospheric sciences'
10.3402/tellusa.v56i5.14436,An initial-value problem for testing numerical models of the global shallow-water equations,An initial-value problem for testing numerical models of the global                         shallow-water equations,1.000,Joseph Galewsky; R. K. Scott; Lorenzo M. Polvani,2004,Tellus A Dynamic Meteorology and Oceanography,journal-article,core,yes,READ,galewsky_2004_initial_value_problem.pdf,209,https://www.tandfonline.com/doi/pdf/10.3402/tellusa.v56i5.14436?needAccess=true,Q9,Galewsky jet and forward citations,initial value problem testing numerical models global shallow water,2026-07-25T10:56:57Z,2026-07-25T11:25:32Z,yes,ANCHOR: PDF held or cited directly by the theory
10.1088/1741-4326/abf99f,The JOREK non-linear extended MHD code and applications to large-scale instabilities and their control in magnetically confined fusion plasmas,The JOREK non-linear extended MHD code and applications to large-scale instabilities and their control in magnetically confined fusion plasmas,1.000,M. Hoelzl; G.T.A. Huijsmans; S.J.P. Pamela; M. Bécoulet,2021,Nuclear Fusion,journal-article,core,yes,IDENTIFIER-ONLY,,208,https://iopscience.iop.org/article/10.1088/1741-4326/abf99f/pdf,Q5,linear stability EVP for jets,normal mode instability zonal flow spherical harmonics growth rate,2026-07-25T10:56:57Z,2026-07-25T11:24:56Z,no,on-topic title but venue outside the field: Nuclear Fusion
10.1175/jpo2770.1,Baroclinic Instability and Loss of Balance,Baroclinic Instability and Loss of Balance,1.000,M. Jeroen Molemaker; James C. McWilliams; Irad Yavneh,2005,Journal of Physical Oceanography,journal-article,core,yes,IDENTIFIER-ONLY,,206,https://journals.ametsoc.org/downloadpdf/journals/phoc/35/9/jpo2770.1.pdf,Q5,linear stability EVP for jets,barotropic instability normal mode spectrum numerical,2026-07-25T10:56:57Z,2026-07-25T11:24:56Z,yes,DOMAIN: title 'baroclinic' in venue 'journal of physical oceanography'
10.1175/jpo-d-11-048.1,A Framework for Parameterizing Eddy Potential Vorticity Fluxes,A Framework for Parameterizing Eddy Potential Vorticity Fluxes,1.000,David P. Marshall; James R. Maddison; Pavel Berloff,2011,Journal of Physical Oceanography,journal-article,core,yes,IDENTIFIER-ONLY,,198,https://journals.ametsoc.org/downloadpdf/journals/phoc/42/4/jpo-d-11-048.1.pdf,Q4,barotropic instability Rayleigh-Kuo,Charney Stern theorem potential vorticity gradient,2026-07-25T10:56:57Z,2026-07-25T11:24:40Z,yes,DOMAIN: title 'vortic' in venue 'journal of physical oceanography'
10.1175/1520-0485(1993)023<1346:gomfaj>2.0.co;2,Generation of Mean Flows and Jets on a Beta Plane and over Topography,Generation of Mean Flows and Jets on a Beta Plane and over Topography,1.000,Geoffrey K. Vallis; Matthew E. Maltrud,1993,Journal of Physical Oceanography,journal-article,core,yes,READ,vallis_1993_generation_of_mean_flows_and_jets.pdf,198,,A1,anchor: held PDF or theory-cited reference,direct DOI lookup (anchor): 10.1175/1520-0485(1993)023<1346:gomfaj>2.0.co;2,2026-07-25T11:22:29Z,2026-07-25T11:25:38Z,yes,ANCHOR: PDF held or cited directly by the theory
10.1002/2015rg000487,Review of wave‐turbulence interactions in the stable atmospheric boundary layer,Review of wave‐turbulence interactions in the stable atmospheric boundary layer,1.000,Jielun Sun; Carmen J. Nappo; L. Mahrt; Danijel Belušić,2015,Reviews of Geophysics,journal-article,core,yes,IDENTIFIER-ONLY,,195,https://digitalcommons.usf.edu/msc_facpub/1497,Q6,counter-propagating Rossby waves,Bretherton potential vorticity sheet boundary,2026-07-25T10:56:57Z,2026-07-25T11:25:07Z,no,on-topic title but venue outside the field: Reviews of Geophysics
10.1017/s0022112087002209,"An exact local conservation theorem for finite-amplitude disturbances to non-parallel shear flows, with remarks on Hamiltonian structure and on Arnol'd's stability theorems","An exact local conservation theorem for finite-amplitude disturbances to non-parallel shear flows, with remarks on Hamiltonian structure and on Arnol'd's stability theorems",1.000,M. E. McIntyre; Theodore G. Shepherd,1987,Journal of Fluid Mechanics,journal-article,core,yes,IDENTIFIER-ONLY,,189,https://centaur.reading.ac.uk/32993/1/S0022112087002209a.pdf,Q4,barotropic instability Rayleigh-Kuo,inflection point criterion rotating shear flow,2026-07-25T10:56:57Z,2026-07-25T11:24:41Z,yes,DOMAIN: title 'stabilit' in venue 'journal of fluid mechanics'
10.1051/0004-6361/202038553,The New Generation Planetary Population Synthesis (NGPPS),The New Generation Planetary Population Synthesis (NGPPS),1.000,Alexandre Emsenhuber; C. Mordasini; Remo Burn; Y. Alibert,2021,Astronomy and Astrophysics,journal-article,core,yes,IDENTIFIER-ONLY,,187,https://www.aanda.org/articles/aa/pdf/2021/12/aa38553-20.pdf,Q2,Rossby wave dispersion,planetary waves rotating sphere phase speed,2026-07-25T10:56:57Z,2026-07-25T11:24:15Z,no,no strong domain term in title
10.1063/1.3068760,A note on optimal transient growth in turbulent channel flows,A note on optimal transient growth in turbulent channel flows,1.000,Grégory Pujals; Manuel García‐Villalba; Carlo Cossu; Sebastien Depardon,2009,Physics of Fluids,journal-article,core,yes,IDENTIFIER-ONLY,,187,https://pubs.aip.org/aip/pof/article-pdf/doi/10.1063/1.3068760/14018709/015109_1_online.pdf,Q5,linear stability EVP for jets,non-normal transient growth shear flow,2026-07-25T10:56:57Z,2026-07-25T11:24:56Z,no,no strong domain term in title
10.1029/95jc00305,Tropical instability wave kinematics: Observations from the Tropical Instability Wave Experiment,Tropical instability wave kinematics: Observations from the Tropical Instability Wave Experiment,1.000,Lin Qiao; Robert H. Weisberg,1995,Journal of Geophysical Research Atmospheres,journal-article,core,yes,IDENTIFIER-ONLY,,183,https://digitalcommons.usf.edu/context/msc_facpub/article/1072/viewcontent/Tropical_Instability_Wave_Kinematics_Observations_from_the_Tropical_Instability_Wave.pdf,Q4,barotropic instability Rayleigh-Kuo,necessary condition instability barotropic shear flow,2026-07-25T10:56:57Z,2026-07-25T11:24:41Z,yes,DOMAIN: title 'instabilit' in venue 'journal of geophysical research'
10.1111/j.1365-246x.1974.tb04099.x,"The Scalar Equations of Infinitesimal Elastic-Gravitational Motion for a Rotating, Slightly Elliptical Earth","The Scalar Equations of Infinitesimal Elastic-Gravitational Motion for a Rotating, Slightly Elliptical Earth",1.000,Melvyn Smith,1974,Geophysical Journal International,journal-article,core,yes,IDENTIFIER-ONLY,,182,https://academic.oup.com/gji/article-pdf/37/3/491/2042692/37-3-491.pdf,Q3,Hough modes / Laplace tidal equations,free oscillations rotating atmosphere spherical,2026-07-25T10:56:57Z,2026-07-25T11:24:27Z,no,no strong domain term in title
10.1088/0004-637x/700/1/887,ATMOSPHERIC CIRCULATION OF HOT JUPITERS: A SHALLOW THREE-DIMENSIONAL MODEL,ATMOSPHERIC CIRCULATION OF HOT JUPITERS: A SHALLOW THREE-DIMENSIONAL MODEL,1.000,Kristen Menou; Emily Rauscher,2009,The Astrophysical Journal,journal-article,core,yes,IDENTIFIER-ONLY,,182,https://iopscience.iop.org/article/10.1088/0004-637X/700/1/887/pdf,Q4,barotropic instability Rayleigh-Kuo,barotropic instability zonal jet Rayleigh Kuo criterion,2026-07-25T10:56:57Z,2026-07-25T11:24:42Z,yes,DOMAIN: title 'atmospher' in venue 'astrophysical journal'
10.1029/2019gl086577,September 2019 Antarctic Sudden Stratospheric Warming: Quasi‐6‐Day Wave Burst and Ionospheric Effects,September 2019 Antarctic Sudden Stratospheric Warming: Quasi‐6‐Day Wave Burst and Ionospheric Effects,1.000,Yosuke Yamazaki; Vivien Matthias; Yasunobu Miyoshi; Claudia Stolle,2020,Geophysical Research Letters,journal-article,core,yes,IDENTIFIER-ONLY,,180,https://onlinelibrary.wiley.com/doi/pdfdirect/10.1029/2019GL086577,Q3,Hough modes / Laplace tidal equations,normal modes ultralong waves atmosphere,2026-07-25T10:56:57Z,2026-07-25T11:24:27Z,yes,DOMAIN: title 'stratospher' in venue 'geophysical research letters'
10.5194/gmd-8-3497-2015,Construction of the SILAM Eulerian atmospheric dispersion model based on the advection algorithm of Michael Galperin,Construction of the SILAM Eulerian atmospheric dispersion model based on the advection algorithm of Michael Galperin,1.000,Mikhail Sofiev; Julius Vira; Rostislav Kouznetsov; Marje Prank,2015,Geoscientific model development,journal-article,core,yes,IDENTIFIER-ONLY,,180,https://www.geosci-model-dev.net/8/3497/2015/gmd-8-3497-2015.pdf,Q3,Hough modes / Laplace tidal equations,divergent barotropic dispersion deformation radius,2026-07-25T10:56:57Z,2026-07-25T11:24:28Z,yes,DOMAIN: title 'atmospher' in venue 'geoscientific model development'
10.1175/1520-0469(2000)057<3366:tcevpv>2.0.co;2,Tropical Cyclone Evolution via Potential Vorticity Anomalies in a Three-Dimensional Balance Model,Tropical Cyclone Evolution via Potential Vorticity Anomalies in a Three-Dimensional Balance Model,1.000,J. Dominique Möller; Michael T. Montgomery,2000,Journal of the Atmospheric Sciences,journal-article,core,yes,IDENTIFIER-ONLY,,176,https://journals.ametsoc.org/downloadpdf/journals/atsc/57/20/1520-0469_2000_057_3366_tcevpv_2.0.co_2.pdf,Q4,barotropic instability Rayleigh-Kuo,Charney Stern theorem potential vorticity gradient,2026-07-25T10:56:57Z,2026-07-25T11:24:42Z,yes,DOMAIN: title 'vortic' in venue 'journal of the atmospheric sciences'
10.1175/1520-0493(1997)125<2699:pvewae>2.0.co;2,"Potential Vorticity, Easterly Waves, and Eastern Pacific Tropical Cyclogenesis","Potential Vorticity, Easterly Waves, and Eastern Pacific Tropical Cyclogenesis",1.000,John Molinari; David J. Knight; Michael Dickinson; David Vollaro,1997,Monthly Weather Review,journal-article,core,yes,IDENTIFIER-ONLY,,175,https://journals.ametsoc.org/downloadpdf/journals/mwre/125/10/1520-0493_1997_125_2699_pvewae_2.0.co_2.pdf,Q4,barotropic instability Rayleigh-Kuo,Charney Stern theorem potential vorticity gradient,2026-07-25T10:56:57Z,2026-07-25T11:24:42Z,yes,DOMAIN: title 'vortic' in venue 'monthly weather review'
10.1088/0264-9381/33/13/135009,Slowly decaying waves on spherically symmetric spacetimes and ultracompact neutron stars,Slowly decaying waves on spherically symmetric spacetimes and ultracompact neutron stars,1.000,Joseph Keir,2016,Classical and Quantum Gravity,journal-article,core,yes,IDENTIFIER-ONLY,,175,https://iopscience.iop.org/article/10.1088/0264-9381/33/13/135009/pdf,Q4,barotropic instability Rayleigh-Kuo,barotropic instability sphere spherical geometry,2026-07-25T10:56:57Z,2026-07-25T11:24:42Z,no,no strong domain term in title
10.1007/s10546-016-0157-6,Spatial Characteristics of Roughness Sublayer Mean Flow and Turbulence Over a Realistic Urban Surface,Spatial Characteristics of Roughness Sublayer Mean Flow and Turbulence Over a Realistic Urban Surface,1.000,Marco G. Giometto; Andreas Christen; C. Meneveau; Jiannong Fang,2016,Boundary-Layer Meteorology,journal-article,core,yes,IDENTIFIER-ONLY,,175,https://link.springer.com/content/pdf/10.1007/s10546-016-0157-6.pdf,Q4,barotropic instability Rayleigh-Kuo,inflection point criterion rotating shear flow,2026-07-25T10:56:57Z,2026-07-25T11:24:42Z,no,on-topic title but venue outside the field: Boundary-Layer Meteorology
10.1175/1520-0493(1976)104<0669:nmouwi>2.0.co;2,Normal Modes of Ultralong Waves in the Atmosphere,Normal Modes of Ultralong Waves in the Atmosphere,1.000,Akira Kasahara,1976,Monthly Weather Review,journal-article,core,yes,READ,kasahara_1976_normal_modes_ultralong_waves.pdf,168,https://journals.ametsoc.org/downloadpdf/journals/mwre/104/6/1520-0493_1976_104_0669_nmouwi_2_0_co_2.pdf,Q3,Hough modes / Laplace tidal equations,normal modes ultralong waves atmosphere,2026-07-25T10:56:57Z,2026-07-25T11:24:28Z,yes,ANCHOR: PDF held or cited directly by the theory
10.1175/1520-0493(2000)128<1899:apvtda>2.0.co;2,A Potential Vorticity Tendency Diagnostic Approach for Tropical Cyclone Motion*,A Potential Vorticity Tendency Diagnostic Approach for Tropical Cyclone Motion*,1.000,Liguang Wu; Bin Wang,2000,Monthly Weather Review,journal-article,core,yes,IDENTIFIER-ONLY,,168,https://journals.ametsoc.org/downloadpdf/journals/mwre/128/6/1520-0493_2000_128_1899_apvtda_2.0.co_2.pdf,Q6,counter-propagating Rossby waves,potential vorticity thinking isentropic maps,2026-07-25T10:56:57Z,2026-07-25T11:25:07Z,yes,DOMAIN: title 'vortic' in venue 'monthly weather review'
10.2151/jmsj1965.60.1_109,Three Dimensional Propagation of Planetary Waves,Three Dimensional Propagation of Planetary Waves,1.000,David J. Karoly; Brian J. Hoskins,1982,Journal of the Meteorological Society of Japan Ser II,journal-article,core,yes,IDENTIFIER-ONLY,,163,https://www.jstage.jst.go.jp/article/jmsj1965/60/1/60_1_109/_pdf,Q2,Rossby wave dispersion,planetary waves rotating sphere phase speed,2026-07-25T10:56:57Z,2026-07-25T11:24:15Z,yes,DOMAIN: title 'planetary wave' in venue 'journal of the meteorological society of japan'
10.1017/s0022112007005496,"Optimal growth, model reduction and control in a separated boundary-layer flow using global eigenmodes","Optimal growth, model reduction and control in a separated boundary-layer flow using global eigenmodes",1.000,Espen Åkervik; Jérôme Hœpffner; Uwe Ehrenstein; Dan S. Henningson,2007,Journal of Fluid Mechanics,journal-article,core,yes,IDENTIFIER-ONLY,,159,,Q5,linear stability EVP for jets,non-normal transient growth shear flow,2026-07-25T10:56:57Z,2026-07-25T11:24:57Z,yes,DOMAIN: title 'eigen' in venue 'journal of fluid mechanics'
10.1175/1520-0493(2000)128<2044:adawad>2.0.co;2,A Dynamically Adapting Weather and Dispersion Model: The Operational Multiscale Environment Model with Grid Adaptivity (OMEGA),A Dynamically Adapting Weather and Dispersion Model: The Operational Multiscale Environment Model with Grid Adaptivity (OMEGA),1.000,David Bacon; Nashat N. Ahmad; Zafer Boybeyi; Thomas J. Dunn,2000,Monthly Weather Review,journal-article,core,yes,IDENTIFIER-ONLY,,157,https://journals.ametsoc.org/downloadpdf/journals/mwre/128/7/1520-0493_2000_128_2044_adawad_2.0.co_2.pdf,Q3,Hough modes / Laplace tidal equations,divergent barotropic dispersion deformation radius,2026-07-25T10:56:57Z,2026-07-25T11:24:28Z,no,no strong domain term in title
10.1175/1520-0493(1998)126<2555:utmtdm>2.0.co;2,Using Tropopause Maps to Diagnose Midlatitude Weather Systems,Using Tropopause Maps to Diagnose Midlatitude Weather Systems,1.000,Michael C. Morgan; John W. Nielsen‐Gammon,1998,Monthly Weather Review,journal-article,core,yes,IDENTIFIER-ONLY,,156,https://journals.ametsoc.org/downloadpdf/journals/mwre/126/10/1520-0493_1998_126_2555_utmtdm_2.0.co_2.pdf,Q6,counter-propagating Rossby waves,potential vorticity thinking isentropic maps,2026-07-25T10:56:57Z,2026-07-25T11:25:07Z,no,no strong domain term in title
10.1175/1520-0469(1990)047<0293:pswatc>2.0.co;2,Planetary-Scale Waves and the Cyclic Nature of Cloud Top Dynamics on Venus,Planetary-Scale Waves and the Cyclic Nature of Cloud Top Dynamics on Venus,1.000,Anthony D. Del Genio; William B. Rossow,1990,Journal of the Atmospheric Sciences,journal-article,core,yes,IDENTIFIER-ONLY,,155,http://journals.ametsoc.org/doi/pdf/10.1175/1520-0469%281990%29047%3C0293%3APSWATC%3E2.0.CO%3B2,Q6,counter-propagating Rossby waves,Rossby edge wave phase locking instability,2026-07-25T10:56:57Z,2026-07-25T11:25:07Z,no,no strong domain term in title
10.1175/1520-0469(1998)055<0321:oorwlt>2.0.co;2,Observations of Rossby Waves Linked to Convection over the Eastern Tropical Pacific,Observations of Rossby Waves Linked to Convection over the Eastern Tropical Pacific,1.000,George N. Kiladis,1998,Journal of the Atmospheric Sciences,journal-article,core,yes,IDENTIFIER-ONLY,,154,,Q2,Rossby wave dispersion,nondivergent barotropic Rossby wave westward propagation,2026-07-25T10:56:57Z,2026-07-25T11:24:15Z,yes,DOMAIN: title 'rossby' in venue 'journal of the atmospheric sciences'
10.1175/1520-0485(2004)034<1515:smitef>2.0.co;2,Seasonal Modulations in the Eddy Field of the South Pacific Ocean,Seasonal Modulations in the Eddy Field of the South Pacific Ocean,1.000,Bo Qiu; Shuiming Chen,2004,Journal of Physical Oceanography,journal-article,core,yes,IDENTIFIER-ONLY,,153,https://journals.ametsoc.org/downloadpdf/journals/phoc/34/7/1520-0485_2004_034_1515_smitef_2.0.co_2.pdf,Q3,Hough modes / Laplace tidal equations,divergent barotropic dispersion deformation radius,2026-07-25T10:56:57Z,2026-07-25T11:24:28Z,yes,DOMAIN: title 'ocean' in venue 'journal of physical oceanography'
10.1175/jas4016.1,Structure and Spacing of Jets in Barotropic Turbulence,Structure and Spacing of Jets in Barotropic Turbulence,1.000,Brian F. Farrell; Petros J. Ioannou,2007,Journal of the Atmospheric Sciences,journal-article,core,yes,IDENTIFIER-ONLY,,152,https://journals.ametsoc.org/downloadpdf/journals/atsc/64/10/jas4016.1.pdf,Q4,barotropic instability Rayleigh-Kuo,necessary condition instability barotropic shear flow,2026-07-25T10:56:57Z,2026-07-25T11:24:43Z,yes,DOMAIN: title 'barotropic' in venue 'journal of the atmospheric sciences'
10.1175/2008jcli2303.1,A Simple Atmospheric Model of the Local and Teleconnection Responses to Tropical Heating Anomalies,A Simple Atmospheric Model of the Local and Teleconnection Responses to Tropical Heating Anomalies,1.000,Sang‐Ki Lee; Chunzai Wang; Brian Mapes,2008,Journal of Climate,journal-article,core,yes,IDENTIFIER-ONLY,,150,https://journals.ametsoc.org/downloadpdf/journals/clim/22/2/2008jcli2303.1.pdf,Q3,Hough modes / Laplace tidal equations,divergent barotropic dispersion deformation radius,2026-07-25T10:56:57Z,2026-07-25T11:24:29Z,yes,DOMAIN: title 'teleconnection' in venue 'journal of climate'
10.1175/1520-0469(2003)060<1809:tnioba>2.0.co;2,The Nonlinear Interaction of Barotropic and Equatorial Baroclinic Rossby Waves,The Nonlinear Interaction of Barotropic and Equatorial Baroclinic Rossby Waves,1.000,Andrew J. Majda; Joseph A. Biello,2003,Journal of the Atmospheric Sciences,journal-article,core,yes,IDENTIFIER-ONLY,,148,https://journals.ametsoc.org/downloadpdf/journals/atsc/60/15/1520-0469_2003_060_1809_tnioba_2.0.co_2.pdf,Q4,barotropic instability Rayleigh-Kuo,necessary condition instability barotropic shear flow,2026-07-25T10:56:57Z,2026-07-25T11:24:43Z,yes,DOMAIN: title 'rossby' in venue 'journal of the atmospheric sciences'
10.1175/1520-0493(1972)100<0683:aeopsm>2.3.co;2,"An Efficient, One-Level, Primitive-Equation Spectral Model","An Efficient, One-Level, Primitive-Equation Spectral Model",1.000,William Bourke,1972,Monthly Weather Review,journal-article,core,yes,IDENTIFIER-ONLY,,142,https://journals.ametsoc.org/downloadpdf/journals/mwre/100/9/1520-0493_1972_100_0683_aeopsm_2_3_co_2.pdf,Q2,Rossby wave dispersion,barotropic vorticity equation spherical harmonics normal modes,2026-07-25T10:56:57Z,2026-07-25T11:24:16Z,no,no strong domain term in title
10.1142/1625,Numerical Methods for Partial Differential Equations,Numerical Methods for Partial Differential Equations,1.000,,1992,,proceedings,core,yes,IDENTIFIER-ONLY,,140,,Q5,linear stability EVP for jets,stability Rossby Haurwitz wave,2026-07-25T10:56:57Z,2026-07-25T11:24:57Z,no,no strong domain term in title
10.3390/fluids2010007,Surface Quasi-Geostrophy,Surface Quasi-Geostrophy,1.000,Guillaume Lapeyre,2017,Fluids,journal-article,core,yes,IDENTIFIER-ONLY,,139,https://www.mdpi.com/2311-5521/2/1/7/pdf?version=1487253748,Q6,counter-propagating Rossby waves,Bretherton potential vorticity sheet boundary,2026-07-25T10:56:57Z,2026-07-25T11:25:08Z,no,no strong domain term in title
10.1175/1520-0469(2003)060<2101:ssotj>2.0.co;2,Structural Stability of Turbulent Jets,Structural Stability of Turbulent Jets,1.000,Brian F. Farrell; Petros J. Ioannou,2003,Journal of the Atmospheric Sciences,journal-article,core,yes,IDENTIFIER-ONLY,,138,https://journals.ametsoc.org/downloadpdf/journals/atsc/60/17/1520-0469_2003_060_2101_ssotj_2.0.co_2.pdf,Q5,linear stability EVP for jets,linear stability eigenvalue problem barotropic jet sphere,2026-07-25T10:56:57Z,2026-07-25T11:24:57Z,yes,DOMAIN: title '\bjets\b' in venue 'journal of the atmospheric sciences'
10.1175/jas3438.1,Low-Order Stochastic Mode Reduction for a Realistic Barotropic Model Climate,Low-Order Stochastic Mode Reduction for a Realistic Barotropic Model Climate,1.000,Christian L. E. Franzke; Andrew J. Majda; Eric Vanden‐Eijnden,2005,Journal of the Atmospheric Sciences,journal-article,core,yes,IDENTIFIER-ONLY,,138,https://journals.ametsoc.org/downloadpdf/journals/atsc/62/6/jas3438.1.pdf,Q5,linear stability EVP for jets,linear stability eigenvalue problem barotropic jet sphere,2026-07-25T10:56:57Z,2026-07-25T11:24:57Z,yes,DOMAIN: title 'barotropic' in venue 'journal of the atmospheric sciences'
10.1175/1520-0493(2000)128<2471:mtagcu>2.0.co;2,Modeling the Atmospheric General Circulation Using a Spherical Geodesic Grid: A New Class of Dynamical Cores,Modeling the Atmospheric General Circulation Using a Spherical Geodesic Grid: A New Class of Dynamical Cores,1.000,Todd D. Ringler; Ross Heikes; David A. Randall,2000,Monthly Weather Review,journal-article,core,yes,IDENTIFIER-ONLY,,127,https://journals.ametsoc.org/downloadpdf/journals/mwre/128/7/1520-0493_2000_128_2471_mtagcu_2.0.co_2.pdf,Q2,Rossby wave dispersion,barotropic vorticity equation spherical harmonics normal modes,2026-07-25T10:56:57Z,2026-07-25T11:24:17Z,yes,DOMAIN: title 'dynamical core' in venue 'monthly weather review'
10.1051/0004-6361:200400065,A hydrodynamic shear instability in stratified disks,A hydrodynamic shear instability in stratified disks,1.000,B. Dubrulle; L. Marié; Ch. Normand; Denis Richard,2004,Astronomy and Astrophysics,journal-article,core,yes,IDENTIFIER-ONLY,,126,https://www.aanda.org/articles/aa/pdf/2005/01/aa3345.pdf,Q4,barotropic instability Rayleigh-Kuo,necessary condition instability barotropic shear flow,2026-07-25T10:56:57Z,2026-07-25T11:24:47Z,no,on-topic title but venue outside the field: Astronomy and Astrophysics
10.1111/j.1600-0870.2007.00264.x,Interdecadal changes in southern hemisphere winter storm track modes,Interdecadal changes in southern hemisphere winter storm track modes,1.000,Jorgen S. Frederiksen; Carsten S. Frederiksen,2007,Tellus A Dynamic Meteorology and Oceanography,journal-article,core,yes,IDENTIFIER-ONLY,,123,https://storage.googleapis.com/jnl-su-j-tadmo-files/journals/1/articles/894/submission/proof/894-1-40617-1-10-20220829.pdf,Q5,linear stability EVP for jets,normal mode instability zonal flow spherical harmonics growth rate,2026-07-25T10:56:57Z,2026-07-25T11:24:58Z,yes,DOMAIN: title 'storm track' in venue 'tellus'
10.1175/1520-0469(1999)056<1674:vrwahi>2.0.co;2,Vortex Rossby Waves and Hurricane Intensification in a Barotropic Model,Vortex Rossby Waves and Hurricane Intensification in a Barotropic Model,1.000,J. Dominique Möller; Michael T. Montgomery,1999,Journal of the Atmospheric Sciences,journal-article,core,yes,IDENTIFIER-ONLY,,122,https://journals.ametsoc.org/downloadpdf/journals/atsc/56/11/1520-0469_1999_056_1674_vrwahi_2.0.co_2.pdf,Q5,linear stability EVP for jets,barotropic instability normal mode spectrum numerical,2026-07-25T10:56:57Z,2026-07-25T11:24:58Z,yes,DOMAIN: title 'rossby' in venue 'journal of the atmospheric sciences'
10.1175/jpo-2669.1,Transformed Eulerian-Mean Theory. Part I: Nonquasigeostrophic Theory for Eddies on a Zonal-Mean Flow,Transformed Eulerian-Mean Theory. Part I: Nonquasigeostrophic Theory for Eddies on a Zonal-Mean Flow,1.000,R. Alan Plumb; Raffaele Ferrari,2005,Journal of Physical Oceanography,journal-article,core,yes,IDENTIFIER-ONLY,,121,https://journals.ametsoc.org/downloadpdf/journals/phoc/35/2/jpo-2669.1.pdf,Q6,counter-propagating Rossby waves,Bretherton potential vorticity sheet boundary,2026-07-25T10:56:57Z,2026-07-25T11:25:07Z,yes,DOMAIN: title 'zonal' in venue 'journal of physical oceanography'
10.1175/1520-0469(2000)057<1214:pvioah>2.0.co;2,Potential Vorticity Inversion on a Hemisphere,Potential Vorticity Inversion on a Hemisphere,1.000,M. E. McIntyre; W. A. Norton,2000,Journal of the Atmospheric Sciences,journal-article,core,yes,IDENTIFIER-ONLY,,120,https://journals.ametsoc.org/downloadpdf/journals/atsc/57/9/1520-0469_2000_057_1214_pvioah_2.0.co_2.pdf,Q2,Rossby wave dispersion,barotropic vorticity equation spherical harmonics normal modes,2026-07-25T10:56:57Z,2026-07-25T11:24:18Z,yes,DOMAIN: title 'vortic' in venue 'journal of the atmospheric sciences'
10.1175/jas4003.1,Forced-Dissipative Shallow-Water Turbulence on the Sphere and the Atmospheric Circulation of the Giant Planets,Forced-Dissipative Shallow-Water Turbulence on the Sphere and the Atmospheric Circulation of the Giant Planets,1.000,R. K. Scott; Lorenzo M. Polvani,2007,Journal of the Atmospheric Sciences,journal-article,core,yes,IDENTIFIER-ONLY,,119,https://journals.ametsoc.org/downloadpdf/journals/atsc/64/9/jas4003.1.pdf,Q2,Rossby wave dispersion,Rossby Haurwitz wave sphere dispersion relation,2026-07-25T10:56:57Z,2026-07-25T11:24:16Z,yes,DOMAIN: title 'shallow[- ]water' in venue 'journal of the atmospheric sciences'
10.1016/j.icarus.2006.10.023,Turbulent convection in rapidly rotating spherical shells: A model for equatorial and high latitude jets on Jupiter and Saturn,Turbulent convection in rapidly rotating spherical shells: A model for equatorial and high latitude jets on Jupiter and Saturn,1.000,Moritz Heimpel; J. M. Aurnou,2006,Icarus,journal-article,core,yes,IDENTIFIER-ONLY,,119,https://escholarship.org/content/qt4dw436f1/qt4dw436f1.pdf?t=rhivge,Q4,barotropic instability Rayleigh-Kuo,barotropic instability sphere spherical geometry,2026-07-25T10:56:57Z,2026-07-25T11:24:43Z,yes,DOMAIN: title '\bjets\b' in venue 'icarus'
10.1175/jas4036.1,On the Lagrangian Dynamics of Atmospheric Zonal Jets and the Permeability of the Stratospheric Polar Vortex,On the Lagrangian Dynamics of Atmospheric Zonal Jets and the Permeability of the Stratospheric Polar Vortex,1.000,Irina I. Rypina; Michael G. Brown; F. J. Beron‐Vera; Hüseyin Koçak,2007,Journal of the Atmospheric Sciences,journal-article,core,yes,IDENTIFIER-ONLY,,116,https://journals.ametsoc.org/downloadpdf/journals/atsc/64/10/jas4036.1.pdf,Q4,barotropic instability Rayleigh-Kuo,barotropic instability zonal jet Rayleigh Kuo criterion,2026-07-25T10:56:57Z,2026-07-25T11:24:44Z,yes,DOMAIN: title '\bjets\b' in venue 'journal of the atmospheric sciences'
10.1175/jpo2878.1,Estimating Open-Ocean Barotropic Tidal Dissipation: The Hawaiian Ridge,Estimating Open-Ocean Barotropic Tidal Dissipation: The Hawaiian Ridge,1.000,Edward D. Zaron; G. D. Egbert,2006,Journal of Physical Oceanography,journal-article,core,yes,IDENTIFIER-ONLY,,112,https://journals.ametsoc.org/downloadpdf/journals/phoc/36/6/jpo2878.1.pdf,Q5,linear stability EVP for jets,barotropic instability normal mode spectrum numerical,2026-07-25T10:56:57Z,2026-07-25T11:24:58Z,yes,DOMAIN: title 'barotropic' in venue 'journal of physical oceanography'
10.3390/galaxies10010034,Stochastic Gravitational-Wave Backgrounds: Current Detection Efforts and Future Prospects,Stochastic Gravitational-Wave Backgrounds: Current Detection Efforts and Future Prospects,1.000,A. Renzini; B. Goncharov; A. C. Jenkins; P. M. Meyers,2022,Galaxies,journal-article,core,yes,IDENTIFIER-ONLY,,111,https://www.mdpi.com/2075-4434/10/1/34/pdf?version=1645498639,Q3,Hough modes / Laplace tidal equations,normal modes ultralong waves atmosphere,2026-07-25T10:56:57Z,2026-07-25T11:24:30Z,no,no strong domain term in title
10.1002/qj.49709942213,Stability of the Rossby‐Haurwitz wave,Stability of the Rossby‐Haurwitz wave,1.000,Brian J. Hoskins,1973,Quarterly Journal of the Royal Meteorological Society,journal-article,core,yes,IDENTIFIER-ONLY,,110,,Q5,linear stability EVP for jets,stability Rossby Haurwitz wave,2026-07-25T10:56:57Z,2026-07-25T11:24:58Z,yes,DOMAIN: title 'rossby' in venue 'quarterly journal of the royal meteorological society'
10.1006/jcph.1995.1125,Spectral Transform Solutions to the Shallow Water Test Set,Spectral Transform Solutions to the Shallow Water Test Set,1.000,Ruediger Jakob-Chien; James J. Hack; David L. Williamson,1995,Journal of Computational Physics,journal-article,core,yes,READ,jakobchien_1995_spectral_transform_solutions.pdf,109,,A1,anchor: held PDF or theory-cited reference,direct DOI lookup (anchor): 10.1006/jcph.1995.1125,2026-07-25T11:22:29Z,2026-07-25T11:25:37Z,yes,ANCHOR: PDF held or cited directly by the theory
10.1063/1.1589011,Instability mechanisms in swirling flows,Instability mechanisms in swirling flows,1.000,François Gallaire; Jean‐Marc Chomaz,2003,Physics of Fluids,journal-article,core,yes,IDENTIFIER-ONLY,,108,https://aip.scitation.org/doi/pdf/10.1063/1.1589011,Q4,barotropic instability Rayleigh-Kuo,necessary condition instability barotropic shear flow,2026-07-25T10:56:57Z,2026-07-25T11:24:44Z,yes,DOMAIN: title 'instabilit' in venue 'physics of fluids'
10.1175/1520-0485(1999)029<0893:biaowf>2.0.co;2,Baroclinic Instability: An Oceanic Wavemaker for Interdecadal Variability,Baroclinic Instability: An Oceanic Wavemaker for Interdecadal Variability,1.000,Alain Colin de Verdière; Thierry Huck,1999,Journal of Physical Oceanography,journal-article,core,yes,IDENTIFIER-ONLY,,108,https://journals.ametsoc.org/downloadpdf/journals/phoc/29/5/1520-0485_1999_029_0893_biaowf_2.0.co_2.pdf,Q6,counter-propagating Rossby waves,critical layer instability baroclinic flow,2026-07-25T10:56:57Z,2026-07-25T11:25:08Z,yes,DOMAIN: title 'baroclinic' in venue 'journal of physical oceanography'
10.1017/jfm.2015.22,Flow control over an airfoil using virtual Gurney flaps,Flow control over an airfoil using virtual Gurney flaps,1.000,Li-Hao Feng; Kwing-So Choi; Jin-Jun Wang,2015,Journal of Fluid Mechanics,journal-article,core,yes,IDENTIFIER-ONLY,,107,https://www.cambridge.org/core/services/aop-cambridge-core/content/view/58ACA07994A52056DD24236D8CAC392B/S0022112015000221a.pdf/div-class-title-flow-control-over-an-airfoil-using-virtual-gurney-flaps-div.pdf,Q4,barotropic instability Rayleigh-Kuo,inflection point criterion rotating shear flow,2026-07-25T10:56:57Z,2026-07-25T11:24:44Z,no,no strong domain term in title
10.1029/2000gl012474,Strong zonal winds from thermal convection in a rotating spherical shell,Strong zonal winds from thermal convection in a rotating spherical shell,1.000,J. M. Aurnou; Peter Olson,2001,Geophysical Research Letters,journal-article,core,yes,IDENTIFIER-ONLY,,106,https://onlinelibrary.wiley.com/doi/pdfdirect/10.1029/2000GL012474,Q3,Hough modes / Laplace tidal equations,free oscillations rotating atmosphere spherical,2026-07-25T10:56:57Z,2026-07-25T11:24:29Z,yes,DOMAIN: title 'zonal' in venue 'geophysical research letters'
10.1175/jas3692.1,Tropical Cyclogenesis Associated with Rossby Wave Energy Dispersion of a Preexisting Typhoon. Part I: Satellite Data Analyses*,Tropical Cyclogenesis Associated with Rossby Wave Energy Dispersion of a Preexisting Typhoon. Part I: Satellite Data Analyses*,1.000,Tim Li; Bing Fu,2006,Journal of the Atmospheric Sciences,journal-article,core,yes,IDENTIFIER-ONLY,,104,https://journals.ametsoc.org/downloadpdf/journals/atsc/63/5/jas3692.1.pdf,Q2,Rossby wave dispersion,nondivergent barotropic Rossby wave westward propagation,2026-07-25T10:56:57Z,2026-07-25T11:24:17Z,yes,DOMAIN: title 'rossby' in venue 'journal of the atmospheric sciences'
10.1175/1520-0469(1998)055<2632:pvaotc>2.0.co;2,Potential Vorticity Analysis of Tropical Cyclone Intensification,Potential Vorticity Analysis of Tropical Cyclone Intensification,1.000,John Molinari; Steven Skubis; David Vollaro; Frank Alsheimer,1998,Journal of the Atmospheric Sciences,journal-article,core,yes,IDENTIFIER-ONLY,,103,https://journals.ametsoc.org/downloadpdf/journals/atsc/55/16/1520-0469_1998_055_2632_pvaotc_2.0.co_2.pdf,Q6,counter-propagating Rossby waves,potential vorticity thinking isentropic maps,2026-07-25T10:56:57Z,2026-07-25T11:25:08Z,yes,DOMAIN: title 'vortic' in venue 'journal of the atmospheric sciences'
10.1146/annurev-fluid-010518-040516,Atmospheric Circulation of Tide-Locked Exoplanets,Atmospheric Circulation of Tide-Locked Exoplanets,1.000,Raymond T. Pierrehumbert; Mark Hammond,2018,Annual Review of Fluid Mechanics,journal-article,core,yes,IDENTIFIER-ONLY,,103,https://www.annualreviews.org/doi/pdf/10.1146/annurev-fluid-010518-040516,Q6,counter-propagating Rossby waves,Rossby edge wave phase locking instability,2026-07-25T10:56:57Z,2026-07-25T11:25:08Z,yes,DOMAIN: title 'atmospher' in venue 'annual review of fluid'
10.1175/1520-0469(2001)058<3893:uibahs>2.0.co;2,Unstable Interactions between a Hurricane’s Primary Eyewall and a Secondary Ring of Enhanced Vorticity,Unstable Interactions between a Hurricane’s Primary Eyewall and a Secondary Ring of Enhanced Vorticity,1.000,James P. Kossin; Wayne H. Schubert; Michael T. Montgomery,2000,Journal of the Atmospheric Sciences,journal-article,core,yes,IDENTIFIER-ONLY,,102,https://journals.ametsoc.org/downloadpdf/journals/atsc/57/24/1520-0469_2001_058_3893_uibahs_2.0.co_2.pdf,Q4,barotropic instability Rayleigh-Kuo,Charney Stern theorem potential vorticity gradient,2026-07-25T10:56:57Z,2026-07-25T11:24:45Z,yes,DOMAIN: title 'vortic' in venue 'journal of the atmospheric sciences'
10.1051/0004-6361/201015568,The baroclinic instability in the context of layered accretion,The baroclinic instability in the context of layered accretion,1.000,Wladimir Lyra; Hubert Klahr,2011,Astronomy and Astrophysics,journal-article,core,yes,IDENTIFIER-ONLY,,101,https://www.aanda.org/articles/aa/pdf/2011/03/aa15568-10.pdf,Q6,counter-propagating Rossby waves,critical layer instability baroclinic flow,2026-07-25T10:56:57Z,2026-07-25T11:25:09Z,no,on-topic title but venue outside the field: Astronomy and Astrophysics
10.1007/s11214-021-00790-2,Rossby Waves in Astrophysics,Rossby Waves in Astrophysics,1.000,T. V. Zaqarashvili; M. Albekioni; J. L. Ballester; Yuto Bekki,2021,Space Science Reviews,journal-article,core,yes,IDENTIFIER-ONLY,,100,https://link.springer.com/content/pdf/10.1007/s11214-021-00790-2.pdf,Q2,Rossby wave dispersion,Rossby Haurwitz wave sphere dispersion relation,2026-07-25T10:56:57Z,2026-07-25T11:24:17Z,yes,DOMAIN: title 'rossby' in venue 'science'
10.1051/0004-6361/201014000,Rossby wave instability and three-dimensional vortices in accretion disks,Rossby wave instability and three-dimensional vortices in accretion disks,1.000,H. Meheut; F. Casse; P. Varniere; M. Tagger,2010,Astronomy and Astrophysics,journal-article,core,yes,IDENTIFIER-ONLY,,100,https://www.aanda.org/articles/aa/pdf/2010/08/aa14000-10.pdf,Q6,counter-propagating Rossby waves,counter propagating Rossby waves shear instability,2026-07-25T10:56:57Z,2026-07-25T11:25:09Z,no,on-topic title but venue outside the field: Astronomy and Astrophysics
10.1175/1520-0493(1972)100<0836:croefe>2.3.co;2,Cumulative Results of Extended Forecast Experiments I. Model Performance for Winter Cases,Cumulative Results of Extended Forecast Experiments I. Model Performance for Winter Cases,1.000,K. Miyakoda; G. D. Hembree; R. F. Strickler; Igor Shulman,1972,Monthly Weather Review,journal-article,core,yes,IDENTIFIER-ONLY,,99,https://journals.ametsoc.org/downloadpdf/journals/mwre/100/12/1520-0493_1972_100_0836_croefe_2_3_co_2.pdf,T1,TARGET Kasahara 1976,Kasahara normal modes of ultralong waves in the atmosphere,2026-07-25T10:56:57Z,2026-07-25T11:25:34Z,no,no strong domain term in title
10.1103/physrevlett.72.1188,Variance maintained by stochastic forcing of non-normal dynamical systems associated with linearly stable shear flows,Variance maintained by stochastic forcing of non-normal dynamical systems associated with linearly stable shear flows,1.000,Brian F. Farrell; Petros J. Ioannou,1994,Physical Review Letters,journal-article,core,yes,IDENTIFIER-ONLY,,95,,Q5,linear stability EVP for jets,non-normal transient growth shear flow,2026-07-25T10:56:57Z,2026-07-25T11:24:58Z,no,no strong domain term in title
10.1029/2002jd003349,The 6.5‐day wave in the mesosphere and lower thermosphere: Evidence for baroclinic/barotropic instability,The 6.5‐day wave in the mesosphere and lower thermosphere: Evidence for baroclinic/barotropic instability,1.000,R. S. Lieberman; D. M. Riggin; S. J. Franke; A. H. Manson,2003,Journal of Geophysical Research Atmospheres,journal-article,core,yes,IDENTIFIER-ONLY,,94,https://onlinelibrary.wiley.com/doi/pdfdirect/10.1029/2002JD003349,Q2,Rossby wave dispersion,barotropic vorticity equation spherical harmonics normal modes,2026-07-25T10:56:57Z,2026-07-25T11:24:21Z,yes,DOMAIN: title 'barotropic' in venue 'journal of geophysical research'
10.1175/2007jas2510.1,Statistics of an Unstable Barotropic Jet from a Cumulant Expansion,Statistics of an Unstable Barotropic Jet from a Cumulant Expansion,1.000,J. B. Marston; E. Conover; Tapio Schneider,2008,Journal of the Atmospheric Sciences,journal-article,core,yes,IDENTIFIER-ONLY,,93,https://journals.ametsoc.org/downloadpdf/journals/atsc/65/6/2007jas2510.1.pdf,Q4,barotropic instability Rayleigh-Kuo,necessary condition instability barotropic shear flow,2026-07-25T10:56:57Z,2026-07-25T11:24:45Z,yes,DOMAIN: title 'barotropic' in venue 'journal of the atmospheric sciences'
10.1175/1520-0469(1991)048<1493:pvmoti>2.0.co;2,Potential Vorticity Modeling of the ITCZ and the Hadley Circulation,Potential Vorticity Modeling of the ITCZ and the Hadley Circulation,1.000,Wayne H. Schubert; Paul E. Ciesielski; Duane E. Stevens; Hung‐Chi Kuo,1991,Journal of the Atmospheric Sciences,journal-article,core,yes,IDENTIFIER-ONLY,,92,https://journals.ametsoc.org/downloadpdf/journals/atsc/48/12/1520-0469_1991_048_1493_pvmoti_2_0_co_2.pdf,Q4,barotropic instability Rayleigh-Kuo,Charney Stern theorem potential vorticity gradient,2026-07-25T10:56:57Z,2026-07-25T11:24:45Z,yes,DOMAIN: title 'vortic' in venue 'journal of the atmospheric sciences'
10.1175/2008jas2653.1,Quasigeostrophic Turbulence with Explicit Surface Dynamics: Application to the Atmospheric Energy Spectrum,Quasigeostrophic Turbulence with Explicit Surface Dynamics: Application to the Atmospheric Energy Spectrum,1.000,Ross Tulloch; K. Shafer Smith,2008,Journal of the Atmospheric Sciences,journal-article,core,yes,IDENTIFIER-ONLY,,91,https://journals.ametsoc.org/downloadpdf/journals/atsc/66/2/2008jas2653.1.pdf,Q6,counter-propagating Rossby waves,Bretherton potential vorticity sheet boundary,2026-07-25T10:56:57Z,2026-07-25T11:25:09Z,yes,DOMAIN: title 'geostrophic' in venue 'journal of the atmospheric sciences'
10.1122/1.549863,Studies on the Transient Shear Flow Behavior of Liquid Crystalline Polymers,Studies on the Transient Shear Flow Behavior of Liquid Crystalline Polymers,1.000,G. G. Viola; Donald G. Baird,1986,Journal of Rheology,journal-article,core,yes,IDENTIFIER-ONLY,,90,https://pubs.aip.org/sor/jor/article-pdf/30/3/601/12281046/601_1_online.pdf,Q5,linear stability EVP for jets,non-normal transient growth shear flow,2026-07-25T10:56:57Z,2026-07-25T11:24:59Z,no,no strong domain term in title
10.1017/s0022112004002873,On the generation mechanisms of short-scale unbalanced modes in rotating two-layer flows with vertical shear,On the generation mechanisms of short-scale unbalanced modes in rotating two-layer flows with vertical shear,1.000,Paul D. Williams; Thomas W. N. Haine; P. L. Read,2005,Journal of Fluid Mechanics,journal-article,core,yes,IDENTIFIER-ONLY,,90,https://www.cambridge.org/core/services/aop-cambridge-core/content/view/01BCF414C4D874D05F60DB271698E114/S0022112004002873a.pdf/div-class-title-on-the-generation-mechanisms-of-short-scale-unbalanced-modes-in-rotating-two-layer-flows-with-vertical-shear-div.pdf,Q6,counter-propagating Rossby waves,critical layer instability baroclinic flow,2026-07-25T10:56:57Z,2026-07-25T11:25:09Z,no,no strong domain term in title
10.1175/1520-0469(2001)058<1035:rwizom>2.0.co;2,Rossby Waves in Zonally Opposing Mean Flow: Behavior in Northwest Pacific Summer Monsoon,Rossby Waves in Zonally Opposing Mean Flow: Behavior in Northwest Pacific Summer Monsoon,1.000,Hung‐Chi Kuo; Jen–Her Chen; R. T. Williams; C-P. Chang,2001,Journal of the Atmospheric Sciences,journal-article,core,yes,IDENTIFIER-ONLY,,89,https://journals.ametsoc.org/downloadpdf/journals/atsc/58/9/1520-0469_2001_058_1035_rwizom_2.0.co_2.pdf,Q2,Rossby wave dispersion,nondivergent barotropic Rossby wave westward propagation,2026-07-25T10:56:57Z,2026-07-25T11:24:18Z,yes,DOMAIN: title 'rossby' in venue 'journal of the atmospheric sciences'
10.1364/optica.5.000774,Ultrafast rogue wave patterns in fiber lasers,Ultrafast rogue wave patterns in fiber lasers,1.000,Avi Klein; Gilad Masri; Hamootal Duadi; Kfir Sulimany,2018,Optica,journal-article,core,yes,IDENTIFIER-ONLY,,88,https://doi.org/10.1364/optica.5.000774,Q3,Hough modes / Laplace tidal equations,normal modes ultralong waves atmosphere,2026-07-25T10:56:57Z,2026-07-25T11:24:29Z,no,no strong domain term in title
10.1111/j.1600-0870.2007.00257.x,"Large-scale, free Rossby waves in the atmosphere—an update","Large-scale, free Rossby waves in the atmosphere—an update",1.000,Roland A. Madden,2007,Tellus A Dynamic Meteorology and Oceanography,journal-article,core,yes,IDENTIFIER-ONLY,,84,https://storage.googleapis.com/jnl-su-j-tadmo-files/journals/1/articles/892/submission/proof/892-1-40613-1-10-20220829.pdf,Q3,Hough modes / Laplace tidal equations,normal modes ultralong waves atmosphere,2026-07-25T10:56:57Z,2026-07-25T11:24:30Z,yes,DOMAIN: title 'rossby' in venue 'tellus'
10.1017/jfm.2019.973,Compound open-channel flows: effects of transverse currents on the flow structure,Compound open-channel flows: effects of transverse currents on the flow structure,1.000,Sébastien Proust; Vladimir Nikora,2019,Journal of Fluid Mechanics,journal-article,core,yes,IDENTIFIER-ONLY,,83,https://www.cambridge.org/core/services/aop-cambridge-core/content/view/149CD8E4F0E601F2BD076C569537F14B/S002211201900973Xa.pdf/div-class-title-compound-open-channel-flows-effects-of-transverse-currents-on-the-flow-structure-div.pdf,Q4,barotropic instability Rayleigh-Kuo,inflection point criterion rotating shear flow,2026-07-25T10:56:57Z,2026-07-25T11:24:45Z,no,no strong domain term in title
10.1175/1520-0469(1997)054<0791:dobst>2.0.co;2,Dynamics of Barotropic Storm Tracks,Dynamics of Barotropic Storm Tracks,1.000,Kyle L. Swanson; Paul J. Kushner; Isaac M. Held,1997,Journal of the Atmospheric Sciences,journal-article,core,yes,IDENTIFIER-ONLY,,82,https://journals.ametsoc.org/downloadpdf/journals/atsc/54/7/1520-0469_1997_054_0791_dobst_2.0.co_2.pdf,Q4,barotropic instability Rayleigh-Kuo,necessary condition instability barotropic shear flow,2026-07-25T10:56:57Z,2026-07-25T11:24:45Z,yes,DOMAIN: title 'barotropic' in venue 'journal of the atmospheric sciences'
10.1175/1520-0469(1981)038<2626:rtwiba>2.0.co;2,Resonant Topographic Waves in Barotropic and Baroclinic Flows,Resonant Topographic Waves in Barotropic and Baroclinic Flows,1.000,Joseph Pedlosky,1981,Journal of the Atmospheric Sciences,journal-article,core,yes,IDENTIFIER-ONLY,,82,https://journals.ametsoc.org/downloadpdf/journals/atsc/38/12/1520-0469_1981_038_2626_rtwiba_2_0_co_2.pdf,Q6,counter-propagating Rossby waves,critical layer instability baroclinic flow,2026-07-25T10:56:57Z,2026-07-25T11:25:09Z,yes,DOMAIN: title 'barotropic' in venue 'journal of the atmospheric sciences'
10.1063/1.1644144,Coupled numerical and theoretical study of the flow transition between a rotating and a stationary disk,Coupled numerical and theoretical study of the flow transition between a rotating and a stationary disk,1.000,É. Serre; Ewa Tuliszka‐Sznitko; Patrick Bontoux,2004,Physics of Fluids,journal-article,core,yes,IDENTIFIER-ONLY,,81,https://aip.scitation.org/doi/pdf/10.1063/1.1644144,Q4,barotropic instability Rayleigh-Kuo,inflection point criterion rotating shear flow,2026-07-25T10:56:57Z,2026-07-25T11:24:46Z,no,no strong domain term in title
10.1175/1520-0469(1998)055<0297:roblct>2.0.co;2,Response of Baroclinic Life Cycles to Barotropic Shear,Response of Baroclinic Life Cycles to Barotropic Shear,1.000,Dennis L. Hartmann; Peter Zuercher,1998,Journal of the Atmospheric Sciences,journal-article,core,yes,IDENTIFIER-ONLY,,80,https://journals.ametsoc.org/downloadpdf/journals/atsc/55/3/1520-0469_1998_055_0297_roblct_2.0.co_2.pdf,Q2,Rossby wave dispersion,barotropic vorticity equation spherical harmonics normal modes,2026-07-25T10:56:57Z,2026-07-25T11:24:18Z,yes,DOMAIN: title 'barotropic' in venue 'journal of the atmospheric sciences'
10.1175/jas3902.1,Tropical Cyclogenesis within an Equatorial Rossby Wave Packet,Tropical Cyclogenesis within an Equatorial Rossby Wave Packet,1.000,John Molinari; Kelly Lombardo; David Vollaro,2007,Journal of the Atmospheric Sciences,journal-article,core,yes,IDENTIFIER-ONLY,,80,https://journals.ametsoc.org/downloadpdf/journals/atsc/64/4/jas3902.1.pdf,Q2,Rossby wave dispersion,nondivergent barotropic Rossby wave westward propagation,2026-07-25T10:56:57Z,2026-07-25T11:24:19Z,yes,DOMAIN: title 'rossby' in venue 'journal of the atmospheric sciences'
10.1016/s0399-1784(00)01106-3,Simulation of a coastal jet retention process using a barotropic model,Simulation of a coastal jet retention process using a barotropic model,1.000,Pierrick Penven; Claude Roy; Alain Colin de Verdière; John L. Largier,2000,Oceanologica Acta,journal-article,core,yes,IDENTIFIER-ONLY,,80,https://www.sciencedirect.com/science/article/pii/S0399178400011063,Q9,Galewsky jet and forward citations,barotropic instability test case shallow water models comparison,2026-07-25T10:56:57Z,2026-07-25T11:25:32Z,no,on-topic title but venue outside the field: Oceanologica Acta
10.5194/gmd-8-1169-2015,Normal-mode function representation of global 3-D data sets: open-access software for the atmospheric research community,Normal-mode function representation of global 3-D data sets: open-access software for the atmospheric research community,1.000,Nedjeljka Žagar; Akira Kasahara; Koji Terasaki; Joseph Tribbia,2015,Geoscientific model development,journal-article,core,yes,IDENTIFIER-ONLY,,79,https://gmd.copernicus.org/articles/8/1169/2015/gmd-8-1169-2015.pdf,Q3,Hough modes / Laplace tidal equations,Laplace tidal equations Hough functions sphere,2026-07-25T10:56:57Z,2026-07-25T11:24:31Z,yes,DOMAIN: title 'atmospher' in venue 'geoscientific model development'
10.1063/1.858824,Shear flow instabilities and Rossby waves in barotropic flow in a rotating annulus,Shear flow instabilities and Rossby waves in barotropic flow in a rotating annulus,1.000,Tom Solomon; W. J. Holloway; Harry L. Swinney,1993,Physics of Fluids A Fluid Dynamics,journal-article,core,yes,IDENTIFIER-ONLY,,79,,Q6,counter-propagating Rossby waves,counter propagating Rossby waves shear instability,2026-07-25T10:56:57Z,2026-07-25T11:25:10Z,yes,DOMAIN: title 'rossby' in venue 'physics of fluids'
10.5194/acp-13-2115-2013,The importance of low-deformation vorticity in tropical cyclone formation,The importance of low-deformation vorticity in tropical cyclone formation,1.000,Kevin J. Tory; Richard A. Dare; Noel E. Davidson; John L. McBride,2013,Atmospheric chemistry and physics,journal-article,core,yes,IDENTIFIER-ONLY,,78,https://acp.copernicus.org/articles/13/2115/2013/acp-13-2115-2013.pdf,Q3,Hough modes / Laplace tidal equations,divergent barotropic dispersion deformation radius,2026-07-25T10:56:57Z,2026-07-25T11:24:31Z,yes,DOMAIN: title 'vortic' in venue 'atmospheric chemistry and physics'
10.1175/jas3557.1,Excitation of Transient Rossby Waves on the Stratospheric Polar Vortex and the Barotropic Sudden Warming,Excitation of Transient Rossby Waves on the Stratospheric Polar Vortex and the Barotropic Sudden Warming,1.000,J. G. Esler; R. K. Scott,2005,Journal of the Atmospheric Sciences,journal-article,core,yes,IDENTIFIER-ONLY,,78,https://journals.ametsoc.org/downloadpdf/journals/atsc/62/10/jas3557.1.pdf,Q5,linear stability EVP for jets,barotropic instability normal mode spectrum numerical,2026-07-25T10:56:57Z,2026-07-25T11:24:59Z,yes,DOMAIN: title 'rossby' in venue 'journal of the atmospheric sciences'
10.1071/es14003,Tropical cyclogenesis and mid-level vorticity,Tropical cyclogenesis and mid-level vorticity,1.000,Daniel P. Raymond; Saška Gjorgjievska; Sharon Sessions; Karl Fuchs,2014,Australian Meteorological and Oceanographic Journal,journal-article,core,yes,IDENTIFIER-ONLY,,78,https://doi.org/10.1071/es14003,Q6,counter-propagating Rossby waves,potential vorticity thinking isentropic maps,2026-07-25T10:56:57Z,2026-07-25T11:25:10Z,no,on-topic title but venue outside the field: Australian Meteorological and Oceanograp
10.1103/physrevlett.119.094501,Subcritical Thermal Convection of Liquid Metals in a Rapidly Rotating Sphere,Subcritical Thermal Convection of Liquid Metals in a Rapidly Rotating Sphere,1.000,Elliot Kaplan; Nathanaël Schaeffer; Jérémie Vidal; Philippe Cardin,2017,Physical Review Letters,journal-article,core,yes,IDENTIFIER-ONLY,,77,http://link.aps.org/pdf/10.1103/PhysRevLett.119.094501,Q2,Rossby wave dispersion,planetary waves rotating sphere phase speed,2026-07-25T10:56:57Z,2026-07-25T11:24:19Z,no,on-topic title but venue outside the field: Physical Review Letters
10.1175/1520-0469(2000)057<2936:espltt>2.0.co;2,"ENSO’s Phase Locking to the Seasonal Cycle in the Fast-SST, Fast-Wave, and Mixed-Mode Regimes","ENSO’s Phase Locking to the Seasonal Cycle in the Fast-SST, Fast-Wave, and Mixed-Mode Regimes",1.000,Eli Galanti; Eli Tziperman,2000,Journal of the Atmospheric Sciences,journal-article,core,yes,IDENTIFIER-ONLY,,77,https://journals.ametsoc.org/downloadpdf/journals/atsc/57/17/1520-0469_2000_057_2936_espltt_2.0.co_2.pdf,Q6,counter-propagating Rossby waves,Rossby edge wave phase locking instability,2026-07-25T10:56:57Z,2026-07-25T11:25:10Z,no,no strong domain term in title
10.1017/s0022112070000174,On the non-separable baroclinic parallel flow instability problem,On the non-separable baroclinic parallel flow instability problem,1.000,M. E. McIntyre,1970,Journal of Fluid Mechanics,journal-article,core,yes,IDENTIFIER-ONLY,,77,,Q6,counter-propagating Rossby waves,critical layer instability baroclinic flow,2026-07-25T10:56:57Z,2026-07-25T11:25:10Z,yes,DOMAIN: title 'baroclinic' in venue 'journal of fluid mechanics'
10.1175/1520-0469(2003)060<2837:eomrwi>2.0.co;2,Evolution of Mixed Rossby–Gravity Waves in Idealized MJO Environments,Evolution of Mixed Rossby–Gravity Waves in Idealized MJO Environments,1.000,Anantha Aiyyer; John Molinari,2003,Journal of the Atmospheric Sciences,journal-article,core,yes,IDENTIFIER-ONLY,,76,https://journals.ametsoc.org/downloadpdf/journals/atsc/60/23/1520-0469_2003_060_2837_eomrwi_2.0.co_2.pdf,Q2,Rossby wave dispersion,nondivergent barotropic Rossby wave westward propagation,2026-07-25T10:56:57Z,2026-07-25T11:24:19Z,yes,DOMAIN: title 'rossby' in venue 'journal of the atmospheric sciences'
10.1038/ncomms2736,Optical visualization of individual ultralong carbon nanotubes by chemical vapour deposition of titanium dioxide nanoparticles,Optical visualization of individual ultralong carbon nanotubes by chemical vapour deposition of titanium dioxide nanoparticles,1.000,Rufan Zhang; Yingying Zhang; Qiang Zhang; Huanhuan Xie,2013,Nature Communications,journal-article,core,yes,IDENTIFIER-ONLY,,74,https://www.nature.com/articles/ncomms2736.pdf,Q3,Hough modes / Laplace tidal equations,normal modes ultralong waves atmosphere,2026-07-25T10:56:57Z,2026-07-25T11:24:31Z,no,off-domain term: nanotube
10.3402/tellusa.v52i2.12258,Numerical simulations of Rossby–Haurwitz waves,Numerical simulations of Rossby–Haurwitz waves,1.000,John Thuburn; Yong Li,2000,Tellus A: Dynamic Meteorology and Oceanography,journal-article,core,yes,READ,thuburn_2000_numerical_simulations_rossby_haurwitz.pdf,74,,A1,anchor: held PDF or theory-cited reference,direct DOI lookup (anchor): 10.3402/tellusa.v52i2.12258,2026-07-25T11:22:29Z,2026-07-25T11:25:38Z,yes,ANCHOR: PDF held or cited directly by the theory
10.1175/2007jas2219.1,Dynamics of Convectively Driven Banded Jets in the Laboratory,Dynamics of Convectively Driven Banded Jets in the Laboratory,1.000,P. L. Read; Y. H. Yamazaki; S. R. Lewis; Paul D. Williams,2007,Journal of the Atmospheric Sciences,journal-article,core,yes,IDENTIFIER-ONLY,,73,https://journals.ametsoc.org/downloadpdf/journals/atsc/64/11/2007jas2219.1.pdf,Q4,barotropic instability Rayleigh-Kuo,barotropic instability zonal jet Rayleigh Kuo criterion,2026-07-25T10:56:57Z,2026-07-25T11:24:46Z,yes,DOMAIN: title '\bjets\b' in venue 'journal of the atmospheric sciences'
10.1017/s0022112094004027,"The teapot effect: sheet-forming flows with deflection, wetting and hysteresis","The teapot effect: sheet-forming flows with deflection, wetting and hysteresis",1.000,S. F. Kistler; L. E. Scriven,1994,Journal of Fluid Mechanics,journal-article,core,yes,IDENTIFIER-ONLY,,73,https://www.cambridge.org/core/services/aop-cambridge-core/content/view/1BB5A356CBBEE1438DFD519075999EDE/S0022112094004027a.pdf/div-class-title-the-teapot-effect-sheet-forming-flows-with-deflection-wetting-and-hysteresis-div.pdf,Q6,counter-propagating Rossby waves,Bretherton potential vorticity sheet boundary,2026-07-25T10:56:57Z,2026-07-25T11:25:10Z,no,no strong domain term in title
10.1063/1.868930,Flow transitions and combined free and forced convective heat transfer in rotating curved channels: The case of positive rotation,Flow transitions and combined free and forced convective heat transfer in rotating curved channels: The case of positive rotation,1.000,Liqiu Wang; K. C. Cheng,1996,Physics of Fluids,journal-article,core,yes,IDENTIFIER-ONLY,,72,https://pubs.aip.org/aip/pof/article-pdf/8/6/1553/12512730/1553_1_online.pdf,Q4,barotropic instability Rayleigh-Kuo,inflection point criterion rotating shear flow,2026-07-25T10:56:57Z,2026-07-25T11:24:50Z,no,no strong domain term in title
10.1175/1520-0469(1980)037<0044:tcowoa>2.0.co;2,The Concept of Wave Overreflection and Its Application to Baroclinic Instability,The Concept of Wave Overreflection and Its Application to Baroclinic Instability,1.000,Richard S. Lindzen; Brian F. Farrell; Ka Kit Tung,1980,Journal of the Atmospheric Sciences,journal-article,core,yes,IDENTIFIER-ONLY,,72,,Q6,counter-propagating Rossby waves,critical layer instability baroclinic flow,2026-07-25T10:56:57Z,2026-07-25T11:25:11Z,yes,DOMAIN: title 'baroclinic' in venue 'journal of the atmospheric sciences'
10.1175/2011jas3540.1,Moist versus Dry Barotropic Instability in a Shallow-Water Model of the Atmosphere with Moist Convection,Moist versus Dry Barotropic Instability in a Shallow-Water Model of the Atmosphere with Moist Convection,1.000,Julien Lambaerts; Guillaume Lapeyre; Vladimir Zeitlin,2011,Journal of the Atmospheric Sciences,journal-article,core,yes,IDENTIFIER-ONLY,,71,https://journals.ametsoc.org/downloadpdf/journals/atsc/68/6/2011jas3540.1.pdf,Q3,Hough modes / Laplace tidal equations,divergent barotropic dispersion deformation radius,2026-07-25T10:56:57Z,2026-07-25T11:24:31Z,yes,DOMAIN: title 'barotropic' in venue 'journal of the atmospheric sciences'
10.1002/2015jd023327,Quasi‐10‐day wave in the atmosphere,Quasi‐10‐day wave in the atmosphere,1.000,J. M. Forbes; Xiaoli Zhang,2015,Journal of Geophysical Research Atmospheres,journal-article,core,yes,IDENTIFIER-ONLY,,70,https://onlinelibrary.wiley.com/doi/pdfdirect/10.1002/2015JD023327,Q3,Hough modes / Laplace tidal equations,free oscillations rotating atmosphere spherical,2026-07-25T10:56:57Z,2026-07-25T11:24:31Z,yes,DOMAIN: title 'atmospher' in venue 'journal of geophysical research'
10.1017/s0022112001007571,The stability and transition of the boundary layer on a rotating sphere,The stability and transition of the boundary layer on a rotating sphere,1.000,Stephen Garrett; N. Peake,2002,Journal of Fluid Mechanics,journal-article,core,yes,IDENTIFIER-ONLY,,68,https://www.cambridge.org/core/services/aop-cambridge-core/content/view/65FA90169A5EB51AAD3642CA0829E27B/S0022112001007571a.pdf/div-class-title-the-stability-and-transition-of-the-boundary-layer-on-a-rotating-sphere-div.pdf,Q4,barotropic instability Rayleigh-Kuo,inflection point criterion rotating shear flow,2026-07-25T10:56:57Z,2026-07-25T11:24:46Z,yes,DOMAIN: title '\bsphere\b' in venue 'journal of fluid mechanics'
10.1175/jas3849.1,Waves in a Cloudy Vortex,Waves in a Cloudy Vortex,1.000,David A. Schecter; Michael T. Montgomery,2007,Journal of the Atmospheric Sciences,journal-article,core,yes,IDENTIFIER-ONLY,,65,https://journals.ametsoc.org/downloadpdf/journals/atsc/64/2/jas3849.1.pdf,Q6,counter-propagating Rossby waves,Rossby edge wave phase locking instability,2026-07-25T10:56:57Z,2026-07-25T11:25:11Z,no,no strong domain term in title
10.1175/mwr-d-11-00193.1,Computational Modes and Grid Imprinting on Five Quasi-Uniform Spherical C Grids,Computational Modes and Grid Imprinting on Five Quasi-Uniform Spherical C Grids,1.000,Hilary Weller; John Thuburn; Colin J. Cotter,2012,Monthly Weather Review,journal-article,core,yes,IDENTIFIER-ONLY,,64,https://journals.ametsoc.org/downloadpdf/journals/mwre/140/8/mwr-d-11-00193.1.pdf,Q2,Rossby wave dispersion,barotropic vorticity equation spherical harmonics normal modes,2026-07-25T10:56:57Z,2026-07-25T11:24:19Z,no,no strong domain term in title
10.1088/1367-2630/16/3/035006,Generation of zonal flows through symmetry breaking of statistical homogeneity,Generation of zonal flows through symmetry breaking of statistical homogeneity,1.000,Jeffrey B. Parker; John A. Krommes,2014,New Journal of Physics,journal-article,core,yes,IDENTIFIER-ONLY,,64,https://iopscience.iop.org/article/10.1088/1367-2630/16/3/035006/pdf,Q4,barotropic instability Rayleigh-Kuo,barotropic instability zonal jet Rayleigh Kuo criterion,2026-07-25T10:56:57Z,2026-07-25T11:24:46Z,no,on-topic title but venue outside the field: New Journal of Physics
10.1137/0906033,The Vector Harmonic Analysis of Laplace’s Tidal Equations,The Vector Harmonic Analysis of Laplace’s Tidal Equations,1.000,Paul N. Swarztrauber; Akira Kasahara,1985,SIAM Journal on Scientific and Statistical Computing,journal-article,core,yes,IDENTIFIER-ONLY,,64,,A1,anchor: held PDF or theory-cited reference,direct DOI lookup (anchor): 10.1137/0906033,2026-07-25T11:22:29Z,2026-07-25T11:25:38Z,yes,ANCHOR: PDF held or cited directly by the theory
10.1175/1520-0469(1995)052<1829:gcaftf>2.0.co;2,Generalized Charney–Stern and Fjortoft Theorems for Rapidly Rotating Vortices,Generalized Charney–Stern and Fjortoft Theorems for Rapidly Rotating Vortices,1.000,Michael T. Montgomery; Lloyd J. Shapiro,1995,Journal of the Atmospheric Sciences,journal-article,core,yes,IDENTIFIER-ONLY,,63,https://journals.ametsoc.org/downloadpdf/journals/atsc/52/10/1520-0469_1995_052_1829_gcaftf_2_0_co_2.pdf,Q4,barotropic instability Rayleigh-Kuo,Charney Stern theorem potential vorticity gradient,2026-07-25T10:56:57Z,2026-07-25T11:24:47Z,yes,DOMAIN: title 'vortic' in venue 'journal of the atmospheric sciences'
10.1175/2009mwr2917.1,"Voronoi, Delaunay, and Block-Structured Mesh Refinement for Solution of the Shallow-Water Equations on the Sphere","Voronoi, Delaunay, and Block-Structured Mesh Refinement for Solution of the Shallow-Water Equations on the Sphere",1.000,Hilary Weller; Henry Weller; A. Fournier,2009,Monthly Weather Review,journal-article,core,yes,IDENTIFIER-ONLY,,63,https://journals.ametsoc.org/downloadpdf/journals/mwre/137/12/2009mwr2917.1.pdf,Q9,Galewsky jet and forward citations,Galewsky barotropic instability test case,2026-07-25T10:56:57Z,2026-07-25T11:25:33Z,yes,DOMAIN: title 'shallow[- ]water' in venue 'monthly weather review'
10.1175/jas-d-13-0303.1,Hurricane Eyewall Evolution in a Forced Shallow-Water Model,Hurricane Eyewall Evolution in a Forced Shallow-Water Model,1.000,Eric A. Hendricks; Wayne H. Schubert; Yuhan Chen; Hung‐Chi Kuo,2014,Journal of the Atmospheric Sciences,journal-article,core,yes,IDENTIFIER-ONLY,,61,https://journals.ametsoc.org/downloadpdf/journals/atsc/71/5/jas-d-13-0303.1.pdf,Q9,Galewsky jet and forward citations,barotropic instability test case shallow water models comparison,2026-07-25T10:56:57Z,2026-07-25T11:25:33Z,yes,DOMAIN: title 'shallow[- ]water' in venue 'journal of the atmospheric sciences'
10.1175/2007jas2223.1,A Barotropic Model of the Angular Momentum–Conserving Potential Vorticity Staircase in Spherical Geometry,A Barotropic Model of the Angular Momentum–Conserving Potential Vorticity Staircase in Spherical Geometry,1.000,Timothy J. Dunkerton; R. K. Scott,2008,Journal of the Atmospheric Sciences,journal-article,core,yes,IDENTIFIER-ONLY,,59,https://journals.ametsoc.org/downloadpdf/journals/atsc/65/4/2007jas2223.1.pdf,Q3,Hough modes / Laplace tidal equations,divergent barotropic dispersion deformation radius,2026-07-25T10:56:57Z,2026-07-25T11:24:32Z,yes,DOMAIN: title 'barotropic' in venue 'journal of the atmospheric sciences'
10.1175/1520-0493(1970)098<0512:iotpbm>2.3.co;2,INTEGRATION OF THE PRIMITIVE BAROTROPIC MODEL OVER A SPHERICAL GEODESIC GRID,INTEGRATION OF THE PRIMITIVE BAROTROPIC MODEL OVER A SPHERICAL GEODESIC GRID,1.000,David L. Williamson,1970,Monthly Weather Review,journal-article,core,yes,IDENTIFIER-ONLY,,57,https://journals.ametsoc.org/downloadpdf/journals/mwre/98/7/1520-0493_1970_098_0512_iotpbm_2_3_co_2.pdf,Q4,barotropic instability Rayleigh-Kuo,barotropic instability sphere spherical geometry,2026-07-25T10:56:57Z,2026-07-25T11:24:47Z,yes,DOMAIN: title 'barotropic' in venue 'monthly weather review'
10.1137/110856976,"PyClaw: Accessible, Extensible, Scalable Tools for Wave Propagation Problems","PyClaw: Accessible, Extensible, Scalable Tools for Wave Propagation Problems",1.000,David I. Ketcheson; Kyle Mandli; Aron J. Ahmadia; Amal Alghamdi,2012,SIAM Journal on Scientific Computing,journal-article,core,yes,IDENTIFIER-ONLY,,56,https://arxiv.org/pdf/1111.6583,Q2,Rossby wave dispersion,Rossby Haurwitz wave sphere dispersion relation,2026-07-25T10:56:57Z,2026-07-25T11:24:19Z,no,no strong domain term in title
10.5194/gmd-9-1477-2016,On computation of Hough functions,On computation of Hough functions,1.000,Houjun Wang; John P. Boyd; R. A. Akmaev,2016,Geoscientific model development,journal-article,core,yes,IDENTIFIER-ONLY,,56,https://www.geosci-model-dev.net/9/1477/2016/gmd-9-1477-2016.pdf,Q3,Hough modes / Laplace tidal equations,Laplace tidal equations Hough functions sphere,2026-07-25T10:56:57Z,2026-07-25T11:24:32Z,yes,DOMAIN: title 'hough' in venue 'geoscientific model development'
10.1002/qj.49712556004,Counter‐propagating rossby waves in the barotropic rayleigh model of shear instability,Counter‐propagating rossby waves in the barotropic rayleigh model of shear instability,1.000,Eyal Heifetz; Craig H. Bishop; Pinhas Alpert,1999,Quarterly Journal of the Royal Meteorological Society,journal-article,core,yes,READ,heifetz_1999_counter_propagating_rossby_waves.pdf,56,,Q6,counter-propagating Rossby waves,counter propagating Rossby waves shear instability,2026-07-25T10:56:57Z,2026-07-25T11:25:11Z,yes,ANCHOR: PDF held or cited directly by the theory
10.1017/s0022112008002656,Destabilization of mixed Rossby gravity waves and the formation of equatorial zonal jets,Destabilization of mixed Rossby gravity waves and the formation of equatorial zonal jets,1.000,Bach Lien Hua; Marc d’Orgeville; Mark D. Fruman; Claire Ménesguen,2008,Journal of Fluid Mechanics,journal-article,core,yes,IDENTIFIER-ONLY,,55,https://archimer.ifremer.fr/doc/00000/5913/5144.pdf,Q2,Rossby wave dispersion,nondivergent barotropic Rossby wave westward propagation,2026-07-25T10:56:57Z,2026-07-25T11:24:20Z,yes,DOMAIN: title 'rossby' in venue 'journal of fluid mechanics'
10.1063/1.2990042,"Turbulence, waves, and jets in a differentially heated rotating annulus experiment","Turbulence, waves, and jets in a differentially heated rotating annulus experiment",1.000,Robin Wordsworth; P. L. Read; Y. H. Yamazaki,2008,Physics of Fluids,journal-article,core,yes,IDENTIFIER-ONLY,,55,https://pubs.aip.org/aip/pof/article-pdf/doi/10.1063/1.2990042/16117156/126602_1_online.pdf,Q4,barotropic instability Rayleigh-Kuo,barotropic instability zonal jet Rayleigh Kuo criterion,2026-07-25T10:56:57Z,2026-07-25T11:24:47Z,yes,DOMAIN: title '\bjets\b' in venue 'physics of fluids'
10.1175/jas-d-13-076.1,Emergence and Equilibration of Jets in Beta-Plane Turbulence: Applications of Stochastic Structural Stability Theory,Emergence and Equilibration of Jets in Beta-Plane Turbulence: Applications of Stochastic Structural Stability Theory,1.000,Navid C. Constantinou; Brian F. Farrell; Petros J. Ioannou,2013,Journal of the Atmospheric Sciences,journal-article,core,yes,IDENTIFIER-ONLY,,55,https://journals.ametsoc.org/downloadpdf/journals/atsc/71/5/jas-d-13-076.1.pdf,Q4,barotropic instability Rayleigh-Kuo,barotropic instability zonal jet Rayleigh Kuo criterion,2026-07-25T10:56:57Z,2026-07-25T11:24:48Z,yes,DOMAIN: title '\bjets\b' in venue 'journal of the atmospheric sciences'
10.1016/j.jcp.2005.04.022,Unsteady analytical solutions of the spherical shallow water equations,Unsteady analytical solutions of the spherical shallow water equations,1.000,M. Läuter; Dörthe Handorf; Klaus Dethloff,2005,Journal of Computational Physics,journal-article,core,yes,READ,lauter_2005_unsteady_analytical_solutions.pdf,53,,F1,forward-cite: Galewsky 2004,cites:10.3402/tellusa.v56i5.14436,2026-07-25T10:56:57Z,2026-07-25T11:22:46Z,yes,ANCHOR: PDF held or cited directly by the theory
10.2151/jmsj1965.63.2_180,Global Energetics Analysis by Expansion into Three-Dimensional Normal Mode Functions during the FGGE Winter,Global Energetics Analysis by Expansion into Three-Dimensional Normal Mode Functions during the FGGE Winter,1.000,H. L. Tanaka,1985,Journal of the Meteorological Society of Japan Ser II,journal-article,core,yes,IDENTIFIER-ONLY,,53,https://www.jstage.jst.go.jp/article/jmsj1965/63/2/63_2_180/_pdf,Q3,Hough modes / Laplace tidal equations,normal modes ultralong waves atmosphere,2026-07-25T10:56:57Z,2026-07-25T11:24:32Z,yes,DOMAIN: title 'normal mode' in venue 'journal of the meteorological society of japan'
10.1029/2009jc005996,Barotropic instability in the West Spitsbergen Current,Barotropic instability in the West Spitsbergen Current,1.000,Sigurd Henrik Teigen; Frank Nilsen; B. Gjevik,2010,Journal of Geophysical Research Atmospheres,journal-article,core,yes,IDENTIFIER-ONLY,,53,https://onlinelibrary.wiley.com/doi/pdfdirect/10.1029/2009JC005996,Q5,linear stability EVP for jets,barotropic instability normal mode spectrum numerical,2026-07-25T10:56:57Z,2026-07-25T11:24:59Z,yes,DOMAIN: title 'barotropic' in venue 'journal of geophysical research'
10.1175/jas-d-18-0373.1,Axisymmetric Potential Vorticity Evolution of Hurricane Patricia (2015),Axisymmetric Potential Vorticity Evolution of Hurricane Patricia (2015),1.000,Jonathan Martinez; Michael M. Bell; Robert F. Rogers; James D. Doyle,2019,Journal of the Atmospheric Sciences,journal-article,core,yes,IDENTIFIER-ONLY,,52,https://journals.ametsoc.org/downloadpdf/journals/atsc/76/7/jas-d-18-0373.1.pdf,Q4,barotropic instability Rayleigh-Kuo,Charney Stern theorem potential vorticity gradient,2026-07-25T10:56:57Z,2026-07-25T11:24:48Z,yes,DOMAIN: title 'vortic' in venue 'journal of the atmospheric sciences'
10.1175/1520-0469(2003)60<1024:beipvd>2.0.co;2,Boundary Effects in Potential Vorticity Dynamics,Boundary Effects in Potential Vorticity Dynamics,1.000,Tapio Schneider; Isaac M. Held; Stephen T. Garner,2003,Journal of the Atmospheric Sciences,journal-article,core,yes,IDENTIFIER-ONLY,,52,https://journals.ametsoc.org/downloadpdf/journals/atsc/60/8/1520-0469_2003_60_1024_beipvd_2.0.co_2.pdf,Q6,counter-propagating Rossby waves,Bretherton potential vorticity sheet boundary,2026-07-25T10:56:57Z,2026-07-25T11:25:11Z,yes,DOMAIN: title 'vortic' in venue 'journal of the atmospheric sciences'
10.1175/jas3944.1,Relating Overreflection and Wave Geometry to the Counterpropagating Rossby Wave Perspective: Toward a Deeper Mechanistic Understanding of Shear Instability,Relating Overreflection and Wave Geometry to the Counterpropagating Rossby Wave Perspective: Toward a Deeper Mechanistic Understanding of Shear Instability,1.000,Nili Harnik; Eyal Heifetz,2007,Journal of the Atmospheric Sciences,journal-article,core,yes,IDENTIFIER-ONLY,,51,https://journals.ametsoc.org/downloadpdf/journals/atsc/64/7/jas3944.1.pdf,Q6,counter-propagating Rossby waves,counter propagating Rossby waves shear instability,2026-07-25T10:56:57Z,2026-07-25T11:25:11Z,yes,DOMAIN: title 'rossby' in venue 'journal of the atmospheric sciences'
10.1175/1520-0469(2001)058<2559:tmjobd>2.0.co;2,"The Madden–Julian Oscillation, Barotropic Dynamics, and North Pacific Tropical Cyclone Formation. Part II: Stochastic Barotropic Modeling","The Madden–Julian Oscillation, Barotropic Dynamics, and North Pacific Tropical Cyclone Formation. Part II: Stochastic Barotropic Modeling",1.000,Dennis L. Hartmann; Eric D. Maloney,2001,Journal of the Atmospheric Sciences,journal-article,core,yes,IDENTIFIER-ONLY,,50,https://journals.ametsoc.org/downloadpdf/journals/atsc/58/17/1520-0469_2001_058_2559_tmjobd_2.0.co_2.pdf,Q2,Rossby wave dispersion,nondivergent barotropic Rossby wave westward propagation,2026-07-25T10:56:57Z,2026-07-25T11:24:20Z,yes,DOMAIN: title 'barotropic' in venue 'journal of the atmospheric sciences'
10.1002/qj.3467,Barotropic growth of monsoon depressions,Barotropic growth of monsoon depressions,1.000,Michael Diaz; William R. Boos,2018,Quarterly Journal of the Royal Meteorological Society,journal-article,core,yes,IDENTIFIER-ONLY,,50,https://www.osti.gov/servlets/purl/1542355,Q5,linear stability EVP for jets,barotropic instability normal mode spectrum numerical,2026-07-25T10:56:57Z,2026-07-25T11:25:00Z,yes,DOMAIN: title 'barotropic' in venue 'quarterly journal of the royal meteorological society'
10.1175/2999.1,Potential Vorticity Diagnosis of a Simulated Hurricane. Part I: Formulation and Quasi-Balanced Flow,Potential Vorticity Diagnosis of a Simulated Hurricane. Part I: Formulation and Quasi-Balanced Flow,1.000,Xingbao Wang; Da‐Lin Zhang,2003,Journal of the Atmospheric Sciences,journal-article,core,yes,IDENTIFIER-ONLY,,50,https://journals.ametsoc.org/downloadpdf/journals/atsc/60/13/2999.1.pdf,Q6,counter-propagating Rossby waves,potential vorticity thinking isentropic maps,2026-07-25T10:56:57Z,2026-07-25T11:25:15Z,yes,DOMAIN: title 'vortic' in venue 'journal of the atmospheric sciences'
10.1016/j.jcp.2015.02.045,A primal–dual mimetic finite element scheme for the rotating shallow water equations on polygonal spherical meshes,A primal–dual mimetic finite element scheme for the rotating shallow water equations on polygonal spherical meshes,1.000,John Thuburn; Colin J. Cotter,2015,Journal of Computational Physics,journal-article,core,yes,IDENTIFIER-ONLY,,49,https://arxiv.org/pdf/1409.8130,Q2,Rossby wave dispersion,barotropic vorticity equation spherical harmonics normal modes,2026-07-25T10:56:57Z,2026-07-25T11:24:20Z,yes,DOMAIN: title 'shallow[- ]water' in venue 'journal of computational physics'
10.1007/s00205-022-01791-3,Stratospheric Planetary Flows from the Perspective of the Euler Equation on a Rotating Sphere,Stratospheric Planetary Flows from the Perspective of the Euler Equation on a Rotating Sphere,1.000,Adrian Constantin; Pierre Germain,2022,Archive for Rational Mechanics and Analysis,journal-article,core,yes,IDENTIFIER-ONLY,,47,https://link.springer.com/content/pdf/10.1007/s00205-022-01791-3.pdf,Q2,Rossby wave dispersion,planetary waves rotating sphere phase speed,2026-07-25T10:56:57Z,2026-07-25T11:24:20Z,no,on-topic title but venue outside the field: Archive for Rational Mechanics and Analy
10.1175/jas-d-15-0007.1,The Latitudinal Dependence of Atmospheric Jet Scales and Macroturbulent Energy Cascades,The Latitudinal Dependence of Atmospheric Jet Scales and Macroturbulent Energy Cascades,1.000,Rei Chemke; Yohai Kaspi,2015,Journal of the Atmospheric Sciences,journal-article,core,yes,IDENTIFIER-ONLY,,47,https://journals.ametsoc.org/downloadpdf/journals/atsc/72/10/jas-d-15-0007.1.pdf,Q4,barotropic instability Rayleigh-Kuo,barotropic instability zonal jet Rayleigh Kuo criterion,2026-07-25T10:56:57Z,2026-07-25T11:24:49Z,yes,DOMAIN: title '\bjet\b' in venue 'journal of the atmospheric sciences'
10.1175/1520-0493(2001)129<3890:cosrot>2.0.co;2,Climatology of Sign Reversals of the Meridional Potential Vorticity Gradient over Africa and Australia,Climatology of Sign Reversals of the Meridional Potential Vorticity Gradient over Africa and Australia,1.000,Michael Dickinson; John Molinari,2000,Monthly Weather Review,journal-article,core,yes,IDENTIFIER-ONLY,,47,https://journals.ametsoc.org/downloadpdf/journals/mwre/128/11/1520-0493_2001_129_3890_cosrot_2.0.co_2.pdf,Q4,barotropic instability Rayleigh-Kuo,Charney Stern theorem potential vorticity gradient,2026-07-25T10:56:57Z,2026-07-25T11:24:48Z,yes,DOMAIN: title 'vortic' in venue 'monthly weather review'
10.1017/jfm.2014.12,Transient growth in linearly stable Taylor–Couette flows,Transient growth in linearly stable Taylor–Couette flows,1.000,Simon Maretzke; Björn Hof; Marc Avila,2014,Journal of Fluid Mechanics,journal-article,core,yes,IDENTIFIER-ONLY,,47,https://arxiv.org/pdf/1304.7032,Q5,linear stability EVP for jets,non-normal transient growth shear flow,2026-07-25T10:56:57Z,2026-07-25T11:25:00Z,no,no strong domain term in title
10.5194/acp-18-12915-2018,Gravity waves excited during a minor sudden stratospheric warming,Gravity waves excited during a minor sudden stratospheric warming,1.000,Andreas Dörnbrack; Sonja Gisinger; Natalie Kaifler; Tanja Portele,2018,Atmospheric chemistry and physics,journal-article,core,yes,IDENTIFIER-ONLY,,47,https://acp.copernicus.org/articles/18/12915/2018/acp-18-12915-2018.pdf,T1,TARGET Kasahara 1976,Kasahara normal modes of ultralong waves in the atmosphere,2026-07-25T10:56:57Z,2026-07-25T11:25:34Z,yes,DOMAIN: title 'gravity wave' in venue 'atmospheric chemistry and physics'
10.1016/j.physrep.2015.10.009,Rossby and drift wave turbulence and zonal flows: The Charney–Hasegawa–Mima model and its extensions,Rossby and drift wave turbulence and zonal flows: The Charney–Hasegawa–Mima model and its extensions,1.000,Colm Connaughton; Sergey Nazarenko; Brenda Quinn,2015,Physics Reports,journal-article,core,yes,IDENTIFIER-ONLY,,46,https://www.sciencedirect.com/science/article/am/pii/S0370157315004421,Q2,Rossby wave dispersion,Rossby Haurwitz wave sphere dispersion relation,2026-07-25T10:56:57Z,2026-07-25T11:24:21Z,no,on-topic title but venue outside the field: Physics Reports
10.1175/2011jpo4547.1,Barotropic Rossby Waves Radiating from Tropical Instability Waves in the Pacific Ocean,Barotropic Rossby Waves Radiating from Tropical Instability Waves in the Pacific Ocean,1.000,J. Thomas Farrar,2011,Journal of Physical Oceanography,journal-article,core,yes,IDENTIFIER-ONLY,,46,https://journals.ametsoc.org/downloadpdf/journals/phoc/41/6/2011jpo4547.1.pdf,Q2,Rossby wave dispersion,nondivergent barotropic Rossby wave westward propagation,2026-07-25T10:56:57Z,2026-07-25T11:24:21Z,yes,DOMAIN: title 'rossby' in venue 'journal of physical oceanography'
10.1175/2008jas2611.1,Formation of Jets by Baroclinic Turbulence,Formation of Jets by Baroclinic Turbulence,1.000,Brian F. Farrell; Petros J. Ioannou,2008,Journal of the Atmospheric Sciences,journal-article,core,yes,IDENTIFIER-ONLY,,46,https://journals.ametsoc.org/downloadpdf/journals/atsc/65/11/2008jas2611.1.pdf,Q4,barotropic instability Rayleigh-Kuo,barotropic instability zonal jet Rayleigh Kuo criterion,2026-07-25T10:56:57Z,2026-07-25T11:24:49Z,yes,DOMAIN: title 'baroclinic' in venue 'journal of the atmospheric sciences'
10.1002/qj.3585,Monsoon depression amplification by moist barotropic instability in a vertically sheared environment,Monsoon depression amplification by moist barotropic instability in a vertically sheared environment,1.000,Michael Diaz; William R. Boos,2019,Quarterly Journal of the Royal Meteorological Society,journal-article,core,yes,IDENTIFIER-ONLY,,46,https://www.osti.gov/servlets/purl/1574333,Q4,barotropic instability Rayleigh-Kuo,necessary condition instability barotropic shear flow,2026-07-25T10:56:57Z,2026-07-25T11:24:49Z,yes,DOMAIN: title 'barotropic' in venue 'quarterly journal of the royal meteorological society'
10.1088/1361-6463/ac4941,"Fundamentals, progress and perspectives on high-frequency phononic crystals","Fundamentals, progress and perspectives on high-frequency phononic crystals",1.000,Yu Cang; Yabin Jin; Bahram Djafari‐Rouhani; George Fytas,2022,Journal of Physics D Applied Physics,journal-article,core,yes,IDENTIFIER-ONLY,,45,https://iopscience.iop.org/article/10.1088/1361-6463/ac4941/pdf,Q3,Hough modes / Laplace tidal equations,Lamb parameter shallow water sphere eigenfrequencies,2026-07-25T10:56:57Z,2026-07-25T11:24:32Z,no,no strong domain term in title
10.1175/2010jas3410.1,Baroclinic Waves with Parameterized Effects of Moisture Interpreted Using Rossby Wave Components,Baroclinic Waves with Parameterized Effects of Moisture Interpreted Using Rossby Wave Components,1.000,Hylke de Vries; John Methven; Thomas Frame; Brian J. Hoskins,2010,Journal of the Atmospheric Sciences,journal-article,core,yes,IDENTIFIER-ONLY,,45,https://journals.ametsoc.org/downloadpdf/journals/atsc/67/9/2010jas3410.1.pdf,Q6,counter-propagating Rossby waves,Rossby edge wave phase locking instability,2026-07-25T10:56:57Z,2026-07-25T11:25:12Z,yes,DOMAIN: title 'rossby' in venue 'journal of the atmospheric sciences'
10.1016/0021-9991(92)90060-c,A standard test set for numerical approximations to the shallow water equations in spherical geometry,A standard test set for numerical approximations to the shallow water equations in spherical geometry,1.000,David Williamson; John B. Drake; James J. Hack; Rüdiger Jakob,1992,Journal of Computational Physics,journal-article,core,yes,READ,williamson_1992_standard_test_set.pdf,43,,Q1,benchmark suite,shallow water equations spherical geometry standard test set,2026-07-25T10:56:57Z,2026-07-25T11:23:42Z,yes,ANCHOR: PDF held or cited directly by the theory
10.5194/gmd-7-909-2014,"A mimetic, semi-implicit, forward-in-time, finite volume shallow water model: comparison of hexagonal–icosahedral and cubed-sphere grids","A mimetic, semi-implicit, forward-in-time, finite volume shallow water model: comparison of hexagonal–icosahedral and cubed-sphere grids",1.000,John Thuburn; Colin J. Cotter; Thomas Dubos,2014,Geoscientific model development,journal-article,core,yes,IDENTIFIER-ONLY,,43,https://gmd.copernicus.org/articles/7/909/2014/gmd-7-909-2014.pdf,Q2,Rossby wave dispersion,Rossby Haurwitz wave sphere dispersion relation,2026-07-25T10:56:57Z,2026-07-25T11:24:23Z,yes,DOMAIN: title 'shallow[- ]water' in venue 'geoscientific model development'
10.1175/1520-0469(2003)060<3009:tiowac>2.0.co;2,The Interaction of Waves and Convection in the Tropics,The Interaction of Waves and Convection in the Tropics,1.000,Richard S. Lindzen,2003,Journal of the Atmospheric Sciences,journal-article,core,yes,IDENTIFIER-ONLY,,42,https://journals.ametsoc.org/downloadpdf/journals/atsc/60/24/1520-0469_2003_060_3009_tiowac_2.0.co_2.pdf,Q3,Hough modes / Laplace tidal equations,Lamb parameter shallow water sphere eigenfrequencies,2026-07-25T10:56:57Z,2026-07-25T11:24:32Z,no,no strong domain term in title
10.1175/1520-0469(1977)034<0581:biotss>2.0.co;2,Baroclinic Instability on the Sphere: Solutions with a More Realistic Tropopause,Baroclinic Instability on the Sphere: Solutions with a More Realistic Tropopause,1.000,A. J. Simmons; Brian J. Hoskins,1977,Journal of the Atmospheric Sciences,journal-article,core,yes,IDENTIFIER-ONLY,,42,,Q4,barotropic instability Rayleigh-Kuo,barotropic instability sphere spherical geometry,2026-07-25T10:56:57Z,2026-07-25T11:24:49Z,yes,DOMAIN: title 'baroclinic' in venue 'journal of the atmospheric sciences'
10.1175/2007waf2006044.1,Potential Vorticity (PV) Thinking in Operations: The Utility of Nonconservation,Potential Vorticity (PV) Thinking in Operations: The Utility of Nonconservation,1.000,Michael J. Brennan; Gary M. Lackmann; Kelly Mahoney,2008,Weather and Forecasting,journal-article,core,yes,IDENTIFIER-ONLY,,42,https://journals.ametsoc.org/downloadpdf/journals/wefo/23/1/2007waf2006044_1.pdf,Q6,counter-propagating Rossby waves,potential vorticity thinking isentropic maps,2026-07-25T10:56:57Z,2026-07-25T11:25:12Z,no,on-topic title but venue outside the field: Weather and Forecasting
10.1175/1520-0469(1997)054<1868:fwobvp>2.0.co;2,Free Waves on Barotropic Vortices. Part I: Eigenmode Structure,Free Waves on Barotropic Vortices. Part I: Eigenmode Structure,1.000,Michael T. Montgomery; Chungu Lu,1997,Journal of the Atmospheric Sciences,journal-article,core,yes,IDENTIFIER-ONLY,,41,https://journals.ametsoc.org/downloadpdf/journals/atsc/54/14/1520-0469_1997_054_1868_fwobvp_2.0.co_2.pdf,Q3,Hough modes / Laplace tidal equations,divergent barotropic dispersion deformation radius,2026-07-25T10:56:57Z,2026-07-25T11:24:33Z,yes,DOMAIN: title 'barotropic' in venue 'journal of the atmospheric sciences'
10.1175/1520-0469(2004)061<0235:elmobf>2.0.co;2,Empirical Low-Order Models of Barotropic Flow,Empirical Low-Order Models of Barotropic Flow,1.000,Frank Kwasniok,2004,Journal of the Atmospheric Sciences,journal-article,core,yes,IDENTIFIER-ONLY,,39,https://journals.ametsoc.org/downloadpdf/journals/atsc/61/2/1520-0469_2004_061_0235_elmobf_2.0.co_2.pdf,Q2,Rossby wave dispersion,barotropic vorticity equation spherical harmonics normal modes,2026-07-25T10:56:57Z,2026-07-25T11:24:21Z,yes,DOMAIN: title 'barotropic' in venue 'journal of the atmospheric sciences'
10.1063/1.4922085,Generation and maintenance of bulk turbulence by libration-driven elliptical instability,Generation and maintenance of bulk turbulence by libration-driven elliptical instability,1.000,Benjamin Favier; A. Grannan; Michaël Le Bars; J. M. Aurnou,2015,Physics of Fluids,journal-article,core,yes,IDENTIFIER-ONLY,,39,https://aip.scitation.org/doi/pdf/10.1063/1.4922085,Q5,linear stability EVP for jets,normal mode instability zonal flow spherical harmonics growth rate,2026-07-25T10:56:57Z,2026-07-25T11:24:59Z,yes,DOMAIN: title 'instabilit' in venue 'physics of fluids'
10.1017/s0022112097008100,Barotropic vortex pairs on a rotating sphere,Barotropic vortex pairs on a rotating sphere,1.000,Mark T. DiBattista; Lorenzo M. Polvani,1998,Journal of Fluid Mechanics,journal-article,core,yes,IDENTIFIER-ONLY,,38,https://doi.org/10.7916/d88s512n,Q4,barotropic instability Rayleigh-Kuo,barotropic instability sphere spherical geometry,2026-07-25T10:56:57Z,2026-07-25T11:24:49Z,yes,DOMAIN: title 'barotropic' in venue 'journal of fluid mechanics'
10.1175/1520-0493(2004)132<2084:pvdotk>2.0.co;2,Potential Vorticity Diagnosis of the Key Factors Affecting the Motion of Typhoon Sinlaku (2002),Potential Vorticity Diagnosis of the Key Factors Affecting the Motion of Typhoon Sinlaku (2002),1.000,Chun‐Chieh Wu; Treng-Shi Huang; Kun‐Hsuan Chou,2004,Monthly Weather Review,journal-article,core,yes,IDENTIFIER-ONLY,,38,https://journals.ametsoc.org/downloadpdf/journals/mwre/132/8/1520-0493_2004_132_2084_pvdotk_2.0.co_2.pdf,Q6,counter-propagating Rossby waves,potential vorticity thinking isentropic maps,2026-07-25T10:56:57Z,2026-07-25T11:25:12Z,yes,DOMAIN: title 'vortic' in venue 'monthly weather review'
10.1002/qj.2729,The non‐conservation of potential vorticity by a dynamical core compared with the effects of parametrized physical processes,The non‐conservation of potential vorticity by a dynamical core compared with the effects of parametrized physical processes,1.000,Leo Saffin; John Methven; Suzanne L. Gray,2015,Quarterly Journal of the Royal Meteorological Society,journal-article,core,yes,IDENTIFIER-ONLY,,37,https://rmets.onlinelibrary.wiley.com/doi/pdfdirect/10.1002/qj.2729,Q6,counter-propagating Rossby waves,potential vorticity thinking isentropic maps,2026-07-25T10:56:57Z,2026-07-25T11:25:12Z,yes,DOMAIN: title 'vortic' in venue 'quarterly journal of the royal meteorological society'
10.1256/qj.02.185,The counter‐propagating Rossby‐wave perspective on baroclinic instability. II: Application to the Charney model,The counter‐propagating Rossby‐wave perspective on baroclinic instability. II: Application to the Charney model,1.000,Eyal Heifetz; John Methven; Brian J. Hoskins; Craig H. Bishop,2004,Quarterly Journal of the Royal Meteorological Society,journal-article,core,yes,IDENTIFIER-ONLY,,36,,Q6,counter-propagating Rossby waves,counter propagating Rossby waves shear instability,2026-07-25T10:56:57Z,2026-07-25T11:25:12Z,yes,DOMAIN: title 'rossby' in venue 'quarterly journal of the royal meteorological society'
10.1175/1520-0469(2001)058<2518:apvawa>2.0.co;2,A Potential Vorticity and Wave Activity Diagnosis of Optimal Perturbation Evolution,A Potential Vorticity and Wave Activity Diagnosis of Optimal Perturbation Evolution,1.000,Michael C. Morgan,2001,Journal of the Atmospheric Sciences,journal-article,core,yes,IDENTIFIER-ONLY,,35,https://journals.ametsoc.org/downloadpdf/journals/atsc/58/17/1520-0469_2001_058_2518_apvawa_2.0.co_2.pdf,Q6,counter-propagating Rossby waves,potential vorticity thinking isentropic maps,2026-07-25T10:56:57Z,2026-07-25T11:25:13Z,yes,DOMAIN: title 'vortic' in venue 'journal of the atmospheric sciences'
10.1175/jas-d-12-0102.1,On the Mechanism Underlying the Spontaneous Emergence of Barotropic Zonal Jets,On the Mechanism Underlying the Spontaneous Emergence of Barotropic Zonal Jets,1.000,Nikolaos A. Bakas; Petros J. Ioannou,2013,Journal of the Atmospheric Sciences,journal-article,core,yes,IDENTIFIER-ONLY,,34,https://journals.ametsoc.org/downloadpdf/journals/atsc/70/7/jas-d-12-0102.1.pdf,Q5,linear stability EVP for jets,linear stability eigenvalue problem barotropic jet sphere,2026-07-25T10:56:57Z,2026-07-25T11:25:00Z,yes,DOMAIN: title 'barotropic' in venue 'journal of the atmospheric sciences'
10.1256/qj.04.22,The counter-propagating Rossby-wave perspective on baroclinic instability. Part III: Primitive-equation disturbances on the sphere,The counter-propagating Rossby-wave perspective on baroclinic instability. Part III: Primitive-equation disturbances on the sphere,1.000,John Methven; Eyal Heifetz; Brian J. Hoskins; Craig H. Bishop,2005,Quarterly Journal of the Royal Meteorological Society,journal-article,core,yes,IDENTIFIER-ONLY,,34,https://onlinelibrary.wiley.com/doi/pdfdirect/10.1256/qj.04.22,Q6,counter-propagating Rossby waves,counter propagating Rossby waves shear instability,2026-07-25T10:56:57Z,2026-07-25T11:25:13Z,yes,DOMAIN: title 'rossby' in venue 'quarterly journal of the royal meteorological society'
10.1175/2007jas2494.1,Exponential Smallness of Inertia–Gravity Wave Generation at Small Rossby Number,Exponential Smallness of Inertia–Gravity Wave Generation at Small Rossby Number,1.000,Jacques Vanneste,2008,Journal of the Atmospheric Sciences,journal-article,core,yes,IDENTIFIER-ONLY,,34,https://journals.ametsoc.org/downloadpdf/journals/atsc/65/5/2007jas2494.1.pdf,Q6,counter-propagating Rossby waves,Rossby edge wave phase locking instability,2026-07-25T10:56:57Z,2026-07-25T11:25:13Z,yes,DOMAIN: title 'rossby' in venue 'journal of the atmospheric sciences'
10.1111/j.1365-246x.1977.tb04196.x,Internal waves in the earth's core,Internal waves in the earth's core,1.000,Paul E. Olsen,1977,Geophysical Journal International,journal-article,core,yes,IDENTIFIER-ONLY,,33,https://academic.oup.com/gji/article-pdf/51/1/183/1806707/51-1-183.pdf,Q3,Hough modes / Laplace tidal equations,Laplace tidal equations Hough functions sphere,2026-07-25T10:56:57Z,2026-07-25T11:24:33Z,no,no strong domain term in title
10.2151/jmsj1965.46.5_389,Finite Difference Approximation for the Barotropic Instability Problem,Finite Difference Approximation for the Barotropic Instability Problem,1.000,M. Yanai; Tsuyoshi Nitta,1968,Journal of the Meteorological Society of Japan Ser II,journal-article,core,yes,IDENTIFIER-ONLY,,33,https://www.jstage.jst.go.jp/article/jmsj1965/46/5/46_5_389/_pdf,Q5,linear stability EVP for jets,linear stability eigenvalue problem barotropic jet sphere,2026-07-25T10:56:57Z,2026-07-25T11:25:04Z,yes,DOMAIN: title 'barotropic' in venue 'journal of the meteorological society of japan'
10.1016/j.jcpx.2019.100013,Tensor calculus in spherical coordinates using Jacobi polynomials. Part-I: Mathematical analysis and derivations,Tensor calculus in spherical coordinates using Jacobi polynomials. Part-I: Mathematical analysis and derivations,1.000,Geoffrey M. Vasil; Daniel Lecoanet; Keaton J. Burns; Jeffrey S. Oishi,2019,Journal of Computational Physics X,journal-article,core,yes,READ,vasil_2019_tensor_calculus_spheres.pdf,33,https://doi.org/10.1016/j.jcpx.2019.100013,Q8,spectral methods / Dedalus,tensor calculus spherical coordinates Jacobi polynomials,2026-07-25T10:56:57Z,2026-07-25T11:25:28Z,yes,ANCHOR: PDF held or cited directly by the theory
10.1175/jas-d-20-0053.1,An Array of Ringing Global Free Modes Discovered in Tropical Surface Pressure Data,An Array of Ringing Global Free Modes Discovered in Tropical Surface Pressure Data,1.000,Takatoshi Sakazaki; Kevin Hamilton,2020,Journal of the Atmospheric Sciences,journal-article,core,yes,IDENTIFIER-ONLY,,33,https://journals.ametsoc.org/downloadpdf/journals/atsc/77/7/jasD200053.pdf,T1,TARGET Kasahara 1976,Kasahara normal modes of ultralong waves in the atmosphere,2026-07-25T10:56:57Z,2026-07-25T11:25:35Z,no,no strong domain term in title
10.1017/jfm.2015.27,"Enumeration, orthogonality and completeness of the incompressible Coriolis modes in a sphere","Enumeration, orthogonality and completeness of the incompressible Coriolis modes in a sphere",1.000,D. J. Ivers; Andrew Jackson; D. E. Winch,2015,Journal of Fluid Mechanics,journal-article,core,yes,IDENTIFIER-ONLY,,31,https://www.cambridge.org/core/services/aop-cambridge-core/content/view/09CC55274AF2238BFB9DA3EC4CB22DD5/S0022112015000270a.pdf/div-class-title-enumeration-orthogonality-and-completeness-of-the-incompressible-coriolis-modes-in-a-sphere-div.pdf,Q3,Hough modes / Laplace tidal equations,Laplace tidal equations Hough functions sphere,2026-07-25T10:56:57Z,2026-07-25T11:24:33Z,yes,DOMAIN: title '\bsphere\b' in venue 'journal of fluid mechanics'
10.3894/james.2009.1.2,Shallow Water Quasi‐Geostrophic Theory on the Sphere,Shallow Water Quasi‐Geostrophic Theory on the Sphere,1.000,Wayne H. Schubert; Richard K. Taft; Levi G. Silvers,2009,Journal of Advances in Modeling Earth Systems,journal-article,core,yes,IDENTIFIER-ONLY,,29,https://onlinelibrary.wiley.com/doi/pdfdirect/10.3894/JAMES.2009.1.2,Q2,Rossby wave dispersion,Rossby Haurwitz wave sphere dispersion relation,2026-07-25T10:56:57Z,2026-07-25T11:24:22Z,yes,DOMAIN: title 'shallow[- ]water' in venue 'journal of advances in modeling earth systems'
10.1051/0004-6361/201732249,Oceanic tides from Earth-like to ocean planets,Oceanic tides from Earth-like to ocean planets,1.000,Pierre Auclair-Desrotour; S. Mathis; J. Laskar; Jérémy Leconte,2018,Astronomy and Astrophysics,journal-article,core,yes,IDENTIFIER-ONLY,,29,https://www.aanda.org/articles/aa/pdf/2018/07/aa32249-17.pdf,Q3,Hough modes / Laplace tidal equations,Lamb parameter shallow water sphere eigenfrequencies,2026-07-25T10:56:57Z,2026-07-25T11:24:33Z,no,on-topic title but venue outside the field: Astronomy and Astrophysics
10.2151/jmsj1965.61.4_479,Normal Modes of the Shallow Water Equations for Zonal Wavenumber Zero,Normal Modes of the Shallow Water Equations for Zonal Wavenumber Zero,1.000,Yosuke Shigehisa,1983,Journal of the Meteorological Society of Japan Ser II,journal-article,core,yes,IDENTIFIER-ONLY,,28,https://www.jstage.jst.go.jp/article/jmsj1965/61/4/61_4_479/_pdf,Q3,Hough modes / Laplace tidal equations,Laplace tidal equations Hough functions sphere,2026-07-25T10:56:57Z,2026-07-25T11:24:33Z,yes,DOMAIN: title 'shallow[- ]water' in venue 'journal of the meteorological society of japan'
10.5194/npg-27-147-2020,"Baroclinic and barotropic instabilities in planetary atmospheres: energetics, equilibration and adjustment","Baroclinic and barotropic instabilities in planetary atmospheres: energetics, equilibration and adjustment",1.000,P. L. Read; Daniel Kennedy; Neil T. Lewis; Hélène Scolan,2020,Nonlinear processes in geophysics,journal-article,core,yes,IDENTIFIER-ONLY,,28,https://npg.copernicus.org/articles/27/147/2020/npg-27-147-2020.pdf,Q4,barotropic instability Rayleigh-Kuo,barotropic instability zonal jet Rayleigh Kuo criterion,2026-07-25T10:56:57Z,2026-07-25T11:24:50Z,no,on-topic title but venue outside the field: Nonlinear processes in geophysics
10.1002/qj.2662,A potential vorticity signature for the cold sector of winter extratropical cyclones,A potential vorticity signature for the cold sector of winter extratropical cyclones,1.000,Benoît Vannière; Arnaud Czaja; Helen Dacre; Tim Woollings,2015,Quarterly Journal of the Royal Meteorological Society,journal-article,core,yes,IDENTIFIER-ONLY,,28,https://rmets.onlinelibrary.wiley.com/doi/pdfdirect/10.1002/qj.2662,Q6,counter-propagating Rossby waves,potential vorticity thinking isentropic maps,2026-07-25T10:56:57Z,2026-07-25T11:25:14Z,yes,DOMAIN: title 'vortic' in venue 'quarterly journal of the royal meteorological society'
10.1002/jgra.50420,Lunar tidal winds between 80 and 110 km from UARS/HRDI wind measurements,Lunar tidal winds between 80 and 110 km from UARS/HRDI wind measurements,1.000,Jesse T. Zhang; J. M. Forbes,2013,Journal of Geophysical Research Space Physics,journal-article,core,yes,IDENTIFIER-ONLY,,27,https://onlinelibrary.wiley.com/doi/pdfdirect/10.1002/jgra.50420,Q3,Hough modes / Laplace tidal equations,Laplace tidal equations Hough functions sphere,2026-07-25T10:56:57Z,2026-07-25T11:24:34Z,no,no strong domain term in title
10.1175/2009mwr2815.1,Uncertainties of Estimates of Inertia–Gravity Energy in the Atmosphere. Part I: Intercomparison of Four Analysis Systems,Uncertainties of Estimates of Inertia–Gravity Energy in the Atmosphere. Part I: Intercomparison of Four Analysis Systems,1.000,Nedjeljka Žagar; Joseph Tribbia; J. G. Anderson; K. Raeder,2009,Monthly Weather Review,journal-article,core,yes,IDENTIFIER-ONLY,,27,https://journals.ametsoc.org/downloadpdf/journals/mwre/137/11/2009mwr2815.1.pdf,T1,TARGET Kasahara 1976,Kasahara normal modes of ultralong waves in the atmosphere,2026-07-25T10:56:57Z,2026-07-25T11:25:35Z,yes,DOMAIN: title 'atmospher' in venue 'monthly weather review'
10.2151/jmsj1965.76.6_983,Numerical Simulation of a Life-Cycle of Atmospheric Blocking and the Analysis of Potential Vorticity Using a Simple Barotropic Model,Numerical Simulation of a Life-Cycle of Atmospheric Blocking and the Analysis of Potential Vorticity Using a Simple Barotropic Model,1.000,H. L. Tanaka,1998,Journal of the Meteorological Society of Japan Ser II,journal-article,core,yes,IDENTIFIER-ONLY,,26,https://www.jstage.jst.go.jp/article/jmsj1965/76/6/76_6_983/_pdf,Q2,Rossby wave dispersion,barotropic vorticity equation spherical harmonics normal modes,2026-07-25T10:56:57Z,2026-07-25T11:24:22Z,yes,DOMAIN: title 'barotropic' in venue 'journal of the meteorological society of japan'
10.3847/1538-4357/ac6d64,Radial Trapping of Thermal Rossby Waves within the Convection Zones of Low-Mass Stars,Radial Trapping of Thermal Rossby Waves within the Convection Zones of Low-mass Stars,1.000,Bradley W. Hindman; Rekha Jain,2022,arXiv (Cornell University),journal-article,core,yes,IDENTIFIER-ONLY,,26,https://arxiv.org/pdf/2205.02346,Q3,Hough modes / Laplace tidal equations,Lamb parameter shallow water sphere eigenfrequencies,2026-07-25T10:56:57Z,2026-07-25T11:24:34Z,no,on-topic title but venue outside the field: arXiv (Cornell University)
10.1175/jpo2719.1,The Influence of Topography on the Stability of Jets,The Influence of Topography on the Stability of Jets,1.000,Francis Poulin; Glenn R. Flierl,2005,Journal of Physical Oceanography,journal-article,core,yes,IDENTIFIER-ONLY,,26,https://journals.ametsoc.org/downloadpdf/journals/phoc/35/5/jpo2719.1.pdf,Q5,linear stability EVP for jets,linear stability eigenvalue problem barotropic jet sphere,2026-07-25T10:56:57Z,2026-07-25T11:25:00Z,yes,DOMAIN: title '\bjets\b' in venue 'journal of physical oceanography'
10.1051/0004-6361/201936863,Horizontal shear instabilities in rotating stellar radiation zones,Horizontal shear instabilities in rotating stellar radiation zones,1.000,Junho Park; V. Prat; S. Mathis,2020,Astronomy and Astrophysics,journal-article,core,yes,IDENTIFIER-ONLY,,25,https://www.aanda.org/articles/aa/pdf/2020/03/aa36863-19.pdf,Q4,barotropic instability Rayleigh-Kuo,inflection point criterion rotating shear flow,2026-07-25T10:56:57Z,2026-07-25T11:24:50Z,no,on-topic title but venue outside the field: Astronomy and Astrophysics
10.1256/qj.04.23,The counter-propagating Rossby-wave perspective on baroclinic instability. Part IV: Nonlinear life cycles,The counter-propagating Rossby-wave perspective on baroclinic instability. Part IV: Nonlinear life cycles,1.000,John Methven; Brian J. Hoskins; Eyal Heifetz; Craig H. Bishop,2005,Quarterly Journal of the Royal Meteorological Society,journal-article,core,yes,IDENTIFIER-ONLY,,25,,Q6,counter-propagating Rossby waves,counter propagating Rossby waves shear instability,2026-07-25T10:56:57Z,2026-07-25T11:25:14Z,yes,DOMAIN: title 'rossby' in venue 'quarterly journal of the royal meteorological society'
10.1002/qj.3191,Numerical instabilities of spherical shallow‐water models considering small equivalent depths,Numerical instabilities of spherical shallow‐water models considering small equivalent depths,1.000,Pedro S. Peixoto; John Thuburn; Michael J. Bell,2017,Quarterly Journal of the Royal Meteorological Society,journal-article,core,yes,IDENTIFIER-ONLY,,25,https://rmets.onlinelibrary.wiley.com/doi/pdfdirect/10.1002/qj.3191,Q9,Galewsky jet and forward citations,Galewsky barotropic instability test case,2026-07-25T10:56:57Z,2026-07-25T11:25:33Z,yes,DOMAIN: title 'instabilit' in venue 'quarterly journal of the royal meteorological society'
10.1111/j.1600-0870.2009.00395.x,On resonant Rossby-Haurwitz triads,On resonant Rossby-Haurwitz triads,1.000,Peter Lynch,2009,Tellus A Dynamic Meteorology and Oceanography,journal-article,core,yes,IDENTIFIER-ONLY,,24,http://hdl.handle.net/10197/2897,Q2,Rossby wave dispersion,barotropic vorticity equation spherical harmonics normal modes,2026-07-25T10:56:57Z,2026-07-25T11:24:23Z,yes,DOMAIN: title 'rossby' in venue 'tellus'
10.1002/qj.4232,Baroclinic instability and large‐scale wave propagation in a planetary‐scale atmosphere,Baroclinic instability and large‐scale wave propagation in a planetary‐scale atmosphere,1.000,Woosok Moon; Georgy E. Manucharyan; Henk A. Dijkstra,2021,Quarterly Journal of the Royal Meteorological Society,journal-article,core,yes,IDENTIFIER-ONLY,,24,https://onlinelibrary.wiley.com/doi/pdfdirect/10.1002/qj.4232,Q3,Hough modes / Laplace tidal equations,normal modes ultralong waves atmosphere,2026-07-25T10:56:57Z,2026-07-25T11:24:34Z,yes,DOMAIN: title 'baroclinic' in venue 'quarterly journal of the royal meteorological society'
10.1175/jas-d-20-0279.1,Multistability and Rare Spontaneous Transitions in Barotropic β-Plane Turbulence,Multistability and Rare Spontaneous Transitions in Barotropic β-Plane Turbulence,1.000,Eric Simonnet; Joran Rolland; Freddy Bouchet,2021,Journal of the Atmospheric Sciences,journal-article,core,yes,IDENTIFIER-ONLY,,23,https://journals.ametsoc.org/downloadpdf/journals/atsc/78/6/JAS-D-20-0279.1.pdf,Q4,barotropic instability Rayleigh-Kuo,barotropic instability zonal jet Rayleigh Kuo criterion,2026-07-25T10:56:57Z,2026-07-25T11:24:51Z,yes,DOMAIN: title 'barotropic' in venue 'journal of the atmospheric sciences'
10.1051/0004-6361/202038654,Horizontal shear instabilities in rotating stellar radiation zones,Horizontal shear instabilities in rotating stellar radiation zones,1.000,Junho Park; V. Prat; S. Mathis; L. Bugnet,2020,Astronomy and Astrophysics,journal-article,core,yes,IDENTIFIER-ONLY,,23,https://www.aanda.org/articles/aa/pdf/2021/02/aa38654-20.pdf,Q4,barotropic instability Rayleigh-Kuo,inflection point criterion rotating shear flow,2026-07-25T10:56:57Z,2026-07-25T11:24:51Z,no,on-topic title but venue outside the field: Astronomy and Astrophysics
10.1002/qj.2473,A conservative adaptive wavelet method for the shallow‐water equations on the sphere,A conservative adaptive wavelet method for the shallow‐water equations on the sphere,1.000,Matthias Aechtner; Nicholas Kevlahan; Thomas Dubos,2014,Quarterly Journal of the Royal Meteorological Society,journal-article,core,yes,IDENTIFIER-ONLY,,23,https://arxiv.org/pdf/1404.0405,Q9,Galewsky jet and forward citations,Galewsky barotropic instability test case,2026-07-25T10:56:57Z,2026-07-25T11:25:33Z,yes,DOMAIN: title '\bsphere\b' in venue 'quarterly journal of the royal meteorological society'
10.1111/j.1600-0870.2010.00490.x,Zonally propagating wave solutions of Laplace Tidal Equations in a baroclinic ocean of an aqua-planet,Zonally propagating wave solutions of Laplace Tidal Equations in a                         baroclinic ocean of an aqua-planet,1.000,Yair De‐Leon; Nathan Paldor,2010,Tellus A Dynamic Meteorology and Oceanography,journal-article,core,yes,IDENTIFIER-ONLY,,21,https://storage.googleapis.com/jnl-su-j-tadmo-files/journals/1/articles/598/submission/proof/598-1-39764-1-10-20220822.pdf,Q3,Hough modes / Laplace tidal equations,Laplace tidal equations Hough functions sphere,2026-07-25T10:56:57Z,2026-07-25T11:24:34Z,yes,DOMAIN: title 'baroclinic' in venue 'tellus'
10.1017/jfm.2013.219,Planetary (Rossby) waves and inertia–gravity (Poincaré) waves in a barotropic ocean over a sphere,Planetary (Rossby) waves and inertia–gravity (Poincaré) waves in a barotropic ocean over a sphere,1.000,Nathan Paldor; Yair De‐Leon; Ofer Shamir,2013,Journal of Fluid Mechanics,journal-article,core,yes,IDENTIFIER-ONLY,,20,,Q2,Rossby wave dispersion,planetary waves rotating sphere phase speed,2026-07-25T10:56:57Z,2026-07-25T11:24:22Z,yes,DOMAIN: title 'rossby' in venue 'journal of fluid mechanics'
10.1016/j.cnsns.2012.12.024,Complete classification of discrete resonant Rossby/drift wave triads on periodic domains,Complete classification of discrete resonant Rossby/drift wave triads on periodic domains,1.000,Miguel D. Bustamante; Umar Hayat,2013,Communications in Nonlinear Science and Numerical Simulation,journal-article,core,yes,IDENTIFIER-ONLY,,19,https://arxiv.org/pdf/1210.2036,Q2,Rossby wave dispersion,Rossby Haurwitz wave sphere dispersion relation,2026-07-25T10:56:57Z,2026-07-25T11:24:23Z,yes,DOMAIN: title 'rossby' in venue 'science'
10.1002/qj.4006,A high‐accuracy global prognostic model for the simulation of Rossby and gravity wave dynamics,A high‐accuracy global prognostic model for the simulation of Rossby and gravity wave dynamics,1.000,Sergiy Vasylkevych; Nedjeljka Žagar,2021,Quarterly Journal of the Royal Meteorological Society,journal-article,core,yes,IDENTIFIER-ONLY,,19,https://onlinelibrary.wiley.com/doi/pdfdirect/10.1002/qj.4006,Q3,Hough modes / Laplace tidal equations,Lamb parameter shallow water sphere eigenfrequencies,2026-07-25T10:56:57Z,2026-07-25T11:24:38Z,yes,DOMAIN: title 'rossby' in venue 'quarterly journal of the royal meteorological society'
10.3847/2041-8213/abc688,Detection of Dynamical Instability in Titan’s Thermospheric Jet,Detection of Dynamical Instability in Titan’s Thermospheric Jet,1.000,M. A. Cordiner; E. Garcia-Berrios; R. G. Cosentino; N. A. Teanby,2020,The Astrophysical Journal Letters,journal-article,core,yes,IDENTIFIER-ONLY,,19,https://iopscience.iop.org/article/10.3847/2041-8213/abc688/pdf,Q4,barotropic instability Rayleigh-Kuo,barotropic instability zonal jet Rayleigh Kuo criterion,2026-07-25T10:56:57Z,2026-07-25T11:24:50Z,yes,DOMAIN: title '\bjet\b' in venue 'astrophysical journal'
10.1146/annurev-marine-040323-101355,The Physical Oceanography of Ice-Covered Moons,The Physical Oceanography of Ice-Covered Moons,1.000,K. M. Soderlund; Marc Rovira‐Navarro; Michaël Le Bars; B. E. Schmidt,2023,Annual Review of Marine Science,journal-article,core,yes,IDENTIFIER-ONLY,,18,https://www.annualreviews.org/doi/pdf/10.1146/annurev-marine-040323-101355,Q3,Hough modes / Laplace tidal equations,Lamb parameter shallow water sphere eigenfrequencies,2026-07-25T10:56:57Z,2026-07-25T11:24:35Z,yes,DOMAIN: title 'ocean' in venue 'science'
10.1080/03091920008203713,On the normal mode instability of harmonic waves on a sphere,On the normal mode instability of harmonic waves on a sphere,1.000,Yu. N. Skiba,2000,Geophysical & Astrophysical Fluid Dynamics,journal-article,core,yes,IDENTIFIER-ONLY,,18,,Q5,linear stability EVP for jets,normal mode instability zonal flow spherical harmonics growth rate,2026-07-25T10:56:57Z,2026-07-25T11:25:01Z,yes,DOMAIN: title '\bsphere\b' in venue 'geophysical.*fluid dynamics'
10.5194/acp-18-8313-2018,Multivariate analysis of Kelvin wave seasonal variability in ECMWF L91 analyses,Multivariate analysis of Kelvin wave seasonal variability in ECMWF L91 analyses,1.000,Marten Blaauw; Nedjeljka Žagar,2018,Atmospheric chemistry and physics,journal-article,core,yes,IDENTIFIER-ONLY,,18,https://acp.copernicus.org/articles/18/8313/2018/acp-18-8313-2018.pdf,T1,TARGET Kasahara 1976,Kasahara normal modes of ultralong waves in the atmosphere,2026-07-25T10:56:57Z,2026-07-25T11:25:35Z,no,no strong domain term in title
10.1007/bf01904476,Atmosphere and Earth's rotation,Atmosphere and Earth's rotation,1.000,H. Volland,1996,Surveys in Geophysics,journal-article,core,yes,IDENTIFIER-ONLY,,17,,Q3,Hough modes / Laplace tidal equations,normal modes ultralong waves atmosphere,2026-07-25T10:56:57Z,2026-07-25T11:24:35Z,no,on-topic title but venue outside the field: Surveys in Geophysics
10.2151/jmsj1965.65.6_819,The Linear Response of a Global Atmosphere to Tropical Heating,The Linear Response of a Global Atmosphere to Tropical Heating,1.000,Yoshihisa Matsuda; Teruyuki Kato,1987,Journal of the Meteorological Society of Japan Ser II,journal-article,core,yes,IDENTIFIER-ONLY,,15,https://www.jstage.jst.go.jp/article/jmsj1965/65/6/65_6_819/_pdf,Q3,Hough modes / Laplace tidal equations,Hough mode eigenfrequency shallow water sphere,2026-07-25T10:56:57Z,2026-07-25T11:24:35Z,yes,DOMAIN: title 'atmospher' in venue 'journal of the meteorological society of japan'
10.1175/1520-0469(2001)058<3443:teoscw>2.0.co;2,The Equilibration of Short Charney Waves: Implications for Potential Vorticity Homogenization in the Extratropical Troposphere,The Equilibration of Short Charney Waves: Implications for Potential Vorticity Homogenization in the Extratropical Troposphere,1.000,Pablo Zurita‐Gotor; Richard S. Lindzen,2001,Journal of the Atmospheric Sciences,journal-article,core,yes,IDENTIFIER-ONLY,,15,https://journals.ametsoc.org/downloadpdf/journals/atsc/58/22/1520-0469_2001_058_3443_teoscw_2.0.co_2.pdf,Q4,barotropic instability Rayleigh-Kuo,Charney Stern theorem potential vorticity gradient,2026-07-25T10:56:57Z,2026-07-25T11:24:56Z,yes,DOMAIN: title 'vortic' in venue 'journal of the atmospheric sciences'
10.1002/qj.519,Canonical Hamiltonian representation of pseudoenergy in shear flows using counter‐propagating Rossby waves,Canonical Hamiltonian representation of pseudoenergy in shear flows using counter‐propagating Rossby waves,1.000,Eyal Heifetz; Nili Harnik; Talia Tamarin,2009,Quarterly Journal of the Royal Meteorological Society,journal-article,core,yes,IDENTIFIER-ONLY,,15,,Q6,counter-propagating Rossby waves,counter propagating Rossby waves shear instability,2026-07-25T10:56:57Z,2026-07-25T11:25:14Z,yes,DOMAIN: title 'rossby' in venue 'quarterly journal of the royal meteorological society'
10.1051/0004-6361/201834685,Generic frequency dependence for the atmospheric tidal torque of terrestrial planets,Generic frequency dependence for the atmospheric tidal torque of terrestrial planets,1.000,P. Auclair-Desrotour; J. Leconte; C. Mergny,2019,Astronomy and Astrophysics,journal-article,core,yes,IDENTIFIER-ONLY,,14,https://www.aanda.org/articles/aa/pdf/2019/04/aa34685-18.pdf,Q3,Hough modes / Laplace tidal equations,Laplace tidal equations Hough functions sphere,2026-07-25T10:56:57Z,2026-07-25T11:24:36Z,no,on-topic title but venue outside the field: Astronomy and Astrophysics
10.1016/j.jmaa.2003.10.039,Instability of the Rossby–Haurwitz wave in the invariant sets of perturbations,Instability of the Rossby–Haurwitz wave in the invariant sets of perturbations,1.000,Yu. N. Skiba,2003,Journal of Mathematical Analysis and Applications,journal-article,core,yes,IDENTIFIER-ONLY,,13,,Q5,linear stability EVP for jets,stability Rossby Haurwitz wave,2026-07-25T10:56:57Z,2026-07-25T11:25:05Z,no,on-topic title but venue outside the field: Journal of Mathematical Analysis and App
10.1175/jas-d-20-0151.1,Development Processes of the Explosive Cyclones over the Northwest Pacific: Potential Vorticity Tendency Inversion,Development Processes of the Explosive Cyclones over the Northwest Pacific: Potential Vorticity Tendency Inversion,1.000,Joonsuk M. Kang; Seok‐Woo Son,2021,Journal of the Atmospheric Sciences,journal-article,core,yes,IDENTIFIER-ONLY,,13,https://journals.ametsoc.org/downloadpdf/journals/atsc/78/6/JAS-D-20-0151.1.pdf,Q6,counter-propagating Rossby waves,Bretherton potential vorticity sheet boundary,2026-07-25T10:56:57Z,2026-07-25T11:25:15Z,yes,DOMAIN: title 'vortic' in venue 'journal of the atmospheric sciences'
10.1175/jas-d-14-0316.1,Association of Convection with the 5-Day Rossby–Haurwitz Wave,Association of Convection with the 5-Day Rossby–Haurwitz Wave,1.000,Malcolm J. King; Matthew C. Wheeler; Todd P. Lane,2015,Journal of the Atmospheric Sciences,journal-article,core,yes,IDENTIFIER-ONLY,,12,https://journals.ametsoc.org/downloadpdf/journals/atsc/72/9/jas-d-14-0316.1.pdf,Q2,Rossby wave dispersion,Rossby Haurwitz wave sphere dispersion relation,2026-07-25T10:56:57Z,2026-07-25T11:24:23Z,yes,DOMAIN: title 'rossby' in venue 'journal of the atmospheric sciences'
10.2151/jmsj.83.611,Arctic Oscillation Analyzed as a Singular Eigenmode of the Global Atmosphere,Arctic Oscillation Analyzed as a Singular Eigenmode of the Global Atmosphere,1.000,H. L. Tanaka; Mio Matsueda,2005,Journal of the Meteorological Society of Japan Ser II,journal-article,core,yes,IDENTIFIER-ONLY,,11,https://www.jstage.jst.go.jp/article/jmsj/83/4/83_4_611/_pdf,Q3,Hough modes / Laplace tidal equations,Hough mode eigenfrequency shallow water sphere,2026-07-25T10:56:57Z,2026-07-25T11:24:40Z,yes,DOMAIN: title 'eigen' in venue 'journal of the meteorological society of japan'
10.1098/rspa.1990.0029,Boundary value problems for the Laplace tidal wave equation,Boundary value problems for the Laplace tidal wave equation,1.000,Matt Homer,1990,Proceedings of the Royal Society of London A Mathematical and Physical Sciences,journal-article,core,yes,IDENTIFIER-ONLY,,10,,Q3,Hough modes / Laplace tidal equations,Laplace tidal equations Hough functions sphere,2026-07-25T10:56:57Z,2026-07-25T11:24:36Z,yes,DOMAIN: title 'laplace tidal' in venue 'proceedings of the royal society'
10.1016/j.jcp.2022.111797,Summation-by-parts finite-difference shallow water model on the cubed-sphere grid. Part I: Non-staggered grid,Summation-by-parts finite-difference shallow water model on the cubed-sphere grid. Part I: Non-staggered grid,1.000,V. V. Shashkin; Gordey Goyman; M. A. Tolstykh,2022,Journal of Computational Physics,journal-article,core,yes,IDENTIFIER-ONLY,,10,,Q9,Galewsky jet and forward citations,Galewsky barotropic instability test case,2026-07-25T10:56:57Z,2026-07-25T11:25:34Z,yes,DOMAIN: title 'shallow[- ]water' in venue 'journal of computational physics'
10.1175/1520-0469(1987)044<3625:amfeou>2.0.co;2,A Mechanism for Excitation of Ultralong Rossby Waves,A Mechanism for Excitation of Ultralong Rossby Waves,1.000,Arlindo da Silva; Richard S. Lindzen,1987,Journal of the Atmospheric Sciences,journal-article,core,yes,IDENTIFIER-ONLY,,9,http://journals.ametsoc.org/doi/pdf/10.1175/1520-0469%281987%29044%3C3625%3AAMFEOU%3E2.0.CO%3B2,Q3,Hough modes / Laplace tidal equations,normal modes ultralong waves atmosphere,2026-07-25T10:56:57Z,2026-07-25T11:24:36Z,yes,DOMAIN: title 'rossby' in venue 'journal of the atmospheric sciences'
10.1175/1520-0469(1987)044<0373:lbiott>2.0.co;2,Linear Barotropic Instability of the Tropical Easterly Jet on a Sphere,Linear Barotropic Instability of the Tropical Easterly Jet on a Sphere,1.000,Saroj K. Mishra,1987,Journal of the Atmospheric Sciences,journal-article,core,yes,IDENTIFIER-ONLY,,9,https://journals.ametsoc.org/downloadpdf/journals/atsc/44/2/1520-0469_1987_044_0373_lbiott_2_0_co_2.pdf,Q4,barotropic instability Rayleigh-Kuo,barotropic instability sphere spherical geometry,2026-07-25T10:56:57Z,2026-07-25T11:24:51Z,yes,DOMAIN: title 'barotropic' in venue 'journal of the atmospheric sciences'
10.1175/2007jas2178.1,Axial Atmospheric Angular Momentum Budget at Diurnal and Subdiurnal Periodicities,Axial Atmospheric Angular Momentum Budget at Diurnal and Subdiurnal Periodicities,1.000,François Lott; O. de Viron; Pedro Viterbo; F. Vial,2008,Journal of the Atmospheric Sciences,journal-article,core,yes,IDENTIFIER-ONLY,,7,https://journals.ametsoc.org/downloadpdf/journals/atsc/65/1/2007jas2178.1.pdf,Q3,Hough modes / Laplace tidal equations,Lamb parameter shallow water sphere eigenfrequencies,2026-07-25T10:56:57Z,2026-07-25T11:24:37Z,yes,DOMAIN: title 'atmospher' in venue 'journal of the atmospheric sciences'
10.2151/jmsj1965.67.6_949,Evolution of Disturbance and Geostrophic Adjustment on the Sphere,Evolution of Disturbance and Geostrophic Adjustment on the Sphere,1.000,Yoshihisa Matsuda; Hajime Takayamal,1989,Journal of the Meteorological Society of Japan Ser II,journal-article,core,yes,IDENTIFIER-ONLY,,7,https://www.jstage.jst.go.jp/article/jmsj1965/67/6/67_6_949/_pdf,Q3,Hough modes / Laplace tidal equations,Hough mode eigenfrequency shallow water sphere,2026-07-25T10:56:57Z,2026-07-25T11:24:37Z,yes,DOMAIN: title '\bsphere\b' in venue 'journal of the meteorological society of japan'
10.1002/num.20042,On the structure and growth rate of unstable modes to the Rossby‐Haurwitz wave,On the structure and growth rate of unstable modes to the Rossby‐Haurwitz wave,1.000,Yuri N. Skiba; Ismael Pérez‐García,2004,Numerical Methods for Partial Differential Equations,journal-article,core,yes,IDENTIFIER-ONLY,,7,https://onlinelibrary.wiley.com/doi/pdfdirect/10.1002/num.20042,Q5,linear stability EVP for jets,stability Rossby Haurwitz wave,2026-07-25T10:56:57Z,2026-07-25T11:25:01Z,no,on-topic title but venue outside the field: Numerical Methods for Partial Differenti
10.3402/tellusa.v47i5.11545,A generalized Charney-Stern theorem for semi-geostrophic dynamics,A generalized Charney-Stern theorem for semi-geostrophic dynamics,1.000,Paul J. Kushner,1995,Tellus A Dynamic Meteorology and Oceanography,journal-article,core,yes,IDENTIFIER-ONLY,,6,https://www.tandfonline.com/doi/pdf/10.3402/tellusa.v47i5.11545?needAccess=true,Q4,barotropic instability Rayleigh-Kuo,Charney Stern theorem potential vorticity gradient,2026-07-25T10:56:57Z,2026-07-25T11:24:51Z,yes,DOMAIN: title 'geostrophic' in venue 'tellus'
10.1175/1520-0469(1993)050<2054:tbnmic>2.0.co;2,The Barotropic Normal Modes in Certain Shear Flows and the Traveling Waves in the Atmosphere,The Barotropic Normal Modes in Certain Shear Flows and the Traveling Waves in the Atmosphere,1.000,Ping Chen,1993,Journal of the Atmospheric Sciences,journal-article,core,yes,IDENTIFIER-ONLY,,5,,Q2,Rossby wave dispersion,barotropic vorticity equation spherical harmonics normal modes,2026-07-25T10:56:57Z,2026-07-25T11:24:23Z,yes,DOMAIN: title 'barotropic' in venue 'journal of the atmospheric sciences'
10.2151/jmsj.83.481,Roles of Rossby and Gravity Waves on Circulation Associated with Tropical and Subtropical Heating,Roles of Rossby and Gravity Waves on Circulation Associated with Tropical and Subtropical Heating,1.000,Y. Kosaka; Yoshihisa Matsuda,2005,Journal of the Meteorological Society of Japan Ser II,journal-article,core,yes,IDENTIFIER-ONLY,,5,https://www.jstage.jst.go.jp/article/jmsj/83/4/83_4_481/_pdf,Q3,Hough modes / Laplace tidal equations,Hough mode eigenfrequency shallow water sphere,2026-07-25T10:56:57Z,2026-07-25T11:24:37Z,yes,DOMAIN: title 'rossby' in venue 'journal of the meteorological society of japan'
10.1098/rspa.2017.0883,Stability of barotropic vortex strip on a rotating sphere,Stability of barotropic vortex strip on a rotating sphere,1.000,Sung-Ik Sohn; Takashi Sakajo; Sun-Chul Kim,2018,Proceedings of the Royal Society A Mathematical Physical and Engineering Sciences,journal-article,core,yes,IDENTIFIER-ONLY,,5,https://royalsocietypublishing.org/doi/pdf/10.1098/rspa.2017.0883,Q5,linear stability EVP for jets,linear stability eigenvalue problem barotropic jet sphere,2026-07-25T10:56:57Z,2026-07-25T11:25:01Z,yes,DOMAIN: title 'barotropic' in venue 'proceedings of the royal society'
10.1007/s00021-017-0359-9,On Liapunov and Exponential Stability of Rossby–Haurwitz Waves in Invariant Sets of Perturbations,On Liapunov and Exponential Stability of Rossby–Haurwitz Waves in Invariant Sets of Perturbations,1.000,Yuri N. Skiba,2018,Journal of Mathematical Fluid Mechanics,journal-article,core,yes,IDENTIFIER-ONLY,,5,,Q5,linear stability EVP for jets,stability Rossby Haurwitz wave,2026-07-25T10:56:57Z,2026-07-25T11:25:02Z,no,on-topic title but venue outside the field: Journal of Mathematical Fluid Mechanics
10.1175/jas-d-19-0146.1,Normal Mode Spectra of Idealized Baroclinic Waves,Normal Mode Spectra of Idealized Baroclinic Waves,1.000,Matthew R. Ambacher; Michael L. Waite,2019,Journal of the Atmospheric Sciences,journal-article,core,yes,IDENTIFIER-ONLY,,5,https://journals.ametsoc.org/downloadpdf/journals/atsc/77/3/jas-d-19-0146.1.pdf,T1,TARGET Kasahara 1976,Kasahara normal modes of ultralong waves in the atmosphere,2026-07-25T10:56:57Z,2026-07-25T11:25:36Z,yes,DOMAIN: title 'baroclinic' in venue 'journal of the atmospheric sciences'
10.1002/qj.3696,Stability of Rossby–Haurwitz waves,Stability of Rossby–Haurwitz waves,1.000,Pierre Bénard,2019,Quarterly Journal of the Royal Meteorological Society,journal-article,core,yes,IDENTIFIER-ONLY,,4,,Q5,linear stability EVP for jets,stability Rossby Haurwitz wave,2026-07-25T10:56:57Z,2026-07-25T11:25:02Z,yes,DOMAIN: title 'rossby' in venue 'quarterly journal of the royal meteorological society'
10.1002/asl.279,Evaluation of three spatial discretization schemes with the Galewsky <i>et al</i>. test,Evaluation of three spatial discretization schemes with the Galewsky <i>et al</i>. test,1.000,Seoleun Shin; Matthias Sommer; Sebastian Reich; Peter Névir,2010,Atmospheric Science Letters,journal-article,core,yes,IDENTIFIER-ONLY,,4,https://onlinelibrary.wiley.com/doi/pdfdirect/10.1002/asl.279,Q9,Galewsky jet and forward citations,Galewsky barotropic instability test case,2026-07-25T10:56:57Z,2026-07-25T11:25:33Z,no,no strong domain term in title
10.1016/0377-0265(82)90005-7,Rossby waves in a rotating fluid of spheroidal configuration,Rossby waves in a rotating fluid of spheroidal configuration,1.000,Steven D. London,1982,Dynamics of Atmospheres and Oceans,journal-article,core,yes,IDENTIFIER-ONLY,,3,,Q2,Rossby wave dispersion,Rossby Haurwitz wave sphere dispersion relation,2026-07-25T10:56:57Z,2026-07-25T11:24:23Z,yes,DOMAIN: title 'rossby' in venue 'dynamics of atmospheres and oceans'
10.1063/5.0076892,Radiation-induced instability of a finite-chord Nemtsov membrane,Radiation-induced instability of a finite-chord Nemtsov membrane,1.000,Joris Labarbe; Oleg N. Kirillov,2022,Physics of Fluids,journal-article,core,yes,IDENTIFIER-ONLY,,2,https://aip.scitation.org/doi/pdf/10.1063/5.0076892,Q3,Hough modes / Laplace tidal equations,Lamb parameter shallow water sphere eigenfrequencies,2026-07-25T10:56:57Z,2026-07-25T11:24:38Z,yes,DOMAIN: title 'instabilit' in venue 'physics of fluids'
10.5802/crphys.28,From the geometry of Foucault pendulum to the topology of planetary waves,From the geometry of Foucault pendulum to the topology of planetary waves,1.000,Pierre Delplace; Antoine Venaille,2020,Comptes Rendus Physique,journal-article,core,yes,IDENTIFIER-ONLY,,2,https://comptes-rendus.academie-sciences.fr/physique/item/10.5802/crphys.28.pdf,Q3,Hough modes / Laplace tidal equations,Lamb parameter shallow water sphere eigenfrequencies,2026-07-25T10:56:57Z,2026-07-25T11:24:38Z,no,on-topic title but venue outside the field: Comptes Rendus Physique
10.1002/qj.4678,On the indices of the normal modes of Laplace's tidal equations for zonal wavenumber zero,On the indices of the normal modes of Laplace's tidal equations for zonal wavenumber zero,1.000,J. M. Castanheira,2024,Quarterly Journal of the Royal Meteorological Society,journal-article,core,yes,IDENTIFIER-ONLY,,2,https://onlinelibrary.wiley.com/doi/pdfdirect/10.1002/qj.4678,Q3,Hough modes / Laplace tidal equations,Hough mode eigenfrequency shallow water sphere,2026-07-25T10:56:57Z,2026-07-25T11:24:38Z,yes,DOMAIN: title 'zonal' in venue 'quarterly journal of the royal meteorological society'
10.1256/smsqj.42212,Stability of the Rossby-Haurwitz wave,Stability of the Rossby-Haurwitz wave,1.000,BJ HOSKINS,1973,Quarterly Journal of the Royal Meteorological Society,journal-article,core,yes,IDENTIFIER-ONLY,,2,,Q5,linear stability EVP for jets,stability Rossby Haurwitz wave,2026-07-25T10:56:57Z,2026-07-25T11:25:02Z,yes,DOMAIN: title 'rossby' in venue 'quarterly journal of the royal meteorological society'
10.1175/jas-d-19-0131.1,Linear and Weakly Nonlinear Energetics of Global Nonhydrostatic Normal Modes,Linear and Weakly Nonlinear Energetics of Global Nonhydrostatic Normal Modes,1.000,Carlos F. M. Raupp; André S. W. Teruya; Pedro Leite da Silva Dias,2019,Journal of the Atmospheric Sciences,journal-article,core,yes,IDENTIFIER-ONLY,,1,https://journals.ametsoc.org/downloadpdf/journals/atsc/76/12/jas-d-19-0131.1.pdf,Q3,Hough modes / Laplace tidal equations,Hough mode eigenfrequency shallow water sphere,2026-07-25T10:56:57Z,2026-07-25T11:24:38Z,yes,DOMAIN: title 'normal mode' in venue 'journal of the atmospheric sciences'
10.2139/ssrn.4176834,Summation-by-Parts Finite-Difference Shallow Water Model on the Cubed-Sphere Grid. Part I: Non-Staggered Grid,Summation-by-Parts Finite-Difference Shallow Water Model on the Cubed-Sphere Grid. Part I: Non-Staggered Grid,1.000,V. V. Shashkin; Gordey Goyman,2022,SSRN Electronic Journal,journal-article,core,yes,IDENTIFIER-ONLY,,1,https://doi.org/10.2139/ssrn.4176834,Q9,Galewsky jet and forward citations,Galewsky barotropic instability test case,2026-07-25T10:56:57Z,2026-07-25T11:25:34Z,no,on-topic title but venue outside the field: SSRN Electronic Journal
10.1175/bams-83-11-1631,NCEP–DOE AMIP-II Reanalysis (R-2),NCEP–DOE AMIP-II Reanalysis (R-2),1.000,Masao Kanamitsu; Wesley Ebisuzaki; Jack Woollen; Shi‐Keng Yang,2002,Bulletin of the American Meteorological Society,journal-article,supporting,yes,IDENTIFIER-ONLY,,5427,https://journals.ametsoc.org/downloadpdf/journals/bams/83/11/bams-83-11-1631.pdf,Q10,reanalysis / observed eddy phenomenology,NCEP NCAR reanalysis project,2026-07-25T10:56:57Z,2026-07-25T11:23:44Z,yes,DOMAIN: title 'reanalysis' in venue 'bulletin of the american meteorological society'
10.5194/essd-13-4349-2021,ERA5-Land: a state-of-the-art global reanalysis dataset for land applications,ERA5-Land: a state-of-the-art global reanalysis dataset for land applications,1.000,Joaquín Muñoz‐Sabater; Emanuel Dutra; Anna Agustí‐Panareda; Clément Albergel,2021,Earth system science data,journal-article,supporting,yes,IDENTIFIER-ONLY,,4807,https://doi.org/10.5194/essd-13-4349-2021,Q10,reanalysis / observed eddy phenomenology,ERA5 global reanalysis,2026-07-25T10:56:57Z,2026-07-25T11:23:46Z,yes,DOMAIN: title 'reanalysis' in venue 'science'
10.1175/1520-0477(2001)082<0247:tnnyrm>2.3.co;2,The NCEP–NCAR 50–Year Reanalysis: Monthly Means CD–ROM and Documentation,The NCEP–NCAR 50–Year Reanalysis: Monthly Means CD–ROM and Documentation,1.000,Robert Kistler; William D. Collins; Suranjana Saha; Glenn H. White,2001,Bulletin of the American Meteorological Society,journal-article,supporting,yes,IDENTIFIER-ONLY,,4353,https://journals.ametsoc.org/downloadpdf/journals/bams/82/2/1520-0477_2001_082_0247_tnnyrm_2_3_co_2.pdf,Q10,reanalysis / observed eddy phenomenology,NCEP NCAR reanalysis project,2026-07-25T10:56:57Z,2026-07-25T11:23:45Z,yes,DOMAIN: title 'reanalysis' in venue 'bulletin of the american meteorological society'
10.1175/bams-87-3-343,North American Regional Reanalysis,North American Regional Reanalysis,1.000,Fedor Mesinger; Geoff DiMego; Eugenia Kalnay; Kenneth E. Mitchell,2006,Bulletin of the American Meteorological Society,journal-article,supporting,yes,IDENTIFIER-ONLY,,3514,https://journals.ametsoc.org/downloadpdf/journals/bams/87/3/bams-87-3-343.pdf,Q10,reanalysis / observed eddy phenomenology,NCEP NCAR reanalysis project,2026-07-25T10:56:57Z,2026-07-25T11:23:46Z,yes,DOMAIN: title 'reanalysis' in venue 'bulletin of the american meteorological society'
10.1175/2008mwr2387.1,Explicit Forecasts of Winter Precipitation Using an Improved Bulk Microphysics Scheme. Part II: Implementation of a New Snow Parameterization,Explicit Forecasts of Winter Precipitation Using an Improved Bulk Microphysics Scheme. Part II: Implementation of a New Snow Parameterization,1.000,Gregory Thompson; Paul R. Field; Roy Rasmussen; William D. Hall,2008,Monthly Weather Review,journal-article,supporting,yes,IDENTIFIER-ONLY,,3234,https://journals.ametsoc.org/downloadpdf/journals/mwre/136/12/2008mwr2387.1.pdf,Q1,benchmark suite,shallow water equations spherical geometry standard test set,2026-07-25T10:56:57Z,2026-07-25T11:23:34Z,no,no strong domain term in title
10.1175/bams-d-12-00121.1,The Community Earth System Model: A Framework for Collaborative Research,The Community Earth System Model: A Framework for Collaborative Research,1.000,James W. Hurrell; Marika M. Holland; P. R. Gent; S. J. Ghan,2013,Bulletin of the American Meteorological Society,journal-article,supporting,yes,IDENTIFIER-ONLY,,2833,https://journals.ametsoc.org/downloadpdf/journals/bams/94/9/bams-d-12-00121.1.pdf,Q1,benchmark suite,shallow water model intercomparison sphere,2026-07-25T10:56:57Z,2026-07-25T11:23:34Z,no,no strong domain term in title
10.1175/jcli3790.1,Development of a 50-Year High-Resolution Global Dataset of Meteorological Forcings for Land Surface Modeling,Development of a 50-Year High-Resolution Global Dataset of Meteorological Forcings for Land Surface Modeling,1.000,Justin Sheffield; Gopi Goteti; Eric F. Wood,2006,Journal of Climate,journal-article,supporting,yes,IDENTIFIER-ONLY,,2058,https://journals.ametsoc.org/downloadpdf/journals/clim/19/13/jcli3790.1.pdf,Q10,reanalysis / observed eddy phenomenology,NCEP NCAR reanalysis project,2026-07-25T10:56:57Z,2026-07-25T11:23:46Z,no,no strong domain term in title
10.1175/1520-0442(2002)015<2205:tabtio>2.0.co;2,The Atmospheric Bridge: The Influence of ENSO Teleconnections on Air–Sea Interaction over the Global Oceans,The Atmospheric Bridge: The Influence of ENSO Teleconnections on Air–Sea Interaction over the Global Oceans,1.000,Michael A. Alexander; Ileana Bladé; Matthew Newman; John R. Lanzante,2002,Journal of Climate,journal-article,supporting,yes,IDENTIFIER-ONLY,,1987,,Q10,reanalysis / observed eddy phenomenology,NCEP NCAR reanalysis project,2026-07-25T10:56:57Z,2026-07-25T11:23:46Z,yes,DOMAIN: title 'teleconnection' in venue 'journal of climate'
10.1175/1520-0469(1999)056<0374:ccewao>2.0.co;2,Convectively Coupled Equatorial Waves: Analysis of Clouds and Temperature in the Wavenumber–Frequency Domain,Convectively Coupled Equatorial Waves: Analysis of Clouds and Temperature in the Wavenumber–Frequency Domain,1.000,Matthew C. Wheeler; George N. Kiladis,1999,Journal of the Atmospheric Sciences,journal-article,supporting,yes,IDENTIFIER-ONLY,,1844,https://journals.ametsoc.org/downloadpdf/journals/atsc/56/3/1520-0469_1999_056_0374_ccewao_2.0.co_2.pdf,Q10,reanalysis / observed eddy phenomenology,space time spectral analysis atmospheric waves Hayashi,2026-07-25T10:56:57Z,2026-07-25T11:23:46Z,yes,DOMAIN: title 'wavenumber' in venue 'journal of the atmospheric sciences'
10.2151/jmsj.85.369,The JRA-25 Reanalysis,The JRA-25 Reanalysis,1.000,Kazutoshi Onogi; Junichi Tsutsui; Hiroshi Koide; Masami Sakamoto,2007,Journal of the Meteorological Society of Japan Ser II,journal-article,supporting,yes,IDENTIFIER-ONLY,,1633,https://www.jstage.jst.go.jp/article/jmsj/85/3/85_3_369/_pdf,Q10,reanalysis / observed eddy phenomenology,NCEP NCAR reanalysis project,2026-07-25T10:56:57Z,2026-07-25T11:23:47Z,yes,DOMAIN: title 'reanalysis' in venue 'journal of the meteorological society of japan'
10.5194/gmd-4-1051-2011,Development and evaluation of an Earth-System model – HadGEM2,Development and evaluation of an Earth-System model – HadGEM2,1.000,W. J. Collins; Nicolas Bellouin; Marie Doutriaux‐Boucher; Nicola Gedney,2011,Geoscientific model development,journal-article,supporting,yes,IDENTIFIER-ONLY,,1550,https://gmd.copernicus.org/articles/4/1051/2011/gmd-4-1051-2011.pdf,Q1,benchmark suite,shallow water model intercomparison sphere,2026-07-25T10:56:57Z,2026-07-25T11:23:35Z,no,no strong domain term in title
10.1002/jgrd.50203,Climate extremes indices in the CMIP5 multimodel ensemble: Part 1. Model evaluation in the present climate,Climate extremes indices in the CMIP5 multimodel ensemble: Part 1. Model evaluation in the present climate,1.000,Jana Sillmann; V. V. Kharin; Xuebin Zhang; Francis W. Zwiers,2013,Journal of Geophysical Research Atmospheres,journal-article,supporting,yes,IDENTIFIER-ONLY,,1497,https://onlinelibrary.wiley.com/doi/pdfdirect/10.1002/jgrd.50203,Q10,reanalysis / observed eddy phenomenology,NCEP NCAR reanalysis project,2026-07-25T10:56:57Z,2026-07-25T11:23:47Z,no,no strong domain term in title
10.1175/jcli3824.1,Sensitivity of Simulated Climate to Horizontal and Vertical Resolution in the ECHAM5 Atmosphere Model,Sensitivity of Simulated Climate to Horizontal and Vertical Resolution in the ECHAM5 Atmosphere Model,1.000,E. Roeckner; Renate Brokopf; M. Esch; M. A. Giorgetta,2006,Journal of Climate,journal-article,supporting,yes,IDENTIFIER-ONLY,,1439,https://journals.ametsoc.org/downloadpdf/journals/clim/19/16/jcli3824.1.pdf,Q10,reanalysis / observed eddy phenomenology,wavenumber frequency spectrum geopotential height,2026-07-25T10:56:57Z,2026-07-25T11:23:53Z,yes,DOMAIN: title 'atmospher' in venue 'journal of climate'
10.1016/j.physrep.2016.03.003,"Reactive species in non-equilibrium atmospheric-pressure plasmas: Generation, transport, and biological effects","Reactive species in non-equilibrium atmospheric-pressure plasmas: Generation, transport, and biological effects",1.000,Xinpei Lu; G V Naĭdis; Mounir Laroussi; Stephan Reuter,2016,Physics Reports,journal-article,supporting,yes,IDENTIFIER-ONLY,,1200,https://www.sciencedirect.com/science/article/am/pii/S0370157316300187?via%3Dihub,Q10,reanalysis / observed eddy phenomenology,space time spectral analysis atmospheric waves Hayashi,2026-07-25T10:56:57Z,2026-07-25T11:23:49Z,no,on-topic title but venue outside the field: Physics Reports
10.1090/s0273-0979-1987-15514-5,The Yamabe problem,The Yamabe problem,1.000,John M. Lee; Thomas H. Parker,1987,Bulletin of the American Mathematical Society,journal-article,supporting,yes,IDENTIFIER-ONLY,,1181,https://www.ams.org/bull/1987-17-01/S0273-0979-1987-15514-5/S0273-0979-1987-15514-5.pdf,Q8,spectral methods / Dedalus,tensor calculus spherical coordinates Jacobi polynomials,2026-07-25T10:56:57Z,2026-07-25T11:25:21Z,no,off-domain term: yamabe
10.1175/1520-0493(2004)132<2293:avlfdc>2.0.co;2,A “Vertically Lagrangian” Finite-Volume Dynamical Core for Global Models,A “Vertically Lagrangian” Finite-Volume Dynamical Core for Global Models,1.000,Shian‐Jiann Lin,2004,Monthly Weather Review,journal-article,supporting,yes,IDENTIFIER-ONLY,,1123,https://journals.ametsoc.org/downloadpdf/journals/mwre/132/10/1520-0493_2004_132_2293_avlfdc_2.0.co_2.pdf,Q1,benchmark suite,shallow water model intercomparison sphere,2026-07-25T10:56:57Z,2026-07-25T11:23:35Z,yes,DOMAIN: title 'dynamical core' in venue 'monthly weather review'
10.1175/1520-0493(1997)125<3297:efanat>2.0.co;2,Ensemble Forecasting at NCEP and the Breeding Method,Ensemble Forecasting at NCEP and the Breeding Method,1.000,Zoltán Tóth; Eugenia Kalnay,1997,Monthly Weather Review,journal-article,supporting,yes,IDENTIFIER-ONLY,,1089,https://journals.ametsoc.org/downloadpdf/journals/mwre/125/12/1520-0493_1997_125_3297_efanat_2.0.co_2.pdf,Q8,spectral methods / Dedalus,sphere spectral method pole problem,2026-07-25T10:56:57Z,2026-07-25T11:25:26Z,yes,DOMAIN: title 'ncep' in venue 'monthly weather review'
10.1175/1520-0477(1994)075<1825:apftio>2.0.co;2,A Proposal for the Intercomparison of the Dynamical Cores of Atmospheric General Circulation Models,A Proposal for the Intercomparison of the Dynamical Cores of Atmospheric General Circulation Models,1.000,Isaac M. Held; Max J. Suárez,1994,Bulletin of the American Meteorological Society,journal-article,supporting,yes,IDENTIFIER-ONLY,,927,https://journals.ametsoc.org/downloadpdf/journals/bams/75/10/1520-0477_1994_075_1825_apftio_2_0_co_2.pdf,Q1,benchmark suite,numerical approximations shallow water sphere benchmark,2026-07-25T10:56:57Z,2026-07-25T11:23:35Z,yes,DOMAIN: title 'dynamical core' in venue 'bulletin of the american meteorological society'
10.1016/s0021-9991(05)80016-6,A standard test set for numerical approximations to the shallow water equations in spherical geometry,A standard test set for numerical approximations to the shallow water equations in spherical geometry,1.000,David Williamson; John B. Drake; James J. Hack; Rüdiger Jakob,1992,Journal of Computational Physics,journal-article,supporting,yes,IDENTIFIER-ONLY,,872,,Q1,benchmark suite,shallow water equations spherical geometry standard test set,2026-07-25T10:56:57Z,2026-07-25T11:23:35Z,yes,DOMAIN: title 'shallow[- ]water' in venue 'journal of computational physics'
10.1002/mrm.21277,"Regularized, fast, and robust analytical Q‐ball imaging","Regularized, fast, and robust analytical Q‐ball imaging",1.000,Maxime Descoteaux; Elaine Angelino; Shaun Fitzgibbons; Rachid Deriche,2007,Magnetic Resonance in Medicine,journal-article,supporting,yes,IDENTIFIER-ONLY,,848,https://onlinelibrary.wiley.com/doi/pdfdirect/10.1002/mrm.21277,Q8,spectral methods / Dedalus,spherical harmonic transform numerical method sphere,2026-07-25T10:56:57Z,2026-07-25T11:25:21Z,no,no strong domain term in title
10.4324/9781315793245-16,The NCEP/NCAR 40-Year Reanalysis Project,The NCEP/NCAR 40-Year Reanalysis Project,1.000,E. Kalnay; M. Kanamitsu; R. Kistler; W. Collins,2018,Renewable Energy,book chapter,supporting,yes,IDENTIFIER-ONLY,,835,,Q10,reanalysis / observed eddy phenomenology,NCEP NCAR reanalysis project,2026-07-25T10:56:57Z,2026-07-25T11:23:48Z,no,on-topic title but venue outside the field: Renewable Energy
10.1109/jproc.2021.3052449,A Unifying Review of Deep and Shallow Anomaly Detection,A Unifying Review of Deep and Shallow Anomaly Detection,1.000,Lukas Ruff; Jacob R. Kauffmann; Robert A. Vandermeulen; Gregoire Montavon,2021,Proceedings of the IEEE,journal-article,supporting,yes,IDENTIFIER-ONLY,,834,https://ieeexplore.ieee.org/ielx7/5/9420072/09347460.pdf,Q1,benchmark suite,numerical approximations shallow water sphere benchmark,2026-07-25T10:56:57Z,2026-07-25T11:23:36Z,no,off-domain term: anomaly detection
10.1029/2002jd002490,"Stratosphere‐troposphere exchange: A review, and what we have learned from STACCATO","Stratosphere‐troposphere exchange: A review, and what we have learned from STACCATO",1.000,A. Stohl; Paolo Bonasoni; Paolo Cristofanelli; W. J. Collins,2003,Journal of Geophysical Research Atmospheres,journal-article,supporting,yes,IDENTIFIER-ONLY,,740,https://onlinelibrary.wiley.com/doi/pdfdirect/10.1029/2002JD002490,Q10,reanalysis / observed eddy phenomenology,stationary and transient eddy phase speed troposphere,2026-07-25T10:56:57Z,2026-07-25T11:23:50Z,yes,DOMAIN: title 'stratospher' in venue 'journal of geophysical research'
10.1103/revmodphys.82.789,Mean-field theory of hard sphere glasses and jamming,Mean-field theory of hard sphere glasses and jamming,1.000,Giorgio Parisi; Francesco Zamponi,2010,Reviews of Modern Physics,journal-article,supporting,yes,IDENTIFIER-ONLY,,709,http://link.aps.org/pdf/10.1103/RevModPhys.82.789,Q8,spectral methods / Dedalus,spherical harmonic transform numerical method sphere,2026-07-25T10:56:57Z,2026-07-25T11:25:22Z,no,off-domain term: glasses and jamming
10.1175/1520-0442(2002)015<2233:agrtes>2.0.co;2,Atmospheric GCM Response to Extratropical SST Anomalies: Synthesis and Evaluation*,Atmospheric GCM Response to Extratropical SST Anomalies: Synthesis and Evaluation*,1.000,Yochanan Kushnir; Walter A. Robinson; Ileana Bladé; Nicholas M. J. Hall,2002,Journal of Climate,journal-article,supporting,yes,IDENTIFIER-ONLY,,686,https://journals.ametsoc.org/downloadpdf/journals/clim/15/16/1520-0442_2002_015_2233_agrtes_2.0.co_2.pdf,Q10,reanalysis / observed eddy phenomenology,observed phase speed spectra extratropical eddies,2026-07-25T10:56:57Z,2026-07-25T11:23:49Z,yes,DOMAIN: title 'atmospher' in venue 'journal of climate'
10.1002/qj.4174,The ERA5 global reanalysis: Preliminary extension to 1950,The ERA5 global reanalysis: Preliminary extension to 1950,1.000,Bill Bell; Hans Hersbach; A. J. Simmons; Paul Berrisford,2021,Quarterly Journal of the Royal Meteorological Society,journal-article,supporting,yes,IDENTIFIER-ONLY,,674,https://repository.library.noaa.gov/view/noaa/52589,Q10,reanalysis / observed eddy phenomenology,ERA5 global reanalysis,2026-07-25T10:56:57Z,2026-07-25T11:23:49Z,yes,DOMAIN: title 'reanalysis' in venue 'quarterly journal of the royal meteorological society'
10.5194/acp-19-3097-2019,From ERA-Interim to ERA5: the considerable impact of ECMWF's next-generation reanalysis on Lagrangian transport simulations,From ERA-Interim to ERA5: the considerable impact of ECMWF's next-generation reanalysis on Lagrangian transport simulations,1.000,Lars Hoffmann; G. Günther; Dan Li; Olaf Stein,2019,Atmospheric chemistry and physics,journal-article,supporting,yes,IDENTIFIER-ONLY,,652,https://doi.org/10.5194/acp-19-3097-2019,Q10,reanalysis / observed eddy phenomenology,ERA5 global reanalysis,2026-07-25T10:56:57Z,2026-07-25T11:23:50Z,yes,DOMAIN: title 'reanalysis' in venue 'atmospheric chemistry and physics'
10.1002/qj.625,Variability of the North Atlantic eddy-driven jet stream,Variability of the North Atlantic eddy-driven jet stream,1.000,Tim Woollings; Abdel Hannachi; Brian J. Hoskins,2010,Quarterly Journal of the Royal Meteorological Society,journal-article,supporting,yes,IDENTIFIER-ONLY,,645,https://onlinelibrary.wiley.com/doi/pdfdirect/10.1002/qj.625,Q10,reanalysis / observed eddy phenomenology,stationary and transient eddy phase speed troposphere,2026-07-25T10:56:57Z,2026-07-25T11:23:54Z,yes,DOMAIN: title '\bjet\b' in venue 'quarterly journal of the royal meteorological society'
10.1002/qj.637,Recent developments in gravity‐wave effects in climate models and the global distribution of gravity‐wave momentum flux from observations and models,Recent developments in gravity‐wave effects in climate models and the global distribution of gravity‐wave momentum flux from observations and models,1.000,M. Joan Alexander; Marvin A. Geller; C. McLandress; Saroja Polavarapu,2010,Quarterly Journal of the Royal Meteorological Society,journal-article,supporting,yes,IDENTIFIER-ONLY,,614,https://onlinelibrary.wiley.com/doi/pdfdirect/10.1002/qj.637,Q10,reanalysis / observed eddy phenomenology,space time spectral analysis atmospheric waves Hayashi,2026-07-25T10:56:57Z,2026-07-25T11:23:50Z,yes,DOMAIN: title 'climate model' in venue 'quarterly journal of the royal meteorological society'
10.3847/1538-4365/acae8d,"Modules for Experiments in Stellar Astrophysics (MESA): Time-dependent Convection, Energy Conservation, Automatic Differentiation, and Infrastructure","Modules for Experiments in Stellar Astrophysics (MESA): Time-dependent Convection, Energy Conservation, Automatic Differentiation, and Infrastructure",1.000,Adam S. Jermyn; Evan B. Bauer; Josiah Schwab; R. Farmer,2023,The Astrophysical Journal Supplement Series,journal-article,supporting,yes,IDENTIFIER-ONLY,,581,https://iopscience.iop.org/article/10.3847/1538-4365/acae8d/pdf,Q8,spectral methods / Dedalus,Dedalus spectral framework partial differential equations,2026-07-25T10:56:57Z,2026-07-25T11:25:22Z,no,off-domain term: stellar astrophysics
10.3847/1538-4365/ab929b,The Athena++ Adaptive Mesh Refinement Framework: Design and Magnetohydrodynamic Solvers,The Athena++ Adaptive Mesh Refinement Framework: Design and Magnetohydrodynamic Solvers,1.000,James M. Stone; Kengo Tomida; Christopher J. White; Kyle G. Felker,2020,The Astrophysical Journal Supplement Series,journal-article,supporting,yes,IDENTIFIER-ONLY,,562,https://iopscience.iop.org/article/10.3847/1538-4365/ab929b/pdf,Q8,spectral methods / Dedalus,Dedalus spectral framework partial differential equations,2026-07-25T10:56:57Z,2026-07-25T11:25:22Z,no,no strong domain term in title
10.1007/s11214-018-0576-4,The Space Physics Environment Data Analysis System (SPEDAS),The Space Physics Environment Data Analysis System (SPEDAS),1.000,V. Angelopoulos; P. Cruce; Alexander Drozdov; E. W. Grimes,2019,Space Science Reviews,journal-article,supporting,yes,IDENTIFIER-ONLY,,554,https://link.springer.com/content/pdf/10.1007/s11214-018-0576-4.pdf,Q10,reanalysis / observed eddy phenomenology,space time spectral analysis atmospheric waves Hayashi,2026-07-25T10:56:57Z,2026-07-25T11:23:51Z,no,no strong domain term in title
10.4310/jdg/1214438175,Spectral geometry of singular Riemannian spaces,Spectral geometry of singular Riemannian spaces,1.000,Jeff Cheeger,1983,Journal of Differential Geometry,journal-article,supporting,yes,IDENTIFIER-ONLY,,545,https://projecteuclid.org/journals/journal-of-differential-geometry/volume-18/issue-4/Spectral-geometry-of-singular-Riemannian-spaces/10.4310/jdg/1214438175.pdf,Q8,spectral methods / Dedalus,sphere spectral method pole problem,2026-07-25T10:56:57Z,2026-07-25T11:25:22Z,no,no strong domain term in title
10.1002/qj.2235,An inherently mass‐conserving semi‐implicit semi‐Lagrangian discretization of the deep‐atmosphere global non‐hydrostatic equations,An inherently mass‐conserving semi‐implicit semi‐Lagrangian discretization of the deep‐atmosphere global non‐hydrostatic equations,1.000,Nigel Wood; Andrew Staniforth; A. A. White; Thomas J. Allen,2013,Quarterly Journal of the Royal Meteorological Society,journal-article,supporting,yes,IDENTIFIER-ONLY,,526,,Q1,benchmark suite,shallow water equations spherical geometry standard test set,2026-07-25T10:56:57Z,2026-07-25T11:23:36Z,yes,DOMAIN: title 'atmospher' in venue 'quarterly journal of the royal meteorological society'
10.5194/essd-12-2097-2020,WFDE5: bias-adjusted ERA5 reanalysis data for impact studies,WFDE5: bias-adjusted ERA5 reanalysis data for impact studies,1.000,Marco Cucchi; Graham P. Weedon; A. Amici; Nicolas Bellouin,2020,Earth system science data,journal-article,supporting,yes,IDENTIFIER-ONLY,,518,https://essd.copernicus.org/articles/12/2097/2020/essd-12-2097-2020.pdf,Q10,reanalysis / observed eddy phenomenology,ERA5 global reanalysis,2026-07-25T10:56:57Z,2026-07-25T11:23:51Z,yes,DOMAIN: title 'reanalysis' in venue 'science'
10.5194/gmd-6-179-2013,"The Atmospheric Chemistry and Climate Model Intercomparison Project (ACCMIP): overview and description of models, simulations and climate diagnostics","The Atmospheric Chemistry and Climate Model Intercomparison Project  (ACCMIP): overview and description of models, simulations and climate  diagnostics",1.000,Jean‐François Lamarque; Drew Shindell; Béatrice Josse; Paul J. Young,2013,Geoscientific model development,journal-article,supporting,yes,IDENTIFIER-ONLY,,514,https://gmd.copernicus.org/articles/6/179/2013/gmd-6-179-2013.pdf,Q1,benchmark suite,shallow water model intercomparison sphere,2026-07-25T10:56:57Z,2026-07-25T11:23:36Z,yes,DOMAIN: title 'atmospher' in venue 'geoscientific model development'
10.1175/1520-0469(2000)057<0613:lsdfaw>2.0.co;2,Large-Scale Dynamical Fields Associated with Convectively Coupled Equatorial Waves,Large-Scale Dynamical Fields Associated with Convectively Coupled Equatorial Waves,1.000,Matthew C. Wheeler; George N. Kiladis; Peter Webster,2000,Journal of the Atmospheric Sciences,journal-article,supporting,yes,IDENTIFIER-ONLY,,507,https://journals.ametsoc.org/downloadpdf/journals/atsc/57/5/1520-0469_2000_057_0613_lsdfaw_2.0.co_2.pdf,Q10,reanalysis / observed eddy phenomenology,space time spectral analysis atmospheric waves Hayashi,2026-07-25T10:56:57Z,2026-07-25T11:23:51Z,no,no strong domain term in title
10.5194/acp-9-8697-2009,Aerosol indirect effects – general circulation model intercomparison and evaluation with satellite data,Aerosol indirect effects – general circulation model intercomparison and evaluation with satellite data,1.000,Johannes Quaas; Yi Ming; S. Menon; Toshihiko Takemura,2009,Atmospheric chemistry and physics,journal-article,supporting,yes,IDENTIFIER-ONLY,,502,https://acp.copernicus.org/articles/9/8697/2009/acp-9-8697-2009.pdf,Q1,benchmark suite,shallow water model intercomparison sphere,2026-07-25T10:56:57Z,2026-07-25T11:23:37Z,yes,DOMAIN: title 'general circulation' in venue 'atmospheric chemistry and physics'
10.1175/2008jcli2200.1,Response of the Zonal Mean Atmospheric Circulation to El Niño versus Global Warming,Response of the Zonal Mean Atmospheric Circulation to El Niño versus Global Warming,1.000,Jian Lu; Gang Chen; Dargan M. W. Frierson,2008,Journal of Climate,journal-article,supporting,yes,IDENTIFIER-ONLY,,497,https://journals.ametsoc.org/downloadpdf/journals/clim/21/22/2008jcli2200.1.pdf,Q10,reanalysis / observed eddy phenomenology,space time spectral analysis atmospheric waves Hayashi,2026-07-25T10:56:57Z,2026-07-25T11:23:51Z,yes,DOMAIN: title 'zonal' in venue 'journal of climate'
10.5194/gmd-12-3241-2019,Max Planck Institute Earth System Model (MPI-ESM1.2) for the High-Resolution Model Intercomparison Project (HighResMIP),Max Planck Institute Earth System Model (MPI-ESM1.2) for the High-Resolution Model Intercomparison Project (HighResMIP),1.000,Oliver Gutjahr; Dian Putrasahan; Katja Lohmann; Johann Jungclaus,2019,Geoscientific model development,journal-article,supporting,yes,IDENTIFIER-ONLY,,495,https://gmd.copernicus.org/articles/12/3241/2019/gmd-12-3241-2019.pdf,Q1,benchmark suite,shallow water model intercomparison sphere,2026-07-25T10:56:57Z,2026-07-25T11:23:37Z,no,no strong domain term in title
10.5194/gmd-9-3231-2016,OMIP contribution to CMIP6: experimental and diagnosticprotocol for the physical component of the Ocean Model Intercomparison Project,OMIP contribution to CMIP6: experimental and diagnostic protocol for the physical component of the   Ocean Model  Intercomparison Project,0.996,Stephen M. Griffies; Gökhan Danabasoglu; Paul J. Durack; Alistair Adcroft,2016,Geoscientific model development,journal-article,supporting,yes,IDENTIFIER-ONLY,,482,https://www.geosci-model-dev.net/9/3231/2016/gmd-9-3231-2016.pdf,Q1,benchmark suite,shallow water model intercomparison sphere,2026-07-25T10:56:57Z,2026-07-25T11:23:37Z,yes,DOMAIN: title 'ocean' in venue 'geoscientific model development'
10.1017/s0022112000008880,Numerical investigation of transitional and weak turbulent flow past a sphere,Numerical investigation of transitional and weak turbulent flow past a sphere,1.000,Ananias Tomboulides; Steven A. Orszag,2000,Journal of Fluid Mechanics,journal-article,supporting,yes,IDENTIFIER-ONLY,,440,,Q8,spectral methods / Dedalus,sphere spectral method pole problem,2026-07-25T10:56:57Z,2026-07-25T11:25:22Z,yes,DOMAIN: title '\bsphere\b' in venue 'journal of fluid mechanics'
10.1051/0004-6361:20053783,Two-dimensional hydrodynamic core-collapse supernova simulations with spectral neutrino transport,Two-dimensional hydrodynamic core-collapse supernova simulations with spectral neutrino transport,1.000,R. Buras; Markus Rampp; H. Th. Janka; K. Kifonidis,2006,Astronomy and Astrophysics,journal-article,supporting,yes,IDENTIFIER-ONLY,,426,https://www.aanda.org/articles/aa/pdf/2006/09/aa3783-05.pdf,Q8,spectral methods / Dedalus,sphere spectral method pole problem,2026-07-25T10:56:57Z,2026-07-25T11:25:23Z,no,off-domain term: supernova
10.1186/s40645-014-0018-1,The Non-hydrostatic Icosahedral Atmospheric Model: description and development,The Non-hydrostatic Icosahedral Atmospheric Model: description and development,1.000,Masaki Satoh; Hirofumi Tomita; Hisashi Yashiro; Hiroaki Miura,2014,Progress in Earth and Planetary Science,journal-article,supporting,yes,IDENTIFIER-ONLY,,419,https://progearthplanetsci.springeropen.com/counter/pdf/10.1186/s40645-014-0018-1,Q10,reanalysis / observed eddy phenomenology,space time spectral analysis atmospheric waves Hayashi,2026-07-25T10:56:57Z,2026-07-25T11:23:53Z,yes,DOMAIN: title 'icosahedral' in venue 'science'
10.1063/1.1638740,Numerical prediction of absolute crystallization rates in hard-sphere colloids,Numerical prediction of absolute crystallization rates in hard-sphere colloids,1.000,Stefan Auer; Daan Frenkel,2004,The Journal of Chemical Physics,journal-article,supporting,yes,IDENTIFIER-ONLY,,374,https://pubs.aip.org/aip/jcp/article-pdf/120/6/3015/10858238/3015_1_online.pdf,Q8,spectral methods / Dedalus,spherical harmonic transform numerical method sphere,2026-07-25T10:56:57Z,2026-07-25T11:25:23Z,no,on-topic title but venue outside the field: The Journal of Chemical Physics
10.1029/97je03136,Potential anomalies on a sphere: Applications to the thickness of the lunar crust,Potential anomalies on a sphere: Applications to the thickness of the lunar crust,1.000,M. A. Wieczorek; R. J. Phillips,1998,Journal of Geophysical Research Atmospheres,journal-article,supporting,yes,IDENTIFIER-ONLY,,354,https://onlinelibrary.wiley.com/doi/pdfdirect/10.1029/97JE03136,Q8,spectral methods / Dedalus,sphere spectral method pole problem,2026-07-25T10:56:57Z,2026-07-25T11:25:23Z,yes,DOMAIN: title '\bsphere\b' in venue 'journal of geophysical research'
10.3189/2013jog12j129,Grounding-line migration in plan-view marine ice-sheet models: results of the ice2sea MISMIP3d intercomparison,Grounding-line migration in plan-view marine ice-sheet models: results of the ice2sea MISMIP3d intercomparison,1.000,Frank Pattyn; Laura Perichon; G. Durand; Lionel Favier,2013,Journal of Glaciology,journal-article,supporting,yes,IDENTIFIER-ONLY,,348,https://www.cambridge.org/core/services/aop-cambridge-core/content/view/907970F6B3715340FECE9DF4ECF2E98A/S0022143000204425a.pdf/div-class-title-grounding-line-migration-in-plan-view-marine-ice-sheet-models-results-of-the-ice2sea-mismip3d-intercomparison-div.pdf,Q1,benchmark suite,shallow water model intercomparison sphere,2026-07-25T10:56:57Z,2026-07-25T11:23:37Z,no,no strong domain term in title
10.5194/essd-12-2043-2020,GloFAS-ERA5 operational global river discharge reanalysis 1979–present,GloFAS-ERA5 operational global river discharge reanalysis 1979–present,1.000,Shaun Harrigan; Ervin Zsótér; Lorenzo Alfieri; Christel Prudhomme,2020,Earth system science data,journal-article,supporting,yes,IDENTIFIER-ONLY,,346,https://doi.org/10.5194/essd-12-2043-2020,Q10,reanalysis / observed eddy phenomenology,ERA5 global reanalysis,2026-07-25T10:56:57Z,2026-07-25T11:23:53Z,yes,DOMAIN: title 'reanalysis' in venue 'science'
10.1002/jgrd.50868,The hydrological impact of geoengineering in the Geoengineering Model Intercomparison Project (GeoMIP),The hydrological impact of geoengineering in the Geoengineering Model Intercomparison Project (GeoMIP),1.000,Simone Tilmes; John Fasullo; Jean‐François Lamarque; D. R. Marsh,2013,Journal of Geophysical Research Atmospheres,journal-article,supporting,yes,IDENTIFIER-ONLY,,343,https://onlinelibrary.wiley.com/doi/pdfdirect/10.1002/jgrd.50868,Q1,benchmark suite,shallow water model intercomparison sphere,2026-07-25T10:56:57Z,2026-07-25T11:23:38Z,no,no strong domain term in title
10.1002/2013wr013725,Surface‐subsurface model intercomparison: A first set of benchmark results to diagnose integrated hydrology and feedbacks,Surface‐subsurface model intercomparison: A first set of benchmark results to diagnose integrated hydrology and feedbacks,1.000,R. M. Maxwell; Mario Putti; Steven B. Meyerhoff; Jens‐Olaf Delfs,2014,Water Resources Research,journal-article,supporting,yes,IDENTIFIER-ONLY,,336,https://onlinelibrary.wiley.com/doi/pdfdirect/10.1002/2013WR013725,Q1,benchmark suite,numerical approximations shallow water sphere benchmark,2026-07-25T10:56:57Z,2026-07-25T11:23:38Z,no,no strong domain term in title
10.2151/jmsj1965.72.3_433,Large-Scale Cloud Disturbances Associated with Equatorial Waves,Large-Scale Cloud Disturbances Associated with Equatorial Waves,1.000,Yukari N. Takayabu,1994,Journal of the Meteorological Society of Japan Ser II,journal-article,supporting,yes,IDENTIFIER-ONLY,,321,https://www.jstage.jst.go.jp/article/jmsj1965/72/3/72_3_433/_pdf,Q10,reanalysis / observed eddy phenomenology,space time spectral analysis atmospheric waves Hayashi,2026-07-25T10:56:57Z,2026-07-25T11:23:52Z,no,no strong domain term in title
10.1175/1520-0469(1978)035<1399:pcbroj>2.0.co;2,Planetary Circulations: 1. Barotropic Representation of Jovian and Terrestrial Turbulence,Planetary Circulations: 1. Barotropic Representation of Jovian and Terrestrial Turbulence,1.000,Gareth Williams,1978,Journal of the Atmospheric Sciences,journal-article,supporting,yes,IDENTIFIER-ONLY,,320,http://journals.ametsoc.org/doi/pdf/10.1175/1520-0469%281978%29035%3C1399%3APCBROJ%3E2.0.CO%3B2,Q7,Rhines scale / jets / zonostrophic,Jovian banding zonal jets turbulence,2026-07-25T10:56:57Z,2026-07-25T11:25:14Z,yes,DOMAIN: title 'barotropic' in venue 'journal of the atmospheric sciences'
10.1175/2007jas2227.1,Multiple Jets as PV Staircases: The Phillips Effect and the Resilience of Eddy-Transport Barriers,Multiple Jets as PV Staircases: The Phillips Effect and the Resilience of Eddy-Transport Barriers,1.000,David G. Dritschel; M. E. McIntyre,2008,Journal of the Atmospheric Sciences,journal-article,supporting,yes,IDENTIFIER-ONLY,,318,https://journals.ametsoc.org/downloadpdf/journals/atsc/65/3/2007jas2227.1.pdf,Q7,Rhines scale / jets / zonostrophic,Jovian banding zonal jets turbulence,2026-07-25T10:56:57Z,2026-07-25T11:25:15Z,yes,DOMAIN: title '\bjets\b' in venue 'journal of the atmospheric sciences'
10.5670/oceanog.2010.02,Eddy Dynamics From Satellite Altimetry,Eddy Dynamics From Satellite Altimetry,1.000,Lee‐Lueng Fu; Dudley B. Chelton; Pierre‐Yves Le Traon; Rosemary Morrow,2010,Oceanography,journal-article,supporting,yes,IDENTIFIER-ONLY,,316,https://tos.org/oceanography/assets/docs/23-4_fu.pdf,Q10,reanalysis / observed eddy phenomenology,observed phase speed spectra extratropical eddies,2026-07-25T10:56:57Z,2026-07-25T11:23:53Z,no,no strong domain term in title
10.1137/s0036144504445765,Spatiospectral Concentration on a Sphere,Spatiospectral Concentration on a Sphere,1.000,Frederik J. Simons; F. A. Dahlen; Mark A. Wieczorek,2006,SIAM Review,journal-article,supporting,yes,IDENTIFIER-ONLY,,311,https://arxiv.org/pdf/math/0408424,Q8,spectral methods / Dedalus,spherical harmonic transform numerical method sphere,2026-07-25T10:56:57Z,2026-07-25T11:25:23Z,no,on-topic title but venue outside the field: SIAM Review
10.1002/gdj3.102,ERA5‐HEAT: A global gridded historical dataset of human thermal comfort indices from climate reanalysis,ERA5‐HEAT: A global gridded historical dataset of human thermal comfort indices from climate reanalysis,1.000,Claudia Di Napoli; Christopher Barnard; Christel Prudhomme; Hannah Cloke,2020,Geoscience Data Journal,journal-article,supporting,yes,IDENTIFIER-ONLY,,285,https://rmets.onlinelibrary.wiley.com/doi/pdfdirect/10.1002/gdj3.102,Q10,reanalysis / observed eddy phenomenology,ERA5 global reanalysis,2026-07-25T10:56:57Z,2026-07-25T11:23:53Z,yes,DOMAIN: title 'reanalysis' in venue 'science'
10.1002/qj.4803,The ERA5 global reanalysis from 1940 to 2022,The ERA5 global reanalysis from 1940 to 2022,1.000,Cornel Soci; Hans Hersbach; A. J. Simmons; Paul Poli,2024,Quarterly Journal of the Royal Meteorological Society,journal-article,supporting,yes,IDENTIFIER-ONLY,,280,https://doi.org/10.1002/qj.4803,Q10,reanalysis / observed eddy phenomenology,ERA5 global reanalysis,2026-07-25T10:56:57Z,2026-07-25T11:23:54Z,yes,DOMAIN: title 'reanalysis' in venue 'quarterly journal of the royal meteorological society'
10.2151/jmsj.85b.271,Nonhydrostatic Atmospheric Models and Operational Development at JMA,Nonhydrostatic Atmospheric Models and Operational Development at JMA,1.000,Kazuo Saito; Junichi Ishida; Kohei Aranami; Tabito Hara,2007,Journal of the Meteorological Society of Japan Ser II,journal-article,supporting,yes,IDENTIFIER-ONLY,,270,https://www.jstage.jst.go.jp/article/jmsj/85B/0/85B_0_271/_pdf,Q10,reanalysis / observed eddy phenomenology,space time spectral analysis atmospheric waves Hayashi,2026-07-25T10:56:57Z,2026-07-25T11:23:54Z,yes,DOMAIN: title 'atmospher' in venue 'journal of the meteorological society of japan'
10.1175/2010jpo4278.1,Suppression of Eddy Diffusivity across Jets in the Southern Ocean,Suppression of Eddy Diffusivity across Jets in the Southern Ocean,1.000,Raffaele Ferrari; Maxim Nikurashin,2010,Journal of Physical Oceanography,journal-article,supporting,yes,IDENTIFIER-ONLY,,266,https://journals.ametsoc.org/downloadpdf/journals/phoc/40/7/2010jpo4278.1.pdf,Q10,reanalysis / observed eddy phenomenology,stationary and transient eddy phase speed troposphere,2026-07-25T10:56:57Z,2026-07-25T11:23:54Z,yes,DOMAIN: title '\bjets\b' in venue 'journal of physical oceanography'
10.1002/ggge.20071,Efficient spherical harmonic transforms aimed at pseudospectral numerical simulations,Efficient spherical harmonic transforms aimed at pseudospectral numerical simulations,1.000,Nathanaël Schaeffer,2013,Geochemistry Geophysics Geosystems,journal-article,supporting,yes,IDENTIFIER-ONLY,,261,https://onlinelibrary.wiley.com/doi/pdfdirect/10.1002/ggge.20071,Q8,spectral methods / Dedalus,spherical harmonic transform numerical method sphere,2026-07-25T10:56:57Z,2026-07-25T11:25:24Z,no,on-topic title but venue outside the field: Geochemistry Geophysics Geosystems
10.1063/1.868929,"The emergence of jets and vortices in freely evolving, shallow-water turbulence on a sphere","The emergence of jets and vortices in freely evolving, shallow-water turbulence on a sphere",1.000,James Y‐K. Cho; Lorenzo M. Polvani,1996,Physics of Fluids,journal-article,supporting,yes,IDENTIFIER-ONLY,,237,https://doi.org/10.7916/d8dj5rsk,Q7,Rhines scale / jets / zonostrophic,Jovian banding zonal jets turbulence,2026-07-25T10:56:57Z,2026-07-25T11:25:15Z,yes,DOMAIN: title 'shallow[- ]water' in venue 'physics of fluids'
10.1175/2011jpo4601.1,The Evolution and Propagation of Quasigeostrophic Ocean Eddies*,The Evolution and Propagation of Quasigeostrophic Ocean Eddies*,1.000,Jeffrey J. Early; R. M. Samelson; Dudley B. Chelton,2011,Journal of Physical Oceanography,journal-article,supporting,yes,IDENTIFIER-ONLY,,235,https://journals.ametsoc.org/downloadpdf/journals/phoc/41/8/2011JPO4601.1.pdf,Q10,reanalysis / observed eddy phenomenology,observed phase speed spectra extratropical eddies,2026-07-25T10:56:57Z,2026-07-25T11:23:54Z,yes,DOMAIN: title 'geostrophic' in venue 'journal of physical oceanography'
10.1007/s002850000067,Spatio-temporal pattern formation on spherical surfaces: numerical simulation and application to solid tumour growth,Spatio-temporal pattern formation on spherical surfaces: numerical simulation and application to solid tumour growth,1.000,Mark A. J. Chaplain; M. Ganesh; Ivan G. Graham,2001,Journal of Mathematical Biology,journal-article,supporting,yes,IDENTIFIER-ONLY,,235,,Q8,spectral methods / Dedalus,spherical harmonic transform numerical method sphere,2026-07-25T10:56:57Z,2026-07-25T11:25:25Z,no,no strong domain term in title
10.2151/jmsj1965.60.1_156,Space-Time Spectral Analysis and its Applications to Atmospheric Waves,Space-Time Spectral Analysis and its Applications to Atmospheric Waves,1.000,Yoshikazu Hayashi,1982,Journal of the Meteorological Society of Japan Ser II,journal-article,supporting,yes,IDENTIFIER-ONLY,,227,https://www.jstage.jst.go.jp/article/jmsj1965/60/1/60_1_156/_pdf,Q10,reanalysis / observed eddy phenomenology,space time spectral analysis atmospheric waves Hayashi,2026-07-25T10:56:57Z,2026-07-25T11:23:54Z,yes,DOMAIN: title 'atmospher' in venue 'journal of the meteorological society of japan'
10.1002/qj.2432,The predictability of the extratropical stratosphere on monthly time‐scales and its impact on the skill of tropospheric forecasts,The predictability of the extratropical stratosphere on monthly time‐scales and its impact on the skill of tropospheric forecasts,1.000,Om Prakash Tripathi; Mark Baldwin; Andrew Charlton‐Perez; Martin Charron,2014,Quarterly Journal of the Royal Meteorological Society,journal-article,supporting,yes,IDENTIFIER-ONLY,,227,https://onlinelibrary.wiley.com/doi/pdfdirect/10.1002/qj.2432,Q10,reanalysis / observed eddy phenomenology,observed phase speed spectra extratropical eddies,2026-07-25T10:56:57Z,2026-07-25T11:23:55Z,yes,DOMAIN: title 'stratospher' in venue 'quarterly journal of the royal meteorological society'
10.1175/1520-0442(2004)017<0629:sciars>2.0.co;2,Stratosphere–Troposphere Coupling in a Relatively Simple AGCM: The Role of Eddies,Stratosphere–Troposphere Coupling in a Relatively Simple AGCM: The Role of Eddies,1.000,Paul J. Kushner; Lorenzo M. Polvani,2004,Journal of Climate,journal-article,supporting,yes,IDENTIFIER-ONLY,,220,https://journals.ametsoc.org/downloadpdf/journals/clim/17/3/1520-0442_2004_017_0629_sciars_2.0.co_2.pdf,Q10,reanalysis / observed eddy phenomenology,stationary and transient eddy phase speed troposphere,2026-07-25T10:56:57Z,2026-07-25T11:23:55Z,yes,DOMAIN: title 'stratospher' in venue 'journal of climate'
10.2151/jmsj1965.49.2_125,A Generalized Method of Resolving Disturbances into Progressive and Retrogressive Waves by Space Fourier and Time Cross-Spectral Analyses,A Generalized Method of Resolving Disturbances into Progressive and Retrogressive Waves by Space Fourier and Time Cross-Spectral Analyses,1.000,Yoshikazu Hayashi,1971,Journal of the Meteorological Society of Japan Ser II,journal-article,supporting,yes,IDENTIFIER-ONLY,,219,https://www.jstage.jst.go.jp/article/jmsj1965/49/2/49_2_125/_pdf,Q10,reanalysis / observed eddy phenomenology,space time spectral analysis atmospheric waves Hayashi,2026-07-25T10:56:57Z,2026-07-25T11:23:55Z,no,no strong domain term in title
10.5194/gmd-11-793-2018,Radiative–convective equilibrium model intercomparison project,Radiative–convective equilibrium model intercomparison project,1.000,Allison A. Wing; Kevin A. Reed; Masaki Satoh; Björn Stevens,2018,Geoscientific model development,journal-article,supporting,yes,IDENTIFIER-ONLY,,206,https://www.geosci-model-dev.net/11/793/2018/gmd-11-793-2018.pdf,Q1,benchmark suite,shallow water model intercomparison sphere,2026-07-25T10:56:57Z,2026-07-25T11:23:38Z,no,no strong domain term in title
10.1002/2015rg000509,Low‐frequency nonlinearity and regime behavior in the Northern Hemisphere extratropical atmosphere,Low‐frequency nonlinearity and regime behavior in the Northern Hemisphere extratropical atmosphere,1.000,Abdel Hannachi; David M. Straus; Christian L. E. Franzke; Susanna Corti,2017,Reviews of Geophysics,journal-article,supporting,yes,IDENTIFIER-ONLY,,205,https://onlinelibrary.wiley.com/doi/pdfdirect/10.1002/2015RG000509,Q10,reanalysis / observed eddy phenomenology,observed phase speed spectra extratropical eddies,2026-07-25T10:56:57Z,2026-07-25T11:23:56Z,no,on-topic title but venue outside the field: Reviews of Geophysics
10.2151/jmsj.85b.241,The Evolution of Dynamical Cores for Global Atmospheric Models,The Evolution of Dynamical Cores for Global Atmospheric Models,1.000,David Williamson,2007,Journal of the Meteorological Society of Japan Ser II,journal-article,supporting,yes,IDENTIFIER-ONLY,,203,https://www.jstage.jst.go.jp/article/jmsj/85B/0/85B_0_241/_pdf,Q8,spectral methods / Dedalus,sphere spectral method pole problem,2026-07-25T10:56:57Z,2026-07-25T11:25:24Z,yes,DOMAIN: title 'dynamical core' in venue 'journal of the meteorological society of japan'
10.1007/s41114-017-0009-9,"Black holes, hidden symmetries, and complete integrability","Black holes, hidden symmetries, and complete integrability",1.000,Valeri P. Frolov; Pavel Krtouš; David Kubizňák,2017,Living Reviews in Relativity,journal-article,supporting,yes,IDENTIFIER-ONLY,,196,https://link.springer.com/content/pdf/10.1007%2Fs41114-017-0009-9.pdf,Q8,spectral methods / Dedalus,tensor calculus spherical coordinates Jacobi polynomials,2026-07-25T10:56:57Z,2026-07-25T11:25:25Z,no,off-domain term: black hole
10.1175/1520-0493(1974)102<0056:fsos>2.0.co;2,Fourier Series on Spheres,Fourier Series on Spheres,1.000,Steven A. Orszag,1974,Monthly Weather Review,journal-article,supporting,yes,IDENTIFIER-ONLY,,196,,Q8,spectral methods / Dedalus,spherical harmonic transform numerical method sphere,2026-07-25T10:56:57Z,2026-07-25T11:25:25Z,no,no strong domain term in title
10.1007/s00382-019-05044-0,Advancing global storm surge modelling using the new ERA5 climate reanalysis,Advancing global storm surge modelling using the new ERA5 climate reanalysis,1.000,Job Dullaart; Sanne Muis; Nadia Bloemendaal; Jeroen C. J. H. Aerts,2019,Climate Dynamics,journal-article,supporting,yes,IDENTIFIER-ONLY,,194,https://link.springer.com/content/pdf/10.1007/s00382-019-05044-0.pdf,Q10,reanalysis / observed eddy phenomenology,ERA5 global reanalysis,2026-07-25T10:56:57Z,2026-07-25T11:23:56Z,yes,DOMAIN: title 'reanalysis' in venue 'climate dynamics'
10.1175/1520-0485(2001)031<0554:tsaeom>2.0.co;2,The Scales and Equilibration of Midocean Eddies: Freely Evolving Flow,The Scales and Equilibration of Midocean Eddies: Freely Evolving Flow,1.000,K. Shafer Smith; Geoffrey K. Vallis,2001,Journal of Physical Oceanography,journal-article,supporting,yes,IDENTIFIER-ONLY,,183,https://journals.ametsoc.org/downloadpdf/journals/phoc/31/2/1520-0485_2001_031_0554_tsaeom_2.0.co_2.pdf,Q7,Rhines scale / jets / zonostrophic,Rhines scale beta plane turbulence arrest,2026-07-25T10:56:57Z,2026-07-25T11:25:15Z,yes,DOMAIN: title 'ocean' in venue 'journal of physical oceanography'
10.1029/2010jc006818,Eddy stirring in the Southern Ocean,Eddy stirring in the Southern Ocean,1.000,Alberto C. Naveira Garabato; Raffaele Ferrari; Kurt L. Polzin,2011,Journal of Geophysical Research Atmospheres,journal-article,supporting,yes,IDENTIFIER-ONLY,,179,,Q10,reanalysis / observed eddy phenomenology,stationary and transient eddy phase speed troposphere,2026-07-25T10:56:57Z,2026-07-25T11:23:56Z,yes,DOMAIN: title 'ocean' in venue 'journal of geophysical research'
10.1016/j.jcp.2012.01.028,A guide to RBF-generated finite differences for nonlinear transport: Shallow water simulations on a sphere,A guide to RBF-generated finite differences for nonlinear transport: Shallow water simulations on a sphere,1.000,Natasha Flyer; Erik Lehto; Sébastien Blaise; Grady B. Wright,2012,Journal of Computational Physics,journal-article,supporting,yes,IDENTIFIER-ONLY,,177,http://hdl.handle.net/2078.1/108019,F1,forward-cite: Galewsky 2004,cites:10.3402/tellusa.v56i5.14436,2026-07-25T10:56:57Z,2026-07-25T11:22:45Z,yes,DOMAIN: title 'shallow[- ]water' in venue 'journal of computational physics'
10.1175/mwr2903.1,A Discontinuous Galerkin Global Shallow Water Model,A Discontinuous Galerkin Global Shallow Water Model,1.000,Ramachandran D. Nair; Stephen Thomas; Richard Loft,2005,Monthly Weather Review,journal-article,supporting,yes,IDENTIFIER-ONLY,,176,https://journals.ametsoc.org/downloadpdf/journals/mwre/133/4/mwr2903.1.pdf,Q1,benchmark suite,shallow water equations spherical geometry standard test set,2026-07-25T10:56:57Z,2026-07-25T11:23:38Z,yes,DOMAIN: title 'shallow[- ]water' in venue 'monthly weather review'
10.1002/2016wr019191,"The integrated hydrologic model intercomparison project, <scp>IH‐MIP2</scp>: A second set of benchmark results to diagnose integrated hydrology and feedbacks","The integrated hydrologic model intercomparison project, <scp>IH‐MIP2</scp>: A second set of benchmark results to diagnose integrated hydrology and feedbacks",1.000,Stefan Kollet; Mauro Sulis; R. M. Maxwell; Claudio Paniconi,2016,Water Resources Research,journal-article,supporting,yes,IDENTIFIER-ONLY,,176,https://agupubs.onlinelibrary.wiley.com/doi/pdfdirect/10.1002/2016WR019191,Q1,benchmark suite,numerical approximations shallow water sphere benchmark,2026-07-25T10:56:57Z,2026-07-25T11:23:38Z,no,no strong domain term in title
10.1016/j.pepi.2015.07.001,Rotating convective turbulence in Earth and planetary cores,Rotating convective turbulence in Earth and planetary cores,1.000,J. M. Aurnou; Michael A. Calkins; Jonathan Cheng; Keith Julien,2015,Physics of The Earth and Planetary Interiors,journal-article,supporting,yes,IDENTIFIER-ONLY,,170,https://escholarship.org/content/qt97s3x12h/qt97s3x12h.pdf?t=nvfp71,Q7,Rhines scale / jets / zonostrophic,beta plane turbulence anisotropy zonal flow,2026-07-25T10:56:57Z,2026-07-25T11:25:16Z,no,on-topic title but venue outside the field: Physics of The Earth and Planetary Inter
10.2151/jmsj.80.769,Issues in Stratosphere-troposphere Coupling.,Issues in Stratosphere-troposphere Coupling.,1.000,Theodore G. Shepherd,2002,Journal of the Meteorological Society of Japan Ser II,journal-article,supporting,yes,IDENTIFIER-ONLY,,167,https://www.jstage.jst.go.jp/article/jmsj/80/4B/80_4B_769/_pdf,Q10,reanalysis / observed eddy phenomenology,stationary and transient eddy phase speed troposphere,2026-07-25T10:56:57Z,2026-07-25T11:23:57Z,yes,DOMAIN: title 'stratospher' in venue 'journal of the meteorological society of japan'
10.1175/2008jcli2548.1,Stratosphere–Troposphere Coupling in a Relatively Simple AGCM: The Importance of Stratospheric Variability,Stratosphere–Troposphere Coupling in a Relatively Simple AGCM: The Importance of Stratospheric Variability,1.000,Edwin P. Gerber; Lorenzo M. Polvani,2008,Journal of Climate,journal-article,supporting,yes,IDENTIFIER-ONLY,,164,https://journals.ametsoc.org/downloadpdf/journals/clim/22/8/2008jcli2548.1.pdf,Q10,reanalysis / observed eddy phenomenology,stationary and transient eddy phase speed troposphere,2026-07-25T10:56:57Z,2026-07-25T11:23:56Z,yes,DOMAIN: title 'stratospher' in venue 'journal of climate'
10.1175/1520-0469(2001)058<0329:thkesa>2.0.co;2,The Horizontal Kinetic Energy Spectrum and Spectral Budget Simulated by a High-Resolution Troposphere–Stratosphere–Mesosphere GCM,The Horizontal Kinetic Energy Spectrum and Spectral Budget Simulated by a High-Resolution Troposphere–Stratosphere–Mesosphere GCM,1.000,John N. Koshyk; Kevin Hamilton,2001,Journal of the Atmospheric Sciences,journal-article,supporting,yes,IDENTIFIER-ONLY,,161,https://journals.ametsoc.org/downloadpdf/journals/atsc/58/4/1520-0469_2001_058_0329_thkesa_2.0.co_2.pdf,Q10,reanalysis / observed eddy phenomenology,wavenumber frequency spectrum geopotential height,2026-07-25T10:56:57Z,2026-07-25T11:23:56Z,yes,DOMAIN: title 'stratospher' in venue 'journal of the atmospheric sciences'
10.1175/2008jcli2306.1,Phase Speed Spectra and the Latitude of Surface Westerlies: Interannual Variability and Global Warming Trend,Phase Speed Spectra and the Latitude of Surface Westerlies: Interannual Variability and Global Warming Trend,1.000,Gang Chen; Jian Lu; Dargan M. W. Frierson,2008,Journal of Climate,journal-article,supporting,yes,IDENTIFIER-ONLY,,160,https://journals.ametsoc.org/downloadpdf/journals/clim/21/22/2008jcli2306.1.pdf,Q10,reanalysis / observed eddy phenomenology,observed phase speed spectra extratropical eddies,2026-07-25T10:56:57Z,2026-07-25T11:23:57Z,yes,DOMAIN: title 'phase speed' in venue 'journal of climate'
10.1090/s0025-5718-1963-0159418-2,Optimal numerical integration on a sphere,Optimal numerical integration on a sphere,1.000,A. D. Mclaren,1963,Mathematics of Computation,journal-article,supporting,yes,IDENTIFIER-ONLY,,159,https://www.ams.org/mcom/1963-17-084/S0025-5718-1963-0159418-2/S0025-5718-1963-0159418-2.pdf,Q8,spectral methods / Dedalus,spherical harmonic transform numerical method sphere,2026-07-25T10:56:57Z,2026-07-25T11:25:25Z,no,on-topic title but venue outside the field: Mathematics of Computation
10.1175/1520-0469(2004)061<1317:ttatts>2.0.co;2,The Tropopause and the Thermal Stratification in the Extratropics of a Dry Atmosphere,The Tropopause and the Thermal Stratification in the Extratropics of a Dry Atmosphere,1.000,Tapio Schneider,2004,Journal of the Atmospheric Sciences,journal-article,supporting,yes,IDENTIFIER-ONLY,,157,https://journals.ametsoc.org/downloadpdf/journals/atsc/61/12/1520-0469_2004_061_1317_ttatts_2.0.co_2.pdf,Q10,reanalysis / observed eddy phenomenology,observed phase speed spectra extratropical eddies,2026-07-25T10:56:57Z,2026-07-25T11:23:57Z,yes,DOMAIN: title 'atmospher' in venue 'journal of the atmospheric sciences'
10.1046/j.1365-246x.2003.01808.x,Coupling the spectral element method with a modal solution for elastic wave propagation in global earth models,Coupling the spectral element method with a modal solution for elastic wave propagation in global earth models,1.000,Yann Capdeville; Emmanuel Chaljub; Jean‐Paul Montagner,2003,Geophysical Journal International,journal-article,supporting,yes,IDENTIFIER-ONLY,,142,https://insu.hal.science/insu-01400199,Q8,spectral methods / Dedalus,sphere spectral method pole problem,2026-07-25T10:56:57Z,2026-07-25T11:25:26Z,no,no strong domain term in title
10.1111/j.1365-246x.2005.02754.x,Wavelet frames: an alternative to spherical harmonic representation of potential fields,Wavelet frames: an alternative to spherical harmonic representation of potential fields,1.000,Aude Chambodut; Isabelle Panet; Mioara Mandéa; M. Diament,2005,Geophysical Journal International,journal-article,supporting,yes,IDENTIFIER-ONLY,,135,https://insu.hal.science/insu-03601100,Q8,spectral methods / Dedalus,spherical harmonic transform numerical method sphere,2026-07-25T10:56:57Z,2026-07-25T11:25:26Z,no,on-topic title but venue outside the field: Geophysical Journal International
10.3847/1538-4357/aa9f1f,Demarcating Circulation Regimes of Synchronously Rotating Terrestrial Planets within the Habitable Zone,Demarcating Circulation Regimes of Synchronously Rotating Terrestrial Planets within the Habitable Zone,1.000,Jacob Haqq‐Misra; Eric Wolf; Manoj Joshi; Xi Zhang,2018,The Astrophysical Journal,journal-article,supporting,yes,IDENTIFIER-ONLY,,128,https://iopscience.iop.org/article/10.3847/1538-4357/aa9f1f/pdf,Q7,Rhines scale / jets / zonostrophic,zonal jet formation rotating turbulence,2026-07-25T10:56:57Z,2026-07-25T11:25:16Z,no,no strong domain term in title
10.1029/2004gl019691,The ubiquitous zonal jets in the atmospheres of giant planets and Earth's oceans,The ubiquitous zonal jets in the atmospheres of giant planets and Earth's oceans,1.000,Boris Galperin; Hideyuki Nakano; Huei‐Ping Huang; Semion Sukoriansky,2004,Geophysical Research Letters,journal-article,supporting,yes,IDENTIFIER-ONLY,,126,https://digitalcommons.usf.edu/cgi/viewcontent.cgi?article=2481&context=msc_facpub,Q7,Rhines scale / jets / zonostrophic,zonal jet formation rotating turbulence,2026-07-25T10:56:57Z,2026-07-25T11:25:16Z,yes,DOMAIN: title '\bjets\b' in venue 'geophysical research letters'
10.1175/jas4007.1,Numerical Simulations of Forced Shallow-Water Turbulence: Effects of Moist Convection on the Large-Scale Circulation of Jupiter and Saturn,Numerical Simulations of Forced Shallow-Water Turbulence: Effects of Moist Convection on the Large-Scale Circulation of Jupiter and Saturn,1.000,Adam P. Showman,2007,Journal of the Atmospheric Sciences,journal-article,supporting,yes,IDENTIFIER-ONLY,,119,https://journals.ametsoc.org/downloadpdf/journals/atsc/64/9/jas4007.1.pdf,Q7,Rhines scale / jets / zonostrophic,Rhines scale beta plane turbulence arrest,2026-07-25T10:56:57Z,2026-07-25T11:25:16Z,yes,DOMAIN: title 'shallow[- ]water' in venue 'journal of the atmospheric sciences'
10.4007/annals.2007.166.475,Prescribing symmetric functions of the eigenvalues of the Ricci tensor,Prescribing symmetric functions of the eigenvalues of the Ricci tensor,1.000,Matthew J. Gursky; Jeffrey Viaclovsky,2007,Annals of Mathematics,journal-article,supporting,yes,IDENTIFIER-ONLY,,119,http://annals.math.princeton.edu/wp-content/uploads/annals-v166-n2-p05.pdf,Q8,spectral methods / Dedalus,tensor calculus spherical coordinates Jacobi polynomials,2026-07-25T10:56:57Z,2026-07-25T11:25:26Z,no,on-topic title but venue outside the field: Annals of Mathematics
10.1175/jpo3027.1,Spectral Energy Fluxes in Geostrophic Turbulence: Implications for Ocean Energetics,Spectral Energy Fluxes in Geostrophic Turbulence: Implications for Ocean Energetics,1.000,Robert B. Scott; Brian K. Arbic,2007,Journal of Physical Oceanography,journal-article,supporting,yes,IDENTIFIER-ONLY,,117,https://journals.ametsoc.org/downloadpdf/journals/phoc/37/3/jpo3027.1.pdf,Q7,Rhines scale / jets / zonostrophic,Rhines scale beta plane turbulence arrest,2026-07-25T10:56:57Z,2026-07-25T11:25:16Z,yes,DOMAIN: title 'geostrophic' in venue 'journal of physical oceanography'
10.1029/2011ms000099,Idealized tropical cyclone simulations of intermediate complexity: A test case for AGCMs,Idealized tropical cyclone simulations of intermediate complexity: A test case for AGCMs,1.000,Kevin A. Reed; Christiane Jablonowski,2012,Journal of Advances in Modeling Earth Systems,journal-article,supporting,yes,IDENTIFIER-ONLY,,115,https://doi.org/10.1029/2011ms000099,F1,forward-cite: Galewsky 2004,cites:10.3402/tellusa.v56i5.14436,2026-07-25T10:56:57Z,2026-07-25T11:22:56Z,yes,DOMAIN: title 'cyclone' in venue 'journal of advances in modeling earth systems'
10.1038/nature06533,Depth of a strong jovian jet from a planetary-scale disturbance driven by storms,Depth of a strong jovian jet from a planetary-scale disturbance driven by storms,1.000,A. Sánchez‐Lavega; Glenn S. Orton; R. Hueso; E. García‐Melendo,2008,Nature,journal-article,supporting,yes,IDENTIFIER-ONLY,,115,,Q7,Rhines scale / jets / zonostrophic,Jovian banding zonal jets turbulence,2026-07-25T10:56:57Z,2026-07-25T11:25:17Z,yes,DOMAIN: title '\bjet\b' in venue 'nature'
10.5194/npg-13-83-2006,Anisotropic turbulence and zonal jets in rotating flows with a β-effect,Anisotropic turbulence and zonal jets in rotating flows with a β-effect,1.000,Boris Galperin; Semion Sukoriansky; Nadejda Dikovskaya; P. L. Read,2006,Nonlinear processes in geophysics,journal-article,supporting,yes,IDENTIFIER-ONLY,,114,https://npg.copernicus.org/articles/13/83/2006/npg-13-83-2006.pdf,Q7,Rhines scale / jets / zonostrophic,Rhines scale beta plane turbulence arrest,2026-07-25T10:56:57Z,2026-07-25T11:25:18Z,no,on-topic title but venue outside the field: Nonlinear processes in geophysics
10.1007/978-94-009-0501-6_12,Orthogonal Polynomials in Connection with Quantum Groups,Orthogonal Polynomials in Connection with Quantum Groups,1.000,Tom H. Koornwinder,1990,,book chapter,supporting,yes,IDENTIFIER-ONLY,,114,https://ir.cwi.nl/pub/2340/2340D.pdf,Q8,spectral methods / Dedalus,tensor calculus spherical coordinates Jacobi polynomials,2026-07-25T10:56:57Z,2026-07-25T11:25:26Z,no,no strong domain term in title
10.1175/mwr-d-10-05049.1,Exploring a Multiresolution Modeling Approach within the Shallow-Water Equations,Exploring a Multiresolution Modeling Approach within the Shallow-Water Equations,1.000,Todd D. Ringler; Doug Jacobsen; Max Gunzburger; Lili Ju,2011,Monthly Weather Review,journal-article,supporting,yes,IDENTIFIER-ONLY,,113,https://journals.ametsoc.org/downloadpdf/journals/mwre/139/11/mwr-d-10-05049.1.pdf,Q1,benchmark suite,shallow water equations spherical geometry standard test set,2026-07-25T10:56:57Z,2026-07-25T11:23:39Z,yes,DOMAIN: title 'shallow[- ]water' in venue 'monthly weather review'
10.5194/essd-2021-82,ERA5-Land: A state-of-the-art global reanalysis dataset for land applications,ERA5-Land: A state-of-the-art global reanalysis dataset for land applications,1.000,Joaquín Muñoz‐Sabater; Emanuel Dutra; Anna Agustí‐Panareda; Clément Albergel,2021,,posted-content,supporting,yes,IDENTIFIER-ONLY,,109,https://doi.org/10.5194/essd-2021-82,Q10,reanalysis / observed eddy phenomenology,ERA5 global reanalysis,2026-07-25T10:56:57Z,2026-07-25T11:23:57Z,no,on-topic title but venue outside the field: 
10.1175/mwr-d-11-00221.1,Controlling the Computational Modes of the Arbitrarily Structured C Grid,Controlling the Computational Modes of the Arbitrarily Structured C Grid,1.000,Hilary Weller,2012,Monthly Weather Review,journal-article,supporting,yes,IDENTIFIER-ONLY,,108,,F1,forward-cite: Galewsky 2004,cites:10.3402/tellusa.v56i5.14436,2026-07-25T10:56:57Z,2026-07-25T11:22:45Z,no,no strong domain term in title
10.1016/j.jcp.2008.01.033,Shallow water model on cubed-sphere by multi-moment finite volume method,Shallow water model on cubed-sphere by multi-moment finite volume method,1.000,Chungang Chen; Feng Xiao,2008,Journal of Computational Physics,journal-article,supporting,yes,IDENTIFIER-ONLY,,108,,Q1,benchmark suite,shallow water equations spherical geometry standard test set,2026-07-25T10:56:57Z,2026-07-25T11:23:40Z,yes,DOMAIN: title 'shallow[- ]water' in venue 'journal of computational physics'
10.1175/2007mwr2108.1,A Comparison of Two Shallow-Water Models with Nonconforming Adaptive Grids,A Comparison of Two Shallow-Water Models with Nonconforming Adaptive Grids,1.000,Amik St-Cyr; Christiane Jablonowski; John M. Dennis; Henry M. Tufo,2008,Monthly Weather Review,journal-article,supporting,yes,IDENTIFIER-ONLY,,107,https://journals.ametsoc.org/downloadpdf/journals/mwre/136/6/2007mwr2108.1.pdf,Q1,benchmark suite,spectral transform shallow water test suite error norms,2026-07-25T10:56:57Z,2026-07-25T11:23:40Z,yes,DOMAIN: title 'shallow[- ]water' in venue 'monthly weather review'
10.1111/j.1600-0870.2004.00071.x,An initial-value problem for testing numerical models of the global shallow-water equations,An initial-value problem for testing numerical models of the global                         shallow-water equations,1.000,Joseph Galewsky; R. K. Scott; Lorenzo M. Polvani,2004,Tellus A Dynamic Meteorology and Oceanography,journal-article,supporting,yes,IDENTIFIER-ONLY,,106,https://storage.googleapis.com/jnl-su-j-tadmo-files/journals/1/articles/1071/submission/proof/1071-1-41198-1-10-20220909.pdf,Q1,benchmark suite,shallow water equations spherical geometry standard test set,2026-07-25T10:56:57Z,2026-07-25T11:23:41Z,yes,DOMAIN: title 'shallow[- ]water' in venue 'tellus'
10.1175/1520-0469(1999)056<0784:seozjo>2.0.co;2,Slow Evolution of Zonal Jets on the Beta Plane,Slow Evolution of Zonal Jets on the Beta Plane,1.000,A.J. Manfroi; W. R. Young,1999,Journal of the Atmospheric Sciences,journal-article,supporting,yes,IDENTIFIER-ONLY,,106,https://journals.ametsoc.org/downloadpdf/journals/atsc/56/5/1520-0469_1999_056_0784_seozjo_2.0.co_2.pdf,Q7,Rhines scale / jets / zonostrophic,Rhines scale beta plane turbulence arrest,2026-07-25T10:56:57Z,2026-07-25T11:25:17Z,yes,DOMAIN: title '\bjets\b' in venue 'journal of the atmospheric sciences'
10.1175/jas4000.1,Two-Layer Baroclinic Eddy Heat Fluxes: Zonal Flows and Energy Balance,Two-Layer Baroclinic Eddy Heat Fluxes: Zonal Flows and Energy Balance,1.000,Andrew F. Thompson; W. R. Young,2007,Journal of the Atmospheric Sciences,journal-article,supporting,yes,IDENTIFIER-ONLY,,104,https://journals.ametsoc.org/downloadpdf/journals/atsc/64/9/jas4000.1.pdf,Q7,Rhines scale / jets / zonostrophic,beta plane turbulence anisotropy zonal flow,2026-07-25T10:56:57Z,2026-07-25T11:25:17Z,yes,DOMAIN: title 'baroclinic' in venue 'journal of the atmospheric sciences'
10.1016/j.jcp.2010.04.044,High-order finite-volume methods for the shallow-water equations on the sphere,High-order finite-volume methods for the shallow-water equations on the sphere,1.000,Paul Ullrich; Christiane Jablonowski; Bram van Leer,2010,Journal of Computational Physics,journal-article,supporting,yes,IDENTIFIER-ONLY,,103,,F1,forward-cite: Galewsky 2004,cites:10.3402/tellusa.v56i5.14436,2026-07-25T10:56:57Z,2026-07-25T11:22:45Z,yes,DOMAIN: title 'shallow[- ]water' in venue 'journal of computational physics'
10.1175/1520-0469(1998)055<2437:hcaamo>2.0.co;2,Hadley Circulation as a Modulator of the Extratropical Climate,Hadley Circulation as a Modulator of the Extratropical Climate,1.000,Arthur Y. Hou,1998,Journal of the Atmospheric Sciences,journal-article,supporting,yes,IDENTIFIER-ONLY,,101,https://journals.ametsoc.org/downloadpdf/journals/atsc/55/14/1520-0469_1998_055_2437_hcaamo_2.0.co_2.pdf,Q10,reanalysis / observed eddy phenomenology,observed phase speed spectra extratropical eddies,2026-07-25T10:56:57Z,2026-07-25T11:23:58Z,no,no strong domain term in title
10.1063/1.166011,Jets,Jets,1.000,Peter B. Rhines,1994,Chaos An Interdisciplinary Journal of Nonlinear Science,journal-article,supporting,yes,IDENTIFIER-ONLY,,101,,Q7,Rhines scale / jets / zonostrophic,zonal jet formation rotating turbulence,2026-07-25T10:56:57Z,2026-07-25T11:25:17Z,yes,DOMAIN: title '\bjets\b' in venue 'science'
10.1002/qj.3267,Sting jets in extratropical cyclones: a review,Sting jets in extratropical cyclones: a review,1.000,Peter Clark; Suzanne L. Gray,2018,Quarterly Journal of the Royal Meteorological Society,journal-article,supporting,yes,IDENTIFIER-ONLY,,97,https://rmets.onlinelibrary.wiley.com/doi/pdfdirect/10.1002/qj.3267,Q10,reanalysis / observed eddy phenomenology,observed phase speed spectra extratropical eddies,2026-07-25T10:56:57Z,2026-07-25T11:23:58Z,yes,DOMAIN: title '\bjets\b' in venue 'quarterly journal of the royal meteorological society'
10.1063/1.869327,Formation of zonal band structure in forced two-dimensional turbulence on a rotating sphere,Formation of zonal band structure in forced two-dimensional turbulence on a rotating sphere,1.000,Toru Nozawa; Shigeo Yoden,1997,Physics of Fluids,journal-article,supporting,yes,IDENTIFIER-ONLY,,97,,Q7,Rhines scale / jets / zonostrophic,zonal jet formation rotating turbulence,2026-07-25T10:56:57Z,2026-07-25T11:25:17Z,yes,DOMAIN: title 'zonal' in venue 'physics of fluids'
10.1175/1520-0469(2001)058<3243:twoiat>2.0.co;2,The Wavenumber-One Instability and Trochoidal Motion of Hurricane-like Vortices,The Wavenumber-One Instability and Trochoidal Motion of Hurricane-like Vortices,1.000,David S. Nolan; Michael T. Montgomery; Lewis D. Grasso,2001,Journal of the Atmospheric Sciences,journal-article,supporting,yes,IDENTIFIER-ONLY,,96,https://journals.ametsoc.org/downloadpdf/journals/atsc/58/21/1520-0469_2001_058_3243_twoiat_2.0.co_2.pdf,Q10,reanalysis / observed eddy phenomenology,wavenumber frequency spectrum geopotential height,2026-07-25T10:56:57Z,2026-07-25T11:23:58Z,yes,DOMAIN: title 'vortic' in venue 'journal of the atmospheric sciences'
10.1090/s0025-5718-01-01386-2,A fast spherical harmonics transform algorithm,A fast spherical harmonics transform algorithm,1.000,Reiji Suda; Masayasu Takami,2001,Mathematics of Computation,journal-article,supporting,yes,IDENTIFIER-ONLY,,94,https://www.ams.org/mcom/2002-71-238/S0025-5718-01-01386-2/S0025-5718-01-01386-2.pdf,Q8,spectral methods / Dedalus,spherical harmonic transform numerical method sphere,2026-07-25T10:56:57Z,2026-07-25T11:25:26Z,no,on-topic title but venue outside the field: Mathematics of Computation
10.1175/mwr2986.1,Analysis of Discrete Shallow-Water Models on Geodesic Delaunay Grids with C-Type Staggering,Analysis of Discrete Shallow-Water Models on Geodesic Delaunay Grids with C-Type Staggering,1.000,Luca Bonaventura; Todd D. Ringler,2005,Monthly Weather Review,journal-article,supporting,yes,IDENTIFIER-ONLY,,93,https://journals.ametsoc.org/downloadpdf/journals/mwre/133/8/mwr2986.1.pdf,Q1,benchmark suite,spectral transform shallow water test suite error norms,2026-07-25T10:56:57Z,2026-07-25T11:23:40Z,yes,DOMAIN: title 'shallow[- ]water' in venue 'monthly weather review'
10.1175/1520-0469(1999)056<1353:watczw>2.0.co;2,Why Are the Climatological Zonal Winds Easterly in the EquatorialUpper Troposphere?,Why Are the Climatological Zonal Winds Easterly in the EquatorialUpper Troposphere?,1.000,Sukyoung Lee,1999,Journal of the Atmospheric Sciences,journal-article,supporting,yes,IDENTIFIER-ONLY,,93,https://journals.ametsoc.org/downloadpdf/journals/atsc/56/10/1520-0469_1999_056_1353_watczw_2.0.co_2.pdf,Q10,reanalysis / observed eddy phenomenology,stationary and transient eddy phase speed troposphere,2026-07-25T10:56:57Z,2026-07-25T11:23:58Z,yes,DOMAIN: title 'zonal' in venue 'journal of the atmospheric sciences'
10.1007/s10851-013-0489-5,Intrinsic Polynomials for Regression on Riemannian Manifolds,Intrinsic Polynomials for Regression on Riemannian Manifolds,1.000,Jacob Hinkle; P. Thomas Fletcher; Sarang Joshi,2014,Journal of Mathematical Imaging and Vision,journal-article,supporting,yes,IDENTIFIER-ONLY,,89,https://link.springer.com/content/pdf/10.1007/s10851-013-0489-5.pdf,Q8,spectral methods / Dedalus,tensor calculus spherical coordinates Jacobi polynomials,2026-07-25T10:56:57Z,2026-07-25T11:25:27Z,no,no strong domain term in title
10.1175/1520-0493(1989)117<1058:acotnm>2.0.co;2,A Comparison of Three Numerical Methods for Solving Differential Equations on the Sphere,A Comparison of Three Numerical Methods for Solving Differential Equations on the Sphere,1.000,G. L. Browning; James J. Hack; Paul N. Swarztrauber,1989,Monthly Weather Review,journal-article,supporting,yes,IDENTIFIER-ONLY,,88,https://journals.ametsoc.org/downloadpdf/journals/mwre/117/5/1520-0493_1989_117_1058_acotnm_2_0_co_2.pdf,Q8,spectral methods / Dedalus,spherical harmonic transform numerical method sphere,2026-07-25T10:56:57Z,2026-07-25T11:25:27Z,yes,DOMAIN: title '\bsphere\b' in venue 'monthly weather review'
10.1098/rsta.2008.0207,Developing the next-generation climate system models: challenges and achievements,Developing the next-generation climate system models: challenges and achievements,1.000,Julia Slingo; Kevin R. Bates; Nikos Nikiforakis; Matthew D. Piggott,2008,Philosophical Transactions of the Royal Society A Mathematical Physical and Engineering Sciences,journal-article,supporting,yes,IDENTIFIER-ONLY,,84,https://doi.org/10.1098/rsta.2008.0207,F1,forward-cite: Galewsky 2004,cites:10.3402/tellusa.v56i5.14436,2026-07-25T10:56:57Z,2026-07-25T11:22:45Z,no,no strong domain term in title
10.21105/joss.02158,py-pde: A Python package for solving partial differential equations,py-pde: A Python package for solving partial differential equations,1.000,David Zwicker,2020,The Journal of Open Source Software,journal-article,supporting,yes,IDENTIFIER-ONLY,,83,https://joss.theoj.org/papers/10.21105/joss.02158.pdf,Q8,spectral methods / Dedalus,Dedalus spectral framework partial differential equations,2026-07-25T10:56:57Z,2026-07-25T11:25:27Z,no,no strong domain term in title
10.1111/j.1365-246x.2006.03233.x,Scholte-wave tomography for shallow-water marine sediments,Scholte-wave tomography for shallow-water marine sediments,1.000,Simone Kugler; Thomas Bohlen; Thomas Forbriger; Sascha Bussat,2006,Geophysical Journal International,journal-article,supporting,yes,IDENTIFIER-ONLY,,81,https://academic.oup.com/gji/article-pdf/168/2/551/2012743/168-2-551.pdf,Q1,benchmark suite,spectral transform shallow water test suite error norms,2026-07-25T10:56:57Z,2026-07-25T11:23:40Z,no,on-topic title but venue outside the field: Geophysical Journal International
10.1016/j.jcp.2005.01.004,A nodal triangle-based spectral element method for the shallow water equations on the sphere,A nodal triangle-based spectral element method for the shallow water equations on the sphere,1.000,Francis X. Giraldo; Tim Warburton,2005,Journal of Computational Physics,journal-article,supporting,yes,IDENTIFIER-ONLY,,79,,F1,forward-cite: Galewsky 2004,cites:10.3402/tellusa.v56i5.14436,2026-07-25T10:56:57Z,2026-07-25T11:22:44Z,yes,DOMAIN: title 'shallow[- ]water' in venue 'journal of computational physics'
10.1175/mwr2788.1,Numerically Converged Solutions of the Global Primitive Equations for Testing the Dynamical Core of Atmospheric GCMs,Numerically Converged Solutions of the Global Primitive Equations for Testing the Dynamical Core of Atmospheric GCMs,1.000,Lorenzo M. Polvani; R. K. Scott; Stephen J. Thomas,2004,Monthly Weather Review,journal-article,supporting,yes,IDENTIFIER-ONLY,,78,https://journals.ametsoc.org/downloadpdf/journals/mwre/132/11/mwr2788.1.pdf,F1,forward-cite: Galewsky 2004,cites:10.3402/tellusa.v56i5.14436,2026-07-25T10:56:57Z,2026-07-25T11:22:46Z,yes,DOMAIN: title 'dynamical core' in venue 'monthly weather review'
10.1175/jpo-d-10-05021.1,Baroclinic Turbulence in the Ocean: Analysis with Primitive Equation and Quasigeostrophic Simulations,Baroclinic Turbulence in the Ocean: Analysis with Primitive Equation and Quasigeostrophic Simulations,1.000,Antoine Venaille; Geoffrey K. Vallis; K. Shafer Smith,2011,Journal of Physical Oceanography,journal-article,supporting,yes,IDENTIFIER-ONLY,,72,https://journals.ametsoc.org/downloadpdf/journals/phoc/41/9/jpo-d-10-05021.1.pdf,Q7,Rhines scale / jets / zonostrophic,Rhines scale beta plane turbulence arrest,2026-07-25T10:56:57Z,2026-07-25T11:25:18Z,yes,DOMAIN: title 'baroclinic' in venue 'journal of physical oceanography'
10.1175/1520-0493(1990)118<1615:iotswe>2.0.co;2,Integration of the Shallow Water Equations on the Sphere Using a Vector Semi-Lagrangian Scheme with a Multigrid Solver,Integration of the Shallow Water Equations on the Sphere Using a Vector Semi-Lagrangian Scheme with a Multigrid Solver,1.000,J. R. Bates; Fredrick H. M. Semazzi; R. Wayne Higgins; Saulo R.M. Barros,1990,Monthly Weather Review,journal-article,supporting,yes,IDENTIFIER-ONLY,,71,http://journals.ametsoc.org/doi/pdf/10.1175/1520-0493%281990%29118%3C1615%3AIOTSWE%3E2.0.CO%3B2,Q8,spectral methods / Dedalus,sphere spectral method pole problem,2026-07-25T10:56:57Z,2026-07-25T11:25:27Z,yes,DOMAIN: title 'shallow[- ]water' in venue 'monthly weather review'
10.3894/james.2010.2.15,Rotated Versions of the Jablonowski Steady‐State and Baroclinic Wave Test Cases: A Dynamical Core Intercomparison,Rotated Versions of the Jablonowski Steady‐State and Baroclinic Wave Test Cases: A Dynamical Core Intercomparison,1.000,P. H. Lauritzen; Christiane Jablonowski; Mark A. Taylor; Ramachandran D. Nair,2010,Journal of Advances in Modeling Earth Systems,journal-article,supporting,yes,IDENTIFIER-ONLY,,70,https://onlinelibrary.wiley.com/doi/pdfdirect/10.3894/JAMES.2010.2.15,F1,forward-cite: Galewsky 2004,cites:10.3402/tellusa.v56i5.14436,2026-07-25T10:56:57Z,2026-07-25T11:22:50Z,yes,DOMAIN: title 'baroclinic' in venue 'journal of advances in modeling earth systems'
10.5194/gmd-7-105-2014,A standard test case suite for two-dimensional linear transport on the sphere: results from a collection of state-of-the-art schemes,A standard test case suite for two-dimensional linear transport on the sphere: results from a collection of state-of-the-art schemes,1.000,P. H. Lauritzen; Paul Ullrich; Christiane Jablonowski; Peter Bosler,2014,Geoscientific model development,journal-article,supporting,yes,IDENTIFIER-ONLY,,69,https://gmd.copernicus.org/articles/7/105/2014/gmd-7-105-2014.pdf,Q1,benchmark suite,spectral transform shallow water test suite error norms,2026-07-25T10:56:57Z,2026-07-25T11:23:40Z,yes,DOMAIN: title '\bsphere\b' in venue 'geoscientific model development'
10.1093/gji/ggy280,A benchmark study of numerical implementations of the sea level equation in GIA modelling,A benchmark study of numerical implementations of the sea level equation in GIA modelling,1.000,Z. Martinec; Volker Klemann; W van der Wal; Riccardo Riva,2018,Geophysical Journal International,journal-article,supporting,yes,IDENTIFIER-ONLY,,69,https://academic.oup.com/gji/article-pdf/215/1/389/25336521/ggy280.pdf,Q1,benchmark suite,numerical approximations shallow water sphere benchmark,2026-07-25T10:56:57Z,2026-07-25T11:23:41Z,no,no strong domain term in title
10.1017/s002211209400128x,Dynamical properties of vortical structures on the beta-plane,Dynamical properties of vortical structures on the beta-plane,1.000,G. G. Sutyrin; Jan S. Hesthaven; Jens-Peter Lynov; J. Juul Rasmussen,1994,Journal of Fluid Mechanics,journal-article,supporting,yes,IDENTIFIER-ONLY,,68,https://www.cambridge.org/core/services/aop-cambridge-core/content/view/A760AAD2A5F2FD5EF077640F4FC0DE0C/S002211209400128Xa.pdf/div-class-title-dynamical-properties-of-vortical-structures-on-the-beta-plane-div.pdf,Q7,Rhines scale / jets / zonostrophic,beta plane turbulence anisotropy zonal flow,2026-07-25T10:56:57Z,2026-07-25T11:25:18Z,yes,DOMAIN: title 'vortic' in venue 'journal of fluid mechanics'
10.1016/j.jcp.2005.08.027,A wave propagation method for hyperbolic systems on the sphere,A wave propagation method for hyperbolic systems on the sphere,1.000,James A. Rossmanith,2005,Journal of Computational Physics,journal-article,supporting,yes,IDENTIFIER-ONLY,,60,,F1,forward-cite: Galewsky 2004,cites:10.3402/tellusa.v56i5.14436,2026-07-25T10:56:57Z,2026-07-25T11:22:46Z,yes,DOMAIN: title '\bsphere\b' in venue 'journal of computational physics'
10.3390/cli8120148,Evaluation of Daily Precipitation from the ERA5 Global Reanalysis against GHCN Observations in the Northeastern United States,Evaluation of Daily Precipitation from the ERA5 Global Reanalysis against GHCN Observations in the Northeastern United States,1.000,Caitlin C. Crossett; Alan K. Betts; Lesley-Ann L. Dupigny-Giroux; Arne Bomblies,2020,Climate,journal-article,supporting,yes,IDENTIFIER-ONLY,,60,https://www.mdpi.com/2225-1154/8/12/148/pdf?version=1608017943,Q10,reanalysis / observed eddy phenomenology,ERA5 global reanalysis,2026-07-25T10:56:57Z,2026-07-25T11:23:58Z,no,on-topic title but venue outside the field: Climate
10.1016/j.jcp.2009.11.008,A global shallow water model using high order multi-moment constrained finite volume method and icosahedral grid,A global shallow water model using high order multi-moment constrained finite volume method and icosahedral grid,1.000,Satoshi Ii; Feng Xiao,2009,Journal of Computational Physics,journal-article,supporting,yes,IDENTIFIER-ONLY,,58,http://dspace.imech.ac.cn/bitstream/311007/43571/1/119.pdf,Q1,benchmark suite,numerical approximations shallow water sphere benchmark,2026-07-25T10:56:57Z,2026-07-25T11:23:41Z,yes,DOMAIN: title 'shallow[- ]water' in venue 'journal of computational physics'
10.1175/1520-0442(2003)016<3314:artzvi>2.0.co;2,Atmospheric Response to Zonal Variations in Midlatitude SST: Transient and Stationary Eddies and Their Feedback*,Atmospheric Response to Zonal Variations in Midlatitude SST: Transient and Stationary Eddies and Their Feedback*,1.000,Masaru Inatsu; Hitoshi Mukougawa; Shang‐Ping Xie,2003,Journal of Climate,journal-article,supporting,yes,IDENTIFIER-ONLY,,57,https://journals.ametsoc.org/downloadpdf/journals/clim/16/20/1520-0442_2003_016_3314_artzvi_2.0.co_2.pdf,Q10,reanalysis / observed eddy phenomenology,stationary and transient eddy phase speed troposphere,2026-07-25T10:56:57Z,2026-07-25T11:23:58Z,yes,DOMAIN: title 'zonal' in venue 'journal of climate'
10.1016/0021-9991(85)90189-5,Computation of spherical harmonic expansion coefficients via FFT's,Computation of spherical harmonic expansion coefficients via FFT's,1.000,Gary A. Dilts,1985,Journal of Computational Physics,journal-article,supporting,yes,IDENTIFIER-ONLY,,57,,Q8,spectral methods / Dedalus,spherical harmonic transform numerical method sphere,2026-07-25T10:56:57Z,2026-07-25T11:25:27Z,yes,DOMAIN: title 'spherical harmonic' in venue 'journal of computational physics'
10.1016/j.jcp.2008.08.019,A discontinuous Galerkin method for the shallow water equations in spherical triangular coordinates,A discontinuous Galerkin method for the shallow water equations in spherical triangular coordinates,1.000,M. Läuter; Francis X. Giraldo; Dörthe Handorf; Klaus Dethloff,2008,Journal of Computational Physics,journal-article,supporting,yes,IDENTIFIER-ONLY,,56,,Q1,benchmark suite,shallow water equations spherical geometry standard test set,2026-07-25T10:56:57Z,2026-07-25T11:23:41Z,yes,DOMAIN: title 'shallow[- ]water' in venue 'journal of computational physics'
10.1175/1520-0493(1996)124<0730:stmfst>2.0.co;2,Spectral Transform Methods for Solving the Shallow-Water Equations on the Sphere,Spectral Transform Methods for Solving the Shallow-Water Equations on the Sphere,1.000,Paul N. Swarztrauber,1996,Monthly Weather Review,journal-article,supporting,yes,IDENTIFIER-ONLY,,54,https://journals.ametsoc.org/downloadpdf/journals/mwre/124/4/1520-0493_1996_124_0730_stmfst_2_0_co_2.pdf,Q8,spectral methods / Dedalus,sphere spectral method pole problem,2026-07-25T10:56:57Z,2026-07-25T11:25:27Z,yes,DOMAIN: title 'shallow[- ]water' in venue 'monthly weather review'
10.1175/jas-d-19-0209.1,Vertical Velocity Profiles in Convectively Coupled Equatorial Waves and MJO: New Diagnoses of Vertical Velocity Profiles in the Wavenumber–Frequency Domain,Vertical Velocity Profiles in Convectively Coupled Equatorial Waves and MJO: New Diagnoses of Vertical Velocity Profiles in the Wavenumber–Frequency Domain,1.000,Kuniaki Inoue; Ángel F. Adames; Kazuaki Yasunaga,2020,Journal of the Atmospheric Sciences,journal-article,supporting,yes,IDENTIFIER-ONLY,,51,https://journals.ametsoc.org/downloadpdf/journals/atsc/77/6/JAS-D-19-0209.1.pdf,Q10,reanalysis / observed eddy phenomenology,wavenumber frequency spectrum geopotential height,2026-07-25T10:56:57Z,2026-07-25T11:23:59Z,yes,DOMAIN: title 'wavenumber' in venue 'journal of the atmospheric sciences'
10.1017/s0022112087002738,Rossby waves and two-dimensional turbulence in a large-scale zonal jet,Rossby waves and two-dimensional turbulence in a large-scale zonal jet,1.000,Theodore G. Shepherd,1987,Journal of Fluid Mechanics,journal-article,supporting,yes,IDENTIFIER-ONLY,,51,,Q7,Rhines scale / jets / zonostrophic,beta plane turbulence anisotropy zonal flow,2026-07-25T10:56:57Z,2026-07-25T11:25:19Z,yes,DOMAIN: title 'rossby' in venue 'journal of fluid mechanics'
10.1016/j.jcp.2016.08.013,Tensor calculus in polar coordinates using Jacobi polynomials,Tensor calculus in polar coordinates using Jacobi polynomials,1.000,Geoffrey M. Vasil; Keaton J. Burns; Daniel Lecoanet; Sheehan Olver,2016,Journal of Computational Physics,journal-article,supporting,yes,IDENTIFIER-ONLY,,51,https://arxiv.org/pdf/1509.07624,Q8,spectral methods / Dedalus,Dedalus spectral framework partial differential equations,2026-07-25T10:56:57Z,2026-07-25T11:25:28Z,no,no strong domain term in title
10.1103/physrevfluids.2.032602,Jets or vortices—What flows are generated by an inverse turbulent cascade?,Jets or vortices—What flows are generated by an inverse turbulent cascade?,1.000,Anna Frishman; Jason Laurie; Gregory Falkovich,2017,Physical Review Fluids,journal-article,supporting,yes,IDENTIFIER-ONLY,,50,https://arxiv.org/pdf/1608.04628,Q7,Rhines scale / jets / zonostrophic,zonostrophic turbulence jet spacing,2026-07-25T10:56:57Z,2026-07-25T11:25:18Z,yes,DOMAIN: title 'vortic' in venue 'physical review fluids'
10.3402/tellusa.v65i0.20898,On the use of exponential time integration methods in atmospheric models,On the use of exponential time integration methods in atmospheric                         models,1.000,Colm Clancy; Janusz A. Pudykiewicz,2013,Tellus A Dynamic Meteorology and Oceanography,journal-article,supporting,yes,IDENTIFIER-ONLY,,49,https://doi.org/10.3402/tellusa.v65i0.20898,F1,forward-cite: Galewsky 2004,cites:10.3402/tellusa.v56i5.14436,2026-07-25T10:56:57Z,2026-07-25T11:22:46Z,yes,DOMAIN: title 'atmospher' in venue 'tellus'
10.1016/j.ocemod.2008.05.004,A finite element method for solving the shallow water equations on the sphere,A finite element method for solving the shallow water equations on the sphere,1.000,Richard Comblen; Sébastien Legrand; Éric Deleersnijder; Vincent Legat,2008,Ocean Modelling,journal-article,supporting,yes,IDENTIFIER-ONLY,,49,,Q1,benchmark suite,shallow water equations spherical geometry standard test set,2026-07-25T10:56:57Z,2026-07-25T11:23:41Z,yes,DOMAIN: title 'shallow[- ]water' in venue 'ocean modelling'
10.1016/j.jcp.2016.07.012,An efficient exponential time integration method for the numerical solution of the shallow water equations on the sphere,An efficient exponential time integration method for the numerical solution of the shallow water equations on the sphere,1.000,Stéphane Gaudreault; Janusz A. Pudykiewicz,2016,Journal of Computational Physics,journal-article,supporting,yes,IDENTIFIER-ONLY,,48,https://doi.org/10.1016/j.jcp.2016.07.012,F1,forward-cite: Galewsky 2004,cites:10.3402/tellusa.v56i5.14436,2026-07-25T10:56:57Z,2026-07-25T11:22:47Z,yes,DOMAIN: title 'shallow[- ]water' in venue 'journal of computational physics'
10.1016/0021-9991(90)90012-p,Elimination of spurious eigenvalues in the Chebyshev tau spectral method,Elimination of spurious eigenvalues in the Chebyshev tau spectral method,1.000,G. B. McFadden; B.T. Murray; Ronald F. Boisvert,1990,Journal of Computational Physics,journal-article,supporting,yes,IDENTIFIER-ONLY,,48,,Q8,spectral methods / Dedalus,tensor calculus spherical coordinates Jacobi polynomials,2026-07-25T10:56:57Z,2026-07-25T11:25:28Z,yes,DOMAIN: title 'eigen' in venue 'journal of computational physics'
10.1103/physreve.65.067301,Rhines scale and spectra of the β-plane turbulence with bottom drag,Rhines scale and spectra of the β-plane turbulence with bottom drag,1.000,Sergey Danilov; David Gurarie,2002,"Physical review. E, Statistical physics, plasmas, fluids, and related interdisciplinary topics",journal-article,supporting,yes,IDENTIFIER-ONLY,,47,http://link.aps.org/pdf/10.1103/PhysRevE.65.067301,Q7,Rhines scale / jets / zonostrophic,Rhines scale beta plane turbulence arrest,2026-07-25T10:56:57Z,2026-07-25T11:25:19Z,no,"on-topic title but venue outside the field: Physical review. E, Statistical physics,"
10.1017/s0022112087002891,Non-ergodicity of inviscid two-dimensional flow on a beta-plane and on the surface of a rotating sphere,Non-ergodicity of inviscid two-dimensional flow on a beta-plane and on the surface of a rotating sphere,1.000,Theodore G. Shepherd,1987,Journal of Fluid Mechanics,journal-article,supporting,yes,IDENTIFIER-ONLY,,47,https://centaur.reading.ac.uk/32991/1/S0022112087002891a.pdf,Q7,Rhines scale / jets / zonostrophic,Rhines scale beta plane turbulence arrest,2026-07-25T10:56:57Z,2026-07-25T11:25:19Z,yes,DOMAIN: title 'beta[- ]plane' in venue 'journal of fluid mechanics'
10.1016/j.jcp.2018.08.027,Higher-order compatible finite element schemes for the nonlinear rotating shallow water equations on the sphere,Higher-order compatible finite element schemes for the nonlinear rotating shallow water equations on the sphere,1.000,Jemma Shipton; Thomas H. Gibson; Colin J. Cotter,2018,Journal of Computational Physics,journal-article,supporting,yes,IDENTIFIER-ONLY,,45,https://doi.org/10.1016/j.jcp.2018.08.027,F1,forward-cite: Galewsky 2004,cites:10.3402/tellusa.v56i5.14436,2026-07-25T10:56:57Z,2026-07-25T11:22:47Z,yes,DOMAIN: title 'shallow[- ]water' in venue 'journal of computational physics'
10.5194/gmd-2-231-2009,Icosahedral Shallow Water Model (ICOSWM): results of shallow water test cases and sensitivity to model parameters,Icosahedral Shallow Water Model (ICOSWM): results of shallow water test cases and sensitivity to model parameters,1.000,Pilar Rípodas; Almut Gaßmann; Jochen Förstner; Detlev Majewski,2009,Geoscientific model development,journal-article,supporting,yes,IDENTIFIER-ONLY,,42,https://gmd.copernicus.org/articles/2/231/2009/gmd-2-231-2009.pdf,Q1,benchmark suite,spectral transform shallow water test suite error norms,2026-07-25T10:56:57Z,2026-07-25T11:23:42Z,yes,DOMAIN: title 'shallow[- ]water' in venue 'geoscientific model development'
10.1016/j.jcp.2013.10.026,Global shallow water models based on multi-moment constrained finite volume method and three quasi-uniform spherical grids,Global shallow water models based on multi-moment constrained finite volume method and three quasi-uniform spherical grids,1.000,Chungang Chen; Xingliang Li; Xueshun Shen; Feng Xiao,2013,Journal of Computational Physics,journal-article,supporting,yes,IDENTIFIER-ONLY,,41,,F1,forward-cite: Galewsky 2004,cites:10.3402/tellusa.v56i5.14436,2026-07-25T10:56:57Z,2026-07-25T11:22:48Z,yes,DOMAIN: title 'shallow[- ]water' in venue 'journal of computational physics'
10.1016/j.jcp.2010.11.045,On numerical solution of the shallow water equations with chemical reactions on icosahedral geodesic grid,On numerical solution of the shallow water equations with chemical reactions on icosahedral geodesic grid,1.000,Janusz A. Pudykiewicz,2010,Journal of Computational Physics,journal-article,supporting,yes,IDENTIFIER-ONLY,,40,,F1,forward-cite: Galewsky 2004,cites:10.3402/tellusa.v56i5.14436,2026-07-25T10:56:57Z,2026-07-25T11:22:48Z,yes,DOMAIN: title 'shallow[- ]water' in venue 'journal of computational physics'
10.1146/annurev-fluid-120720-031006,Recent Developments in Theories of Inhomogeneous and Anisotropic Turbulence,Recent Developments in Theories of Inhomogeneous and Anisotropic Turbulence,1.000,J. B. Marston; Steven M. Tobias,2022,Annual Review of Fluid Mechanics,journal-article,supporting,yes,IDENTIFIER-ONLY,,38,https://www.annualreviews.org/doi/pdf/10.1146/annurev-fluid-120720-031006,Q7,Rhines scale / jets / zonostrophic,zonostrophic turbulence jet spacing,2026-07-25T10:56:57Z,2026-07-25T11:25:19Z,yes,DOMAIN: title 'turbulence' in venue 'annual review of fluid'
10.1029/2001gl013500,Simulations of diurnal tides due to tropospheric heating from the NCEP/NCAR Reanalysis Project,Simulations of diurnal tides due to tropospheric heating from the NCEP/NCAR Reanalysis Project,1.000,J. M. Forbes; Xiaoli Zhang; M. E. Hagan,2001,Geophysical Research Letters,journal-article,supporting,yes,IDENTIFIER-ONLY,,37,https://onlinelibrary.wiley.com/doi/pdfdirect/10.1029/2001GL013500,Q10,reanalysis / observed eddy phenomenology,NCEP NCAR reanalysis project,2026-07-25T10:56:57Z,2026-07-25T11:23:59Z,yes,DOMAIN: title 'reanalysis' in venue 'geophysical research letters'
10.1002/qj.2349,An assessment of global forecast errors due to the spherical geopotential approximation in the shallow‐water case,An assessment of global forecast errors due to the spherical geopotential approximation in the shallow‐water case,1.000,Pierre Bénard,2014,Quarterly Journal of the Royal Meteorological Society,journal-article,supporting,yes,IDENTIFIER-ONLY,,36,,F1,forward-cite: Galewsky 2004,cites:10.3402/tellusa.v56i5.14436,2026-07-25T10:56:57Z,2026-07-25T11:22:49Z,no,no strong domain term in title
10.1016/j.jcp.2015.12.058,Accuracy analysis of mimetic finite volume operators on geodesic grids and a consistent alternative,Accuracy analysis of mimetic finite volume operators on geodesic grids and a consistent alternative,1.000,Pedro S. Peixoto,2016,Journal of Computational Physics,journal-article,supporting,yes,IDENTIFIER-ONLY,,36,http://doi.org/10.1016/j.jcp.2015.12.058,F1,forward-cite: Galewsky 2004,cites:10.3402/tellusa.v56i5.14436,2026-07-25T10:56:57Z,2026-07-25T11:22:49Z,yes,DOMAIN: title 'finite[- ]volume' in venue 'journal of computational physics'
10.1175/1520-0493(2001)129<2346:svfswe>2.0.co;2,Spectral Viscosity for Shallow Water Equations in Spherical Geometry,Spectral Viscosity for Shallow Water Equations in Spherical Geometry,1.000,Anne Gelb; James P. Gleeson,2001,Monthly Weather Review,journal-article,supporting,yes,IDENTIFIER-ONLY,,35,https://journals.ametsoc.org/downloadpdf/journals/mwre/129/9/1520-0493_2001_129_2346_svfswe_2.0.co_2.pdf,Q1,benchmark suite,shallow water equations spherical geometry standard test set,2026-07-25T10:56:57Z,2026-07-25T11:23:43Z,yes,DOMAIN: title 'shallow[- ]water' in venue 'monthly weather review'
10.1002/fld.2198,A dual‐weighted trust‐region adaptive POD 4D‐VAR applied to a finite‐element shallow‐water equations model,A dual‐weighted trust‐region adaptive POD 4D‐VAR applied to a finite‐element shallow‐water equations model,1.000,Xinyang Chen; I. M. Navon; F. Fang,2009,International Journal for Numerical Methods in Fluids,journal-article,supporting,yes,IDENTIFIER-ONLY,,34,,F1,forward-cite: Galewsky 2004,cites:10.3402/tellusa.v56i5.14436,2026-07-25T10:56:57Z,2026-07-25T11:22:49Z,no,no strong domain term in title
10.1175/2009jas2941.1,Emergence of Jets from Turbulence in the Shallow-Water Equations on an Equatorial Beta Plane,Emergence of Jets from Turbulence in the Shallow-Water Equations on an Equatorial Beta Plane,1.000,Brian F. Farrell; Petros J. Ioannou,2009,Journal of the Atmospheric Sciences,journal-article,supporting,yes,IDENTIFIER-ONLY,,34,https://journals.ametsoc.org/downloadpdf/journals/atsc/66/10/2009jas2941.1.pdf,Q7,Rhines scale / jets / zonostrophic,zonal jet formation rotating turbulence,2026-07-25T10:56:57Z,2026-07-25T11:25:19Z,yes,DOMAIN: title 'shallow[- ]water' in venue 'journal of the atmospheric sciences'
10.1103/physrevlett.101.178501,Nonlinear Waves in Zonostrophic Turbulence,Nonlinear Waves in Zonostrophic Turbulence,1.000,Semion Sukoriansky; Nadejda Dikovskaya; Boris Galperin,2008,Physical Review Letters,journal-article,supporting,yes,IDENTIFIER-ONLY,,34,,Q7,Rhines scale / jets / zonostrophic,beta plane turbulence anisotropy zonal flow,2026-07-25T10:56:57Z,2026-07-25T11:25:19Z,no,on-topic title but venue outside the field: Physical Review Letters
10.1002/fld.2523,A dual‐weighted trust‐region adaptive POD 4‐D Var applied to a finite‐volume shallow water equations model on the sphere,A dual‐weighted trust‐region adaptive POD 4‐D Var applied to a finite‐volume shallow water equations model on the sphere,1.000,Xinyang Chen; Santha Akella; I. M. Navon,2011,International Journal for Numerical Methods in Fluids,journal-article,supporting,yes,IDENTIFIER-ONLY,,33,,F1,forward-cite: Galewsky 2004,cites:10.3402/tellusa.v56i5.14436,2026-07-25T10:56:57Z,2026-07-25T11:22:49Z,yes,DOMAIN: title 'shallow[- ]water' in venue 'international journal for numerical methods in fluids'
10.1016/j.jcp.2018.10.018,Further development of efficient and accurate time integration schemes for meteorological models,Further development of efficient and accurate time integration schemes for meteorological models,1.000,Vũ Thái Luân; Janusz A. Pudykiewicz; Daniel R. Reynolds,2018,Journal of Computational Physics,journal-article,supporting,yes,IDENTIFIER-ONLY,,32,https://arxiv.org/pdf/1805.02144,F1,forward-cite: Galewsky 2004,cites:10.3402/tellusa.v56i5.14436,2026-07-25T10:56:57Z,2026-07-25T11:22:50Z,no,no strong domain term in title
10.1007/978-3-642-54551-1_61,Radial Basis Function-Generated Finite Differences: A Mesh-Free Method for Computational Geosciences,Radial Basis Function-Generated Finite Differences: A Mesh-Free Method for Computational Geosciences,1.000,Natasha Flyer; Grady B. Wright; Bengt Fornberg,2015,,book chapter,supporting,yes,IDENTIFIER-ONLY,,32,,F1,forward-cite: Galewsky 2004,cites:10.3402/tellusa.v56i5.14436,2026-07-25T10:56:57Z,2026-07-25T11:22:50Z,no,no strong domain term in title
10.5194/egusphere-egu2020-10375,The ERA5 Global Reanalysis: achieving a detailed record of the climate and weather for the past 70 years.,The ERA5 Global Reanalysis: achieving a detailed record of the climate and weather for the past 70 years.,1.000,Hans Hersbach; Bill Bell; Paul Berrisford; Per Dahlgren,2020,,posted-content,supporting,yes,IDENTIFIER-ONLY,,32,https://doi.org/10.5194/egusphere-egu2020-10375,Q10,reanalysis / observed eddy phenomenology,ERA5 global reanalysis,2026-07-25T10:56:57Z,2026-07-25T11:24:01Z,no,on-topic title but venue outside the field: 
10.1007/s00382-020-05143-3,Trends in northern midlatitude atmospheric wave power from 1950 to 2099,Trends in northern midlatitude atmospheric wave power from 1950 to 2099,1.000,Heather S. Sussman; Ajay Raghavendra; Paul E. Roundy; Aiguo Dai,2020,Climate Dynamics,journal-article,supporting,yes,IDENTIFIER-ONLY,,32,,Q10,reanalysis / observed eddy phenomenology,wavenumber frequency spectrum geopotential height,2026-07-25T10:56:57Z,2026-07-25T11:23:59Z,yes,DOMAIN: title 'atmospher' in venue 'climate dynamics'
10.2140/camcos.2015.10.121,An adaptive multiblock high-order finite-volume method for solving the shallow-water equations on the sphere,An adaptive multiblock high-order finite-volume method for solving the shallow-water equations on the sphere,1.000,Peter McCorquodale; Paul Ullrich; Hans Johansen; Phillip Colella,2015,Communications in Applied Mathematics and Computational Science,journal-article,supporting,yes,IDENTIFIER-ONLY,,31,http://msp.org/camcos/2015/10-2/camcos-v10-n2-p02-s.pdf,F1,forward-cite: Galewsky 2004,cites:10.3402/tellusa.v56i5.14436,2026-07-25T10:56:57Z,2026-07-25T11:22:51Z,yes,DOMAIN: title 'shallow[- ]water' in venue 'science'
10.1016/j.jcp.2015.06.003,A scalable RBF–FD method for atmospheric flow,A scalable RBF–FD method for atmospheric flow,1.000,Martin Tillenius; Elisabeth Larsson; Erik Lehto; Natasha Flyer,2015,Journal of Computational Physics,journal-article,supporting,yes,IDENTIFIER-ONLY,,31,http://urn.kb.se/resolve?urn=urn:nbn:se:uu:diva-256651,F1,forward-cite: Galewsky 2004,cites:10.3402/tellusa.v56i5.14436,2026-07-25T10:56:57Z,2026-07-25T11:22:51Z,yes,DOMAIN: title 'atmospher' in venue 'journal of computational physics'
10.1175/2009mwr2843.1,Diffusion Experiments with a Global Discontinuous Galerkin Shallow-Water Model,Diffusion Experiments with a Global Discontinuous Galerkin Shallow-Water Model,1.000,Ramachandran D. Nair,2009,Monthly Weather Review,journal-article,supporting,yes,IDENTIFIER-ONLY,,31,https://journals.ametsoc.org/downloadpdf/journals/mwre/137/10/2009mwr2843.1.pdf,F1,forward-cite: Galewsky 2004,cites:10.3402/tellusa.v56i5.14436,2026-07-25T10:56:57Z,2026-07-25T11:22:51Z,yes,DOMAIN: title 'shallow[- ]water' in venue 'monthly weather review'
10.1016/j.jcpx.2019.100012,Tensor calculus in spherical coordinates using Jacobi polynomials. Part-II: Implementation and examples,Tensor calculus in spherical coordinates using Jacobi polynomials. Part-II: Implementation and examples,1.000,Daniel Lecoanet; Geoffrey M. Vasil; Keaton J. Burns; Benjamin P. Brown,2019,Journal of Computational Physics X,journal-article,supporting,yes,IDENTIFIER-ONLY,,31,https://doi.org/10.1016/j.jcpx.2019.100012,Q8,spectral methods / Dedalus,tensor calculus spherical coordinates Jacobi polynomials,2026-07-25T10:56:57Z,2026-07-25T11:25:28Z,no,no strong domain term in title
10.5194/gmd-7-779-2014,Non-orthogonal version of the arbitrary polygonal C-grid and a new diamond grid,Non-orthogonal version of the arbitrary polygonal C-grid and a new diamond grid,1.000,Hilary Weller,2014,Geoscientific model development,journal-article,supporting,yes,IDENTIFIER-ONLY,,30,https://gmd.copernicus.org/articles/7/779/2014/gmd-7-779-2014.pdf,F1,forward-cite: Galewsky 2004,cites:10.3402/tellusa.v56i5.14436,2026-07-25T10:56:57Z,2026-07-25T11:22:51Z,no,no strong domain term in title
10.1016/j.jcp.2013.11.033,A mass and momentum flux-form high-order discontinuous Galerkin shallow water model on the cubed-sphere,A mass and momentum flux-form high-order discontinuous Galerkin shallow water model on the cubed-sphere,1.000,Lei Bao; Ramachandran D. Nair; Henry M. Tufo,2013,Journal of Computational Physics,journal-article,supporting,yes,IDENTIFIER-ONLY,,29,,F1,forward-cite: Galewsky 2004,cites:10.3402/tellusa.v56i5.14436,2026-07-25T10:56:57Z,2026-07-25T11:22:52Z,yes,DOMAIN: title 'shallow[- ]water' in venue 'journal of computational physics'
10.1002/qj.49712051913,A pole problem in the reduced Gaussian grid,A pole problem in the reduced Gaussian grid,1.000,Philippe Courtier; Michael Naughton,1994,Quarterly Journal of the Royal Meteorological Society,journal-article,supporting,yes,IDENTIFIER-ONLY,,29,,Q8,spectral methods / Dedalus,sphere spectral method pole problem,2026-07-25T10:56:57Z,2026-07-25T11:25:28Z,no,no strong domain term in title
10.1016/j.jcp.2012.02.016,Vorticity–divergence mass-conserving semi-Lagrangian shallow-water model using the reduced grid on the sphere,Vorticity–divergence mass-conserving semi-Lagrangian shallow-water model using the reduced grid on the sphere,1.000,M. A. Tolstykh; V. V. Shashkin,2012,Journal of Computational Physics,journal-article,supporting,yes,IDENTIFIER-ONLY,,27,,F1,forward-cite: Galewsky 2004,cites:10.3402/tellusa.v56i5.14436,2026-07-25T10:56:57Z,2026-07-25T11:22:52Z,yes,DOMAIN: title 'shallow[- ]water' in venue 'journal of computational physics'
10.5194/gmd-10-791-2017,Total energy and potential enstrophy conserving schemes for the shallow water equations using Hamiltonian methods – Part 1: Derivation and properties,Total energy and potential enstrophy conserving schemes for the shallow water equations using Hamiltonian methods – Part 1: Derivation and properties,1.000,Christopher Eldred; David A. Randall,2017,Geoscientific model development,journal-article,supporting,yes,IDENTIFIER-ONLY,,27,https://www.geosci-model-dev.net/10/791/2017/gmd-10-791-2017.pdf,F1,forward-cite: Galewsky 2004,cites:10.3402/tellusa.v56i5.14436,2026-07-25T10:56:57Z,2026-07-25T11:22:52Z,yes,DOMAIN: title 'shallow[- ]water' in venue 'geoscientific model development'
10.1002/fld.3703,"Some considerations for high‐order ‘incremental remap’‐based transport schemes: edges, reconstructions, and area integration","Some considerations for high‐order ‘incremental remap’‐based transport schemes: edges, reconstructions, and area integration",1.000,Paul Ullrich; P. H. Lauritzen; Christiane Jablonowski,2012,International Journal for Numerical Methods in Fluids,journal-article,supporting,yes,IDENTIFIER-ONLY,,26,http://deepblue.lib.umich.edu/bitstream/2027.42/96654/1/fld3703.pdf,F1,forward-cite: Galewsky 2004,cites:10.3402/tellusa.v56i5.14436,2026-07-25T10:56:57Z,2026-07-25T11:22:52Z,no,no strong domain term in title
10.21105/joss.04157,GridapDistributed: a massively parallel finite elementtoolbox in Julia,GridapDistributed: a massively parallel finite element toolbox in Julia,0.993,Santiago Badia; Alberto F. Martı́n; Francesc Verdugo,2022,The Journal of Open Source Software,journal-article,supporting,yes,IDENTIFIER-ONLY,,26,https://joss.theoj.org/papers/10.21105/joss.04157.pdf,F1,forward-cite: Galewsky 2004,cites:10.3402/tellusa.v56i5.14436,2026-07-25T10:56:57Z,2026-07-25T11:22:53Z,no,no strong domain term in title
10.1175/2010mwr3365.1,An Adaptive Multimoment Global Model on a Cubed Sphere,An Adaptive Multimoment Global Model on a Cubed Sphere,1.000,Chungang Chen; Feng Xiao; Xingliang Li,2010,Monthly Weather Review,journal-article,supporting,yes,IDENTIFIER-ONLY,,26,http://dspace.imech.ac.cn/bitstream/311007/45179/1/SCI-J2011104.pdf,F1,forward-cite: Galewsky 2004,cites:10.3402/tellusa.v56i5.14436,2026-07-25T10:56:57Z,2026-07-25T11:22:53Z,yes,DOMAIN: title '\bsphere\b' in venue 'monthly weather review'
10.1016/j.jcp.2006.09.029,A parallel adaptive barotropic model of the atmosphere,A parallel adaptive barotropic model of the atmosphere,1.000,M. Läuter; Dörthe Handorf; Natalja Rakowsky; Jörn Behrens,2006,Journal of Computational Physics,journal-article,supporting,yes,IDENTIFIER-ONLY,,26,,F1,forward-cite: Galewsky 2004,cites:10.3402/tellusa.v56i5.14436,2026-07-25T10:56:57Z,2026-07-25T11:22:54Z,yes,DOMAIN: title 'barotropic' in venue 'journal of computational physics'
10.1175/2008jas2837.1,A Balanced Approximation of the One-Layer Shallow-Water Equations on a Sphere,A Balanced Approximation of the One-Layer Shallow-Water Equations on a Sphere,1.000,W. T. M. Verkley,2008,Journal of the Atmospheric Sciences,journal-article,supporting,yes,IDENTIFIER-ONLY,,26,https://journals.ametsoc.org/downloadpdf/journals/atsc/66/6/2008jas2837.1.pdf,Q1,benchmark suite,numerical approximations shallow water sphere benchmark,2026-07-25T10:56:57Z,2026-07-25T11:23:43Z,yes,DOMAIN: title 'shallow[- ]water' in venue 'journal of the atmospheric sciences'
10.1016/j.jcp.2010.06.009,A pseudo-spectral algorithm and test cases for the numerical solution of the two-dimensional rotating Green–Naghdi shallow water equations,A pseudo-spectral algorithm and test cases for the numerical solution of the two-dimensional rotating Green–Naghdi shallow water equations,1.000,James Douglas Pearce; J. G. Esler,2010,Journal of Computational Physics,journal-article,supporting,yes,IDENTIFIER-ONLY,,25,,F1,forward-cite: Galewsky 2004,cites:10.3402/tellusa.v56i5.14436,2026-07-25T10:56:57Z,2026-07-25T11:22:53Z,yes,DOMAIN: title 'shallow[- ]water' in venue 'journal of computational physics'
10.5194/gmd-7-3017-2014,A global finite-element shallow-water model supporting continuous and discontinuous elements,A global finite-element shallow-water model supporting continuous and discontinuous elements,1.000,Paul Ullrich,2014,Geoscientific model development,journal-article,supporting,yes,IDENTIFIER-ONLY,,24,https://doi.org/10.5194/gmd-7-3017-2014,F1,forward-cite: Galewsky 2004,cites:10.3402/tellusa.v56i5.14436,2026-07-25T10:56:57Z,2026-07-25T11:22:54Z,yes,DOMAIN: title 'shallow[- ]water' in venue 'geoscientific model development'
10.1016/j.jcp.2018.08.042,A mixed mimetic spectral element model of the rotating shallow water equations on the cubed sphere,A mixed mimetic spectral element model of the rotating shallow water equations on the cubed sphere,1.000,D. Lee; Artur Palha,2018,Journal of Computational Physics,journal-article,supporting,yes,IDENTIFIER-ONLY,,24,https://arxiv.org/pdf/1802.07395,F1,forward-cite: Galewsky 2004,cites:10.3402/tellusa.v56i5.14436,2026-07-25T10:56:57Z,2026-07-25T11:22:54Z,yes,DOMAIN: title 'shallow[- ]water' in venue 'journal of computational physics'
10.1016/j.jcp.2019.109016,Energy conserving upwinded compatible finite element schemes for the rotating shallow water equations,Energy conserving upwinded compatible finite element schemes for the rotating shallow water equations,1.000,Golo A. Wimmer; Colin J. Cotter; Werner Bauer,2019,Journal of Computational Physics,journal-article,supporting,yes,IDENTIFIER-ONLY,,24,https://arxiv.org/pdf/1901.06349,F1,forward-cite: Galewsky 2004,cites:10.3402/tellusa.v56i5.14436,2026-07-25T10:56:57Z,2026-07-25T11:22:55Z,yes,DOMAIN: title 'shallow[- ]water' in venue 'journal of computational physics'
10.1137/18m1206497,Semi-Lagrangian Exponential Integration with Application to the Rotating Shallow Water Equations,Semi-Lagrangian Exponential Integration with Application to the Rotating Shallow Water Equations,1.000,Pedro S. Peixoto; Martin Schreiber,2019,SIAM Journal on Scientific Computing,journal-article,supporting,yes,IDENTIFIER-ONLY,,24,https://arxiv.org/pdf/1904.09189,F1,forward-cite: Galewsky 2004,cites:10.3402/tellusa.v56i5.14436,2026-07-25T10:56:57Z,2026-07-25T11:22:55Z,yes,DOMAIN: title 'shallow[- ]water' in venue 'siam journal'
10.1175/jas-d-14-0213.1,S3T Stability of the Homogeneous State of Barotropic Beta-Plane Turbulence,S3T Stability of the Homogeneous State of Barotropic Beta-Plane Turbulence,1.000,Nikolaos A. Bakas; Navid C. Constantinou; Petros J. Ioannou,2015,Journal of the Atmospheric Sciences,journal-article,supporting,yes,IDENTIFIER-ONLY,,24,https://journals.ametsoc.org/downloadpdf/journals/atsc/72/5/jas-d-14-0213.1.pdf,Q7,Rhines scale / jets / zonostrophic,zonostrophic turbulence jet spacing,2026-07-25T10:56:57Z,2026-07-25T11:25:20Z,yes,DOMAIN: title 'barotropic' in venue 'journal of the atmospheric sciences'
10.1016/j.jcp.2019.109010,IMEX HDG-DG: A coupled implicit hybridized discontinuous Galerkin and explicit discontinuous Galerkin approach for shallow water systems,IMEX HDG-DG: A coupled implicit hybridized discontinuous Galerkin and explicit discontinuous Galerkin approach for shallow water systems,1.000,Shinhoo Kang; Francis X. Giraldo; Tan Bui–Thanh,2019,Journal of Computational Physics,journal-article,supporting,yes,IDENTIFIER-ONLY,,23,https://www.osti.gov/biblio/1576808,F1,forward-cite: Galewsky 2004,cites:10.3402/tellusa.v56i5.14436,2026-07-25T10:56:57Z,2026-07-25T11:22:55Z,yes,DOMAIN: title 'shallow[- ]water' in venue 'journal of computational physics'
10.1007/978-3-642-11640-7_9,Emerging Numerical Methods for Atmospheric Modeling,Emerging Numerical Methods for Atmospheric Modeling,1.000,Ramachandran D. Nair; Michael N. Levy; P. H. Lauritzen,2011,Lecture notes in computational science and engineering,book chapter,supporting,yes,IDENTIFIER-ONLY,,23,,F1,forward-cite: Galewsky 2004,cites:10.3402/tellusa.v56i5.14436,2026-07-25T10:56:57Z,2026-07-25T11:22:56Z,yes,DOMAIN: title 'atmospher' in venue 'science'
10.1016/j.parco.2019.01.005,Exponential integrators with parallel-in-time rational approximations for the shallow-water equations on the rotating sphere,Exponential integrators with parallel-in-time rational approximations for the shallow-water equations on the rotating sphere,1.000,Martin Schreiber; Nathanaël Schaeffer; Richard Loft,2019,Parallel Computing,journal-article,supporting,yes,IDENTIFIER-ONLY,,23,https://insu.hal.science/insu-02399297,F1,forward-cite: Galewsky 2004,cites:10.3402/tellusa.v56i5.14436,2026-07-25T10:56:57Z,2026-07-25T11:22:55Z,no,on-topic title but venue outside the field: Parallel Computing
10.1063/1.4864339,Beta-plane turbulence: Experiments with altimetry,Beta-plane turbulence: Experiments with altimetry,1.000,Yang Zhang; Y. D. Afanasyev,2014,Physics of Fluids,journal-article,supporting,yes,IDENTIFIER-ONLY,,23,https://arxiv.org/pdf/1309.6197,Q7,Rhines scale / jets / zonostrophic,beta plane turbulence anisotropy zonal flow,2026-07-25T10:56:57Z,2026-07-25T11:25:20Z,yes,DOMAIN: title 'beta[- ]plane' in venue 'physics of fluids'
10.1007/s11434-008-0417-z,Verification of GRAPES unified global and regional numerical weather prediction model dynamic core,Verification of GRAPES unified global and regional numerical weather prediction model dynamic core,1.000,Xuesheng Yang; Jianglin Hu; Dehui Chen; Hongliang Zhang,2008,Science Bulletin,journal-article,supporting,yes,IDENTIFIER-ONLY,,22,,F1,forward-cite: Galewsky 2004,cites:10.3402/tellusa.v56i5.14436,2026-07-25T10:56:57Z,2026-07-25T11:22:56Z,no,no strong domain term in title
10.1002/qj.2474,Simulation of shallow‐water jets with a unified element‐based continuous/discontinuous Galerkin model with grid flexibility on the sphere,Simulation of shallow‐water jets with a unified element‐based continuous/discontinuous Galerkin model with grid flexibility on the sphere,1.000,Simone Marras; Michal A. Kopera; Francis X. Giraldo,2014,Quarterly Journal of the Royal Meteorological Society,journal-article,supporting,yes,IDENTIFIER-ONLY,,21,,F1,forward-cite: Galewsky 2004,cites:10.3402/tellusa.v56i5.14436,2026-07-25T10:56:57Z,2026-07-25T11:22:58Z,yes,DOMAIN: title '\bjets\b' in venue 'quarterly journal of the royal meteorological society'
10.1002/qj.3477,Variational integrator for the rotating shallow‐water equations on the sphere,Variational integrator for the rotating shallow‐water equations on the sphere,1.000,Rüdiger Brecht; Werner Bauer; Alexander Bihlo; François Gay–Balmaz,2019,Quarterly Journal of the Royal Meteorological Society,journal-article,supporting,yes,IDENTIFIER-ONLY,,21,https://arxiv.org/pdf/1808.10507,Q1,benchmark suite,numerical approximations shallow water sphere benchmark,2026-07-25T10:56:57Z,2026-07-25T11:23:43Z,yes,DOMAIN: title '\bsphere\b' in venue 'quarterly journal of the royal meteorological society'
10.1016/j.jcp.2019.109210,Parallel-in-time multi-level integration of the shallow-water equations on the rotating sphere,Parallel-in-time multi-level integration of the shallow-water equations on the rotating sphere,1.000,François P. Hamon; Martin Schreiber; Michael L. Minion,2019,Journal of Computational Physics,journal-article,supporting,yes,IDENTIFIER-ONLY,,20,https://arxiv.org/pdf/1904.05988,F1,forward-cite: Galewsky 2004,cites:10.3402/tellusa.v56i5.14436,2026-07-25T10:56:57Z,2026-07-25T11:22:56Z,yes,DOMAIN: title 'shallow[- ]water' in venue 'journal of computational physics'
10.1016/j.jcp.2019.109173,Well balanced residual distribution for the ALE spherical shallow water equations on moving adaptive meshes,Well balanced residual distribution for the ALE spherical shallow water equations on moving adaptive meshes,1.000,Luca Arpaia; Mario Ricchiuto,2019,Journal of Computational Physics,journal-article,supporting,yes,IDENTIFIER-ONLY,,20,,Q1,benchmark suite,numerical approximations shallow water sphere benchmark,2026-07-25T10:56:57Z,2026-07-25T11:23:43Z,yes,DOMAIN: title 'shallow[- ]water' in venue 'journal of computational physics'
10.1002/2014gl060767,Anisotropic turbulence and Rossby waves in an easterly jet: An experimental study,Anisotropic turbulence and Rossby waves in an easterly jet: An experimental study,1.000,Boris Galperin; Jesse Hoemann; Stefania Espa; Gabriella Di Nitto,2014,Geophysical Research Letters,journal-article,supporting,yes,IDENTIFIER-ONLY,,20,https://digitalcommons.usf.edu/msc_facpub/1496,Q7,Rhines scale / jets / zonostrophic,zonostrophic turbulence jet spacing,2026-07-25T10:56:57Z,2026-07-25T11:25:20Z,yes,DOMAIN: title 'rossby' in venue 'geophysical research letters'
10.1002/qj.976,Experiments with different discretizations for the shallow‐water equations on a sphere,Experiments with different discretizations for the shallow‐water equations on a sphere,1.000,Abdessamad Qaddouri; Janusz A. Pudykiewicz; Monique Tanguay; Claude Girard,2011,Quarterly Journal of the Royal Meteorological Society,journal-article,supporting,yes,IDENTIFIER-ONLY,,19,,F1,forward-cite: Galewsky 2004,cites:10.3402/tellusa.v56i5.14436,2026-07-25T10:56:57Z,2026-07-25T11:22:57Z,yes,DOMAIN: title '\bsphere\b' in venue 'quarterly journal of the royal meteorological society'
10.1016/j.jcp.2016.12.013,Method of moving frames to solve the shallow water equations on arbitrary rotating curved surfaces,Method of moving frames to solve the shallow water equations on arbitrary rotating curved surfaces,1.000,Sehun Chun; Claes Eskilsson,2016,Journal of Computational Physics,journal-article,supporting,yes,IDENTIFIER-ONLY,,19,,F1,forward-cite: Galewsky 2004,cites:10.3402/tellusa.v56i5.14436,2026-07-25T10:56:57Z,2026-07-25T11:22:57Z,yes,DOMAIN: title 'shallow[- ]water' in venue 'journal of computational physics'
10.1175/2007mwr2036.1,Assessing the Numerical Accuracy of Complex Spherical Shallow-Water Flows,Assessing the Numerical Accuracy of Complex Spherical Shallow-Water Flows,1.000,Ali R. Mohebalhojeh; David G. Dritschel,2007,Monthly Weather Review,journal-article,supporting,yes,IDENTIFIER-ONLY,,19,https://journals.ametsoc.org/downloadpdf/journals/mwre/135/11/2007mwr2036.1.pdf,F1,forward-cite: Galewsky 2004,cites:10.3402/tellusa.v56i5.14436,2026-07-25T10:56:57Z,2026-07-25T11:22:57Z,yes,DOMAIN: title 'shallow[- ]water' in venue 'monthly weather review'
10.2172/5232139,A standard test set for numerical approximations to the shallow water equations in spherical geometry,A standard test set for numerical approximations to the shallow water equations in spherical geometry,1.000,David L. Williamson; James J. Hack; Rüdiger Jakob; Paul N. Swarztrauber,1991,,technical report,supporting,yes,IDENTIFIER-ONLY,,19,https://www.osti.gov/biblio/5232139,Q1,benchmark suite,shallow water equations spherical geometry standard test set,2026-07-25T10:56:57Z,2026-07-25T11:23:44Z,no,on-topic title but venue outside the field: 
10.1016/j.jcp.2011.11.018,A discontinuous/continuous low order finite element shallow water model on the sphere,A discontinuous/continuous low order finite element shallow water model on the sphere,1.000,Peter D. Düben; Peter Korn; Vadym Aizinger,2011,Journal of Computational Physics,journal-article,supporting,yes,IDENTIFIER-ONLY,,18,,F1,forward-cite: Galewsky 2004,cites:10.3402/tellusa.v56i5.14436,2026-07-25T10:56:57Z,2026-07-25T11:22:57Z,yes,DOMAIN: title 'shallow[- ]water' in venue 'journal of computational physics'
10.1016/j.ocemod.2013.06.001,"A higher order discontinuous Galerkin, global shallow water model: Global ocean tides and aquaplanet benchmarks","A higher order discontinuous Galerkin, global shallow water model: Global ocean tides and aquaplanet benchmarks",1.000,Hesam Salehipour; G.R. Stuhne; W. R. Peltier,2013,Ocean Modelling,journal-article,supporting,yes,IDENTIFIER-ONLY,,18,,F1,forward-cite: Galewsky 2004,cites:10.3402/tellusa.v56i5.14436,2026-07-25T10:56:57Z,2026-07-25T11:22:58Z,yes,DOMAIN: title 'shallow[- ]water' in venue 'ocean modelling'
10.1017/cbo9780511618536.015,Shallow-water equations,Shallow-water equations,1.000,L.H. Holthuijsen,2007,,other,supporting,yes,IDENTIFIER-ONLY,,18,,F1,forward-cite: Galewsky 2004,cites:10.3402/tellusa.v56i5.14436,2026-07-25T10:56:57Z,2026-07-25T11:22:58Z,no,on-topic title but venue outside the field: 
10.1175/mwr-d-12-00019.1,Space–Time Spectral Analysis of the Southern Hemisphere Daily 500-hPa Geopotential Height,Space–Time Spectral Analysis of the Southern Hemisphere Daily 500-hPa Geopotential Height,1.000,Cheng Sun; Jianping Li,2012,Monthly Weather Review,journal-article,supporting,yes,IDENTIFIER-ONLY,,18,https://journals.ametsoc.org/downloadpdf/journals/mwre/140/12/mwr-d-12-00019.1.pdf,Q10,reanalysis / observed eddy phenomenology,wavenumber frequency spectrum geopotential height,2026-07-25T10:56:57Z,2026-07-25T11:23:59Z,no,no strong domain term in title
10.1098/rspa.2016.0287,Interaction between mean flow and turbulence in two dimensions,Interaction between mean flow and turbulence in two dimensions,1.000,Gregory Falkovich,2016,Proceedings of the Royal Society A Mathematical Physical and Engineering Sciences,journal-article,supporting,yes,IDENTIFIER-ONLY,,18,https://royalsocietypublishing.org/doi/pdf/10.1098/rspa.2016.0287,Q7,Rhines scale / jets / zonostrophic,zonostrophic turbulence jet spacing,2026-07-25T10:56:57Z,2026-07-25T11:25:21Z,yes,DOMAIN: title 'turbulence' in venue 'proceedings of the royal society'
10.1002/qj.2157,A global shallow‐water model on an icosahedral–hexagonal grid by a multi‐moment constrained finite‐volume scheme,A global shallow‐water model on an icosahedral–hexagonal grid by a multi‐moment constrained finite‐volume scheme,1.000,Chungang Chen; Juzhong Bin; Feng Xiao; Xingliang Li,2013,Quarterly Journal of the Royal Meteorological Society,journal-article,supporting,yes,IDENTIFIER-ONLY,,17,,F1,forward-cite: Galewsky 2004,cites:10.3402/tellusa.v56i5.14436,2026-07-25T10:56:57Z,2026-07-25T11:22:58Z,yes,DOMAIN: title 'icosahedral' in venue 'quarterly journal of the royal meteorological society'
10.1002/qj.2667,A test case for the inviscid shallow‐water equations on the sphere,A test case for the inviscid shallow‐water equations on the sphere,1.000,R. K. Scott; Lucas Harris; Lorenzo M. Polvani,2015,Quarterly Journal of the Royal Meteorological Society,journal-article,supporting,yes,IDENTIFIER-ONLY,,17,https://onlinelibrary.wiley.com/doi/pdfdirect/10.1002/qj.2667,Q1,benchmark suite,spectral transform shallow water test suite error norms,2026-07-25T10:56:57Z,2026-07-25T11:23:44Z,yes,DOMAIN: title '\bsphere\b' in venue 'quarterly journal of the royal meteorological society'
10.1016/j.asr.2003.09.076,Seasonal cycle of nonmigrating diurnal tides in the MLT region due to tropospheric heating rates from the NCEP/NCAR Reanalysis Project,Seasonal cycle of nonmigrating diurnal tides in the MLT region due to tropospheric heating rates from the NCEP/NCAR Reanalysis Project,1.000,J. M. Forbes; M. E. Hagan; X. Zhang,2007,Advances in Space Research,journal-article,supporting,yes,IDENTIFIER-ONLY,,17,,Q10,reanalysis / observed eddy phenomenology,NCEP NCAR reanalysis project,2026-07-25T10:56:57Z,2026-07-25T11:23:59Z,no,on-topic title but venue outside the field: Advances in Space Research
10.1209/0295-5075/92/34006,The emergence of zonal jets in forced rotating shallow water turbulence: A laboratory study,The emergence of zonal jets in forced rotating shallow water turbulence: A laboratory study,1.000,Stefania Espa; Gabriella Di Nitto; A. Cenedese,2010,Europhysics Letters (EPL),journal-article,supporting,yes,IDENTIFIER-ONLY,,17,,Q7,Rhines scale / jets / zonostrophic,zonal jet formation rotating turbulence,2026-07-25T10:56:57Z,2026-07-25T11:25:20Z,no,on-topic title but venue outside the field: Europhysics Letters (EPL)
10.7717/peerj-cs.333,Application of particle swarm optimization in optimal placement of tsunami sensors,Application of particle swarm optimization in optimal placement of tsunami sensors,1.000,Angelie R. Ferrolino; Renier Mendoza; Ikha Magdalena; Jose Ernie C. Lope,2020,PeerJ Computer Science,journal-article,supporting,yes,IDENTIFIER-ONLY,,16,https://doi.org/10.7717/peerj-cs.333,F1,forward-cite: Galewsky 2004,cites:10.3402/tellusa.v56i5.14436,2026-07-25T10:56:57Z,2026-07-25T11:22:59Z,no,no strong domain term in title
10.1175/mwr-d-12-00048.1,A Spectral Deferred Correction Method Applied to the Shallow Water Equations on a Sphere,A Spectral Deferred Correction Method Applied to the Shallow Water Equations on a Sphere,1.000,Jun Jia; Judith Hill; Katherine J. Evans; George I. Fann,2013,Monthly Weather Review,journal-article,supporting,yes,IDENTIFIER-ONLY,,16,,F1,forward-cite: Galewsky 2004,cites:10.3402/tellusa.v56i5.14436,2026-07-25T10:56:57Z,2026-07-25T11:22:59Z,yes,DOMAIN: title 'shallow[- ]water' in venue 'monthly weather review'
10.1175/2010mwr3323.1,Phase Space Volume Conservation under Space and Time Discretization Schemes for the Shallow-Water Equations,Phase Space Volume Conservation under Space and Time Discretization Schemes for the Shallow-Water Equations,1.000,Matthias Sommer; Sebastian Reich,2010,Monthly Weather Review,journal-article,supporting,yes,IDENTIFIER-ONLY,,16,https://journals.ametsoc.org/downloadpdf/journals/mwre/138/11/2010mwr3323.1.pdf,F1,forward-cite: Galewsky 2004,cites:10.3402/tellusa.v56i5.14436,2026-07-25T10:56:57Z,2026-07-25T11:22:59Z,yes,DOMAIN: title 'shallow[- ]water' in venue 'monthly weather review'
10.5194/acp-14-3347-2014,"Wind extraction potential from 4D-Var assimilation of stratospheric O <sub>3</sub> , N <sub>2</sub> O, and H <sub>2</sub> O using a global shallow water model","Wind extraction potential from 4D-Var assimilation of stratospheric O                     <sub>3</sub>                     , N                     <sub>2</sub>                     O, and H                     <sub>2</sub>                     O using a global shallow water model",1.000,Douglas Allen; K. W. Hoppel; David D. Kuhl,2014,Atmospheric chemistry and physics,journal-article,supporting,yes,IDENTIFIER-ONLY,,16,https://acp.copernicus.org/articles/14/3347/2014/acp-14-3347-2014.pdf,F1,forward-cite: Galewsky 2004,cites:10.3402/tellusa.v56i5.14436,2026-07-25T10:56:57Z,2026-07-25T11:22:59Z,yes,DOMAIN: title 'shallow[- ]water' in venue 'atmospheric chemistry and physics'
10.1016/j.jcp.2012.08.032,A class of semi-implicit predictor–corrector schemes for the time integration of atmospheric models,A class of semi-implicit predictor–corrector schemes for the time integration of atmospheric models,1.000,Colm Clancy; Janusz A. Pudykiewicz,2012,Journal of Computational Physics,journal-article,supporting,yes,IDENTIFIER-ONLY,,15,,F1,forward-cite: Galewsky 2004,cites:10.3402/tellusa.v56i5.14436,2026-07-25T10:56:57Z,2026-07-25T11:22:59Z,yes,DOMAIN: title 'atmospher' in venue 'journal of computational physics'
10.1175/2010mwr3271.1,Multiwavelet Discontinuous Galerkin-Accelerated Exact Linear Part (ELP) Method for the Shallow-Water Equations on the Cubed Sphere,Multiwavelet Discontinuous Galerkin-Accelerated Exact Linear Part (ELP) Method for the Shallow-Water Equations on the Cubed Sphere,1.000,Rick Archibald; Katherine J. Evans; John B. Drake; James B. White,2010,Monthly Weather Review,journal-article,supporting,yes,IDENTIFIER-ONLY,,15,,F1,forward-cite: Galewsky 2004,cites:10.3402/tellusa.v56i5.14436,2026-07-25T10:56:57Z,2026-07-25T11:23:00Z,yes,DOMAIN: title 'shallow[- ]water' in venue 'monthly weather review'
10.1016/j.ocemod.2021.101915,An efficient covariant frame for the spherical shallow water equations: Well balanced DG approximation and application to tsunami and storm surge,An efficient covariant frame for the spherical shallow water equations: Well balanced DG approximation and application to tsunami and storm surge,1.000,Luca Arpaia; Mario Ricchiuto; Andrea Gilberto Filippini; Rodrigo Pedreros,2021,Ocean Modelling,journal-article,supporting,yes,IDENTIFIER-ONLY,,15,,F1,forward-cite: Galewsky 2004,cites:10.3402/tellusa.v56i5.14436,2026-07-25T10:56:57Z,2026-07-25T11:23:00Z,yes,DOMAIN: title 'shallow[- ]water' in venue 'ocean modelling'
10.1098/rsta.2009.0151,Predicting mesh density for adaptive modelling of the global atmosphere,Predicting mesh density for adaptive modelling of the global atmosphere,1.000,Hilary Weller,2009,Philosophical Transactions of the Royal Society A Mathematical Physical and Engineering Sciences,journal-article,supporting,yes,IDENTIFIER-ONLY,,15,,F1,forward-cite: Galewsky 2004,cites:10.3402/tellusa.v56i5.14436,2026-07-25T10:56:57Z,2026-07-25T11:23:04Z,yes,DOMAIN: title 'atmospher' in venue 'philosophical transactions'
10.1016/j.jcp.2018.09.042,Multi-level spectral deferred corrections scheme for the shallow water equations on the rotating sphere,Multi-level spectral deferred corrections scheme for the shallow water equations on the rotating sphere,1.000,François P. Hamon; Martin Schreiber; Michael L. Minion,2018,Journal of Computational Physics,journal-article,supporting,yes,IDENTIFIER-ONLY,,15,https://arxiv.org/pdf/1805.07923,Q1,benchmark suite,spectral transform shallow water test suite error norms,2026-07-25T10:56:57Z,2026-07-25T11:23:44Z,yes,DOMAIN: title 'shallow[- ]water' in venue 'journal of computational physics'
10.21105/joss.02978,Coral: a parallel spectral solver for fluid dynamics and partial differential equations,Coral: a parallel spectral solver for fluid dynamics and partial differential equations,1.000,Benjamin Miquel,2021,The Journal of Open Source Software,journal-article,supporting,yes,IDENTIFIER-ONLY,,14,https://joss.theoj.org/papers/10.21105/joss.02978.pdf,Q8,spectral methods / Dedalus,Dedalus spectral framework partial differential equations,2026-07-25T10:56:57Z,2026-07-25T11:25:28Z,no,no strong domain term in title
10.1002/qj.3867,Moist shallow‐water response to tropical forcing: Initial‐value problems,Moist shallow‐water response to tropical forcing: Initial‐value problems,1.000,D.L. Suhas; Jai Sukhatme,2020,Quarterly Journal of the Royal Meteorological Society,journal-article,supporting,yes,IDENTIFIER-ONLY,,12,https://onlinelibrary.wiley.com/doi/pdfdirect/10.1002/qj.3867,F1,forward-cite: Galewsky 2004,cites:10.3402/tellusa.v56i5.14436,2026-07-25T10:56:57Z,2026-07-25T11:23:00Z,no,no strong domain term in title
10.1002/qj.3139,Shallow‐water equations on a spherical multiple‐cell grid,Shallow‐water equations on a spherical multiple‐cell grid,1.000,Jian‐Guo Li,2017,Quarterly Journal of the Royal Meteorological Society,journal-article,supporting,yes,IDENTIFIER-ONLY,,12,,F1,forward-cite: Galewsky 2004,cites:10.3402/tellusa.v56i5.14436,2026-07-25T10:56:57Z,2026-07-25T11:23:00Z,no,no strong domain term in title
10.3847/1538-4357/ad1c55,Extending a Physics-informed Machine-learning Network for Superresolution Studies of Rayleigh–Bénard Convection,Extending a Physics-informed Machine-learning Network for Superresolution Studies of Rayleigh–Bénard Convection,1.000,Diane M. Salim; Blakesley Burkhart; David Sondak,2024,The Astrophysical Journal,journal-article,supporting,yes,IDENTIFIER-ONLY,,12,https://iopscience.iop.org/article/10.3847/1538-4357/ad1c55/pdf,Q8,spectral methods / Dedalus,Dedalus spectral framework partial differential equations,2026-07-25T10:56:57Z,2026-07-25T11:25:29Z,no,no strong domain term in title
10.1016/j.jcp.2021.110650,New optimized implicit-explicit Runge-Kutta methods with applications to the hyperbolic conservation laws,New optimized implicit-explicit Runge-Kutta methods with applications to the hyperbolic conservation laws,1.000,Praveen K. Maurya; Vivek S. Yadav; Bikash Mahato; Naveen Ganta,2021,Journal of Computational Physics,journal-article,supporting,yes,IDENTIFIER-ONLY,,11,,F1,forward-cite: Galewsky 2004,cites:10.3402/tellusa.v56i5.14436,2026-07-25T10:56:57Z,2026-07-25T11:23:01Z,no,no strong domain term in title
10.1016/j.compfluid.2013.01.025,The independent set perturbation method for efficient computation of sensitivities with applications to data assimilation and a finite element shallow water model,The independent set perturbation method for efficient computation of sensitivities with applications to data assimilation and a finite element shallow water model,1.000,F. Fang; Christopher C. Pain; I. M. Navon; D.G. Cacuci,2013,Computers & Fluids,journal-article,supporting,yes,IDENTIFIER-ONLY,,11,,F1,forward-cite: Galewsky 2004,cites:10.3402/tellusa.v56i5.14436,2026-07-25T10:56:57Z,2026-07-25T11:23:01Z,yes,DOMAIN: title 'shallow[- ]water' in venue 'computers.*fluids'
10.1175/mwr-d-18-0392.1,Assessing Adaptive Mesh Refinement (AMR) in a Forced Shallow-Water Model with Moisture,Assessing Adaptive Mesh Refinement (AMR) in a Forced Shallow-Water Model with Moisture,1.000,J. O. Ferguson; Christiane Jablonowski; Hans Johansen,2019,Monthly Weather Review,journal-article,supporting,yes,IDENTIFIER-ONLY,,11,https://journals.ametsoc.org/mwr/article-pdf/147/10/3673/4847169/mwr-d-18-0392_1.pdf,F1,forward-cite: Galewsky 2004,cites:10.3402/tellusa.v56i5.14436,2026-07-25T10:56:57Z,2026-07-25T11:23:02Z,yes,DOMAIN: title 'shallow[- ]water' in venue 'monthly weather review'
10.1175/jas-d-22-0146.1,Monsoon Depression Amplification by Horizontal Shear and Humidity Gradients: A Shallow Water Perspective,Monsoon Depression Amplification by Horizontal Shear and Humidity Gradients: A Shallow Water Perspective,1.000,D. L. Suhas; William R. Boos,2022,Journal of the Atmospheric Sciences,journal-article,supporting,yes,IDENTIFIER-ONLY,,11,https://escholarship.org/content/qt2m356627/qt2m356627.pdf?t=s8qpsc,F1,forward-cite: Galewsky 2004,cites:10.3402/tellusa.v56i5.14436,2026-07-25T10:56:57Z,2026-07-25T11:23:01Z,yes,DOMAIN: title 'shallow[- ]water' in venue 'journal of the atmospheric sciences'
10.1175/2009mwr2717.1,The Diabatic Contour-Advective Semi-Lagrangian Algorithms for the Spherical Shallow Water Equations,The Diabatic Contour-Advective Semi-Lagrangian Algorithms for the Spherical Shallow Water Equations,1.000,Ali R. Mohebalhojeh; David G. Dritschel,2009,Monthly Weather Review,journal-article,supporting,yes,IDENTIFIER-ONLY,,11,https://journals.ametsoc.org/downloadpdf/journals/mwre/137/9/2009mwr2717.1.pdf,F1,forward-cite: Galewsky 2004,cites:10.3402/tellusa.v56i5.14436,2026-07-25T10:56:57Z,2026-07-25T11:23:03Z,yes,DOMAIN: title 'shallow[- ]water' in venue 'monthly weather review'
10.1002/qj.300,Unsteady exact solutions of the flow equations for three‐dimensional spherical atmospheres,Unsteady exact solutions of the flow equations for three‐dimensional spherical atmospheres,1.000,Andrew Staniforth; A. A. White,2008,Quarterly Journal of the Royal Meteorological Society,journal-article,supporting,yes,IDENTIFIER-ONLY,,10,,F1,forward-cite: Galewsky 2004,cites:10.3402/tellusa.v56i5.14436,2026-07-25T10:56:57Z,2026-07-25T11:23:03Z,yes,DOMAIN: title 'atmospher' in venue 'quarterly journal of the royal meteorological society'
10.1029/2020ms002047,Analysis of and Solution to the Polar Numerical Noise Within the Shallow‐Water Model on the Latitude‐Longitude Grid,Analysis of and Solution to the Polar Numerical Noise Within the Shallow‐Water Model on the Latitude‐Longitude Grid,1.000,Jianghao Li; Bin Wang; Li Dong,2020,Journal of Advances in Modeling Earth Systems,journal-article,supporting,yes,IDENTIFIER-ONLY,,10,https://onlinelibrary.wiley.com/doi/pdfdirect/10.1029/2020MS002047,F1,forward-cite: Galewsky 2004,cites:10.3402/tellusa.v56i5.14436,2026-07-25T10:56:57Z,2026-07-25T11:23:07Z,no,no strong domain term in title
10.4208/cicp.oa-2019-0033,Evaluation of Selected Finite-Difference and Finite-Volume Approaches to Rotational Shallow-Water Flow,Evaluation of Selected Finite-Difference and Finite-Volume Approaches to Rotational Shallow-Water Flow,1.000,Håvard Heitlo Holm; André R. Brodtkorb; Göran Broström; Kai H. Christensen,2020,Communications in Computational Physics,journal-article,supporting,yes,IDENTIFIER-ONLY,,9,http://hdl.handle.net/11250/2646926,F1,forward-cite: Galewsky 2004,cites:10.3402/tellusa.v56i5.14436,2026-07-25T10:56:57Z,2026-07-25T11:23:03Z,yes,DOMAIN: title 'shallow[- ]water' in venue 'communications in computational physics'
10.1175/2009mwr2824.1,On the Spectral Convergence of the Supercompact Finite-Difference Schemes for the <i>f</i>-Plane Shallow-Water Equations,On the Spectral Convergence of the Supercompact Finite-Difference Schemes for the <i>f</i>-Plane Shallow-Water Equations,1.000,Sarmad Ghader; Ali R. Mohebalhojeh; Vahid Esfahanian,2009,Monthly Weather Review,journal-article,supporting,yes,IDENTIFIER-ONLY,,9,https://journals.ametsoc.org/downloadpdf/journals/mwre/137/7/2009mwr2824.1.pdf,F1,forward-cite: Galewsky 2004,cites:10.3402/tellusa.v56i5.14436,2026-07-25T10:56:57Z,2026-07-25T11:23:04Z,yes,DOMAIN: title 'shallow[- ]water' in venue 'monthly weather review'
10.1016/j.ocemod.2021.101908,Comparing numerical accuracy and stability for different horizontal discretizations in MPAS-Ocean,Comparing numerical accuracy and stability for different horizontal discretizations in MPAS-Ocean,1.000,Sara Calandrini; Darren Engwirda; Mark Petersen,2021,Ocean Modelling,journal-article,supporting,yes,IDENTIFIER-ONLY,,8,https://www.osti.gov/biblio/1828722,F1,forward-cite: Galewsky 2004,cites:10.3402/tellusa.v56i5.14436,2026-07-25T10:56:57Z,2026-07-25T11:23:04Z,yes,DOMAIN: title 'stabilit' in venue 'ocean modelling'
10.1016/j.camwa.2021.02.017,"Petrov–Galerkin flux upwinding for mixed mimetic spectral elements, and its application to geophysical flow problems","Petrov–Galerkin flux upwinding for mixed mimetic spectral elements, and its application to geophysical flow problems",1.000,David Lee,2021,Computers & Mathematics with Applications,journal-article,supporting,yes,IDENTIFIER-ONLY,,8,https://arxiv.org/pdf/2004.13225,F1,forward-cite: Galewsky 2004,cites:10.3402/tellusa.v56i5.14436,2026-07-25T10:56:57Z,2026-07-25T11:23:08Z,no,no strong domain term in title
10.1016/j.jcp.2024.112763,Conservation and stability in a discontinuous Galerkin method for the vector invariant spherical shallow water equations,Conservation and stability in a discontinuous Galerkin method for the vector invariant spherical shallow water equations,1.000,Kieran Ricardo; D. Lee; Kenneth Duru,2024,Journal of Computational Physics,journal-article,supporting,yes,IDENTIFIER-ONLY,,8,https://doi.org/10.1016/j.jcp.2024.112763,F1,forward-cite: Galewsky 2004,cites:10.3402/tellusa.v56i5.14436,2026-07-25T10:56:57Z,2026-07-25T11:23:04Z,yes,DOMAIN: title 'shallow[- ]water' in venue 'journal of computational physics'
10.1016/j.camwa.2006.11.009,Hybrid Eulerian-Lagrangian Semi-Implicit Time-Integrators,Hybrid Eulerian-Lagrangian Semi-Implicit Time-Integrators,1.000,Francis X. Giraldo,2006,Computers & Mathematics with Applications,journal-article,supporting,yes,IDENTIFIER-ONLY,,8,,F1,forward-cite: Galewsky 2004,cites:10.3402/tellusa.v56i5.14436,2026-07-25T10:56:57Z,2026-07-25T11:23:05Z,no,no strong domain term in title
10.1016/j.jcp.2023.112605,Entropy and energy conservation for thermal atmospheric dynamics using mixed compatible finite elements,Entropy and energy conservation for thermal atmospheric dynamics using mixed compatible finite elements,1.000,Kieran Ricardo; David Lee; Kenneth Duru,2023,Journal of Computational Physics,journal-article,supporting,yes,IDENTIFIER-ONLY,,7,,F1,forward-cite: Galewsky 2004,cites:10.3402/tellusa.v56i5.14436,2026-07-25T10:56:57Z,2026-07-25T11:23:05Z,yes,DOMAIN: title 'atmospher' in venue 'journal of computational physics'
10.1016/j.compfluid.2024.106209,Well-balanced finite difference WENO-AO scheme for rotating shallow water equations with Coriolis force,Well-balanced finite difference WENO-AO scheme for rotating shallow water equations with Coriolis force,1.000,Nan Zhang,2024,Computers & Fluids,journal-article,supporting,yes,IDENTIFIER-ONLY,,7,,F1,forward-cite: Galewsky 2004,cites:10.3402/tellusa.v56i5.14436,2026-07-25T10:56:57Z,2026-07-25T11:23:05Z,yes,DOMAIN: title 'shallow[- ]water' in venue 'computers.*fluids'
10.1002/fld.4034,High‐order compact finite difference schemes for the vorticity–divergence representation of the spherical shallow water equations,High‐order compact finite difference schemes for the vorticity–divergence representation of the spherical shallow water equations,1.000,Sarmad Ghader; Jan Nordström,2015,International Journal for Numerical Methods in Fluids,journal-article,supporting,yes,IDENTIFIER-ONLY,,7,http://urn.kb.se/resolve?urn=urn:nbn:se:liu:diva-117069,F1,forward-cite: Galewsky 2004,cites:10.3402/tellusa.v56i5.14436,2026-07-25T10:56:57Z,2026-07-25T11:23:06Z,yes,DOMAIN: title 'shallow[- ]water' in venue 'international journal for numerical methods in fluids'
10.1002/qj.3282,"A nestable, multigrid‐friendly grid on a sphere for global spectral models based on Clenshaw–Curtis quadrature","A nestable, multigrid‐friendly grid on a sphere for global spectral models based on Clenshaw–Curtis quadrature",1.000,Daisuke Hotta; Masashi Ujiie,2018,Quarterly Journal of the Royal Meteorological Society,journal-article,supporting,yes,IDENTIFIER-ONLY,,7,https://arxiv.org/pdf/1711.11296,F1,forward-cite: Galewsky 2004,cites:10.3402/tellusa.v56i5.14436,2026-07-25T10:56:57Z,2026-07-25T11:23:06Z,yes,DOMAIN: title '\bsphere\b' in venue 'quarterly journal of the royal meteorological society'
10.1007/s10596-014-9447-6,Algorithmically scalable block preconditioner for fully implicit shallow-water equations in CAM-SE,Algorithmically scalable block preconditioner for fully implicit shallow-water equations in CAM-SE,1.000,P. Aaron Lott; Carol S. Woodward; Katherine J. Evans,2014,Computational Geosciences,journal-article,supporting,yes,IDENTIFIER-ONLY,,7,https://www.osti.gov/biblio/1185403,F1,forward-cite: Galewsky 2004,cites:10.3402/tellusa.v56i5.14436,2026-07-25T10:56:57Z,2026-07-25T11:23:06Z,yes,DOMAIN: title 'shallow[- ]water' in venue 'science'
10.1177/1094342017736373,Performance analysis of fully explicit and fully implicit solvers within a spectral element shallow-water atmosphere model,Performance analysis of fully explicit and fully implicit solvers within a spectral element shallow-water atmosphere model,1.000,Katherine J. Evans; Richard Archibald; David J. Gardner; Matthew Norman,2017,The International Journal of High Performance Computing Applications,journal-article,supporting,yes,IDENTIFIER-ONLY,,7,https://www.osti.gov/biblio/1490619,F1,forward-cite: Galewsky 2004,cites:10.3402/tellusa.v56i5.14436,2026-07-25T10:56:57Z,2026-07-25T11:23:07Z,no,on-topic title but venue outside the field: The International Journal of High Perfor
10.1051/0004-6361/202245220,Global climate modeling of the Jupiter troposphere and effect of dry and moist convection on jets,Global climate modeling of the Jupiter troposphere and effect of dry and moist convection on jets,1.000,Alexandre Boissinot; Aymeric Spiga; Sandrine Guerlet; Simon Cabanes,2024,Astronomy and Astrophysics,journal-article,supporting,yes,IDENTIFIER-ONLY,,7,https://www.aanda.org/articles/aa/pdf/2024/07/aa45220-22.pdf,Q7,Rhines scale / jets / zonostrophic,zonostrophic turbulence jet spacing,2026-07-25T10:56:57Z,2026-07-25T11:25:21Z,no,on-topic title but venue outside the field: Astronomy and Astrophysics
10.1007/s10444-021-09866-7,A fast sparse spectral method for nonlinear integro-differential Volterra equations with general kernels,A fast sparse spectral method for nonlinear integro-differential Volterra equations with general kernels,1.000,Timon S. Gutleb,2021,Advances in Computational Mathematics,journal-article,supporting,yes,IDENTIFIER-ONLY,,7,https://link.springer.com/content/pdf/10.1007/s10444-021-09866-7.pdf,Q8,spectral methods / Dedalus,Dedalus spectral framework partial differential equations,2026-07-25T10:56:57Z,2026-07-25T11:25:30Z,no,on-topic title but venue outside the field: Advances in Computational Mathematics
10.3390/math11081787,Automated Differential Equation Solver Based on the Parametric Approximation Optimization,Automated Differential Equation Solver Based on the Parametric Approximation Optimization,1.000,Alexander Hvatov,2023,Mathematics,journal-article,supporting,yes,IDENTIFIER-ONLY,,7,https://www.mdpi.com/2227-7390/11/8/1787/pdf?version=1681023811,Q8,spectral methods / Dedalus,Dedalus spectral framework partial differential equations,2026-07-25T10:56:57Z,2026-07-25T11:25:29Z,no,no strong domain term in title
10.1016/j.jcp.2020.109384,Discontinuous Galerkin solver for the shallow-water equations in covariant form on the sphere and the ellipsoid,Discontinuous Galerkin solver for the shallow-water equations in covariant form on the sphere and the ellipsoid,1.000,Michael Baldauf,2020,Journal of Computational Physics,journal-article,supporting,yes,IDENTIFIER-ONLY,,6,,F1,forward-cite: Galewsky 2004,cites:10.3402/tellusa.v56i5.14436,2026-07-25T10:56:57Z,2026-07-25T11:23:11Z,yes,DOMAIN: title 'shallow[- ]water' in venue 'journal of computational physics'
10.1016/j.jcp.2018.04.053,Higher-order finite volume differential operators with selective upwinding on the icosahedral spherical grid,Higher-order finite volume differential operators with selective upwinding on the icosahedral spherical grid,1.000,Christopher Subich,2018,Journal of Computational Physics,journal-article,supporting,yes,IDENTIFIER-ONLY,,6,https://doi.org/10.1016/j.jcp.2018.04.053,F1,forward-cite: Galewsky 2004,cites:10.3402/tellusa.v56i5.14436,2026-07-25T10:56:57Z,2026-07-25T11:23:08Z,yes,DOMAIN: title 'finite[- ]volume' in venue 'journal of computational physics'
10.1016/j.jcp.2016.10.017,An equatorially enhanced grid with smooth resolution distribution generated by a spring dynamics method,An equatorially enhanced grid with smooth resolution distribution generated by a spring dynamics method,1.000,Shin‐ichi Iga,2016,Journal of Computational Physics,journal-article,supporting,yes,IDENTIFIER-ONLY,,6,,F1,forward-cite: Galewsky 2004,cites:10.3402/tellusa.v56i5.14436,2026-07-25T10:56:57Z,2026-07-25T11:23:08Z,no,no strong domain term in title
10.5194/gmd-8-221-2015,A high-order conservative collocation scheme and its application to global shallow-water equations,A high-order conservative collocation scheme and its application to global shallow-water equations,1.000,Chang Chen; Xin Li; Xiaojing Shen; Feng Xiao,2015,Geoscientific model development,journal-article,supporting,yes,IDENTIFIER-ONLY,,6,https://gmd.copernicus.org/articles/8/221/2015/gmd-8-221-2015.pdf,F1,forward-cite: Galewsky 2004,cites:10.3402/tellusa.v56i5.14436,2026-07-25T10:56:57Z,2026-07-25T11:23:08Z,yes,DOMAIN: title 'shallow[- ]water' in venue 'geoscientific model development'
10.1175/mwr-d-24-0165.1,High-Order Tensor-Train Finite-Volume Methods for Shallow-Water Equations,High-Order Tensor-Train Finite-Volume Methods for Shallow-Water Equations,1.000,M. Engin Danis; Duc P. Truong; Derek DeSantis; Jeremy R. Lilly,2025,Monthly Weather Review,journal-article,supporting,yes,IDENTIFIER-ONLY,,5,,F1,forward-cite: Galewsky 2004,cites:10.3402/tellusa.v56i5.14436,2026-07-25T10:56:57Z,2026-07-25T11:23:08Z,yes,DOMAIN: title 'shallow[- ]water' in venue 'monthly weather review'
10.1016/j.jcp.2017.03.029,Baroclinic waves on the β plane using low-order Discontinuous Galerkin discretisation,Baroclinic waves on the  β  plane using low-order Discontinuous Galerkin discretisation,1.000,Thomas Orgis; M. Läuter; Dörthe Handorf; Klaus Dethloff,2017,Journal of Computational Physics,journal-article,supporting,yes,IDENTIFIER-ONLY,,5,,F1,forward-cite: Galewsky 2004,cites:10.3402/tellusa.v56i5.14436,2026-07-25T10:56:57Z,2026-07-25T11:23:13Z,yes,DOMAIN: title 'baroclinic' in venue 'journal of computational physics'
10.1017/qua.2020.84,An investigation of the possibility of non-Laurentide ice stream contributions to Heinrich event 3,An investigation of the possibility of non-Laurentide ice stream contributions to Heinrich event 3,1.000,Jesse Velay‐Vitow; W. R. Peltier; G.R. Stuhne,2020,Quaternary Research,journal-article,supporting,yes,IDENTIFIER-ONLY,,5,,F1,forward-cite: Galewsky 2004,cites:10.3402/tellusa.v56i5.14436,2026-07-25T10:56:57Z,2026-07-25T11:23:09Z,no,no strong domain term in title
10.1016/j.ocemod.2020.101729,Filling oceans on a spherical multiple-cell grid,Filling oceans on a spherical multiple-cell grid,1.000,Jian‐Guo Li,2020,Ocean Modelling,journal-article,supporting,yes,IDENTIFIER-ONLY,,5,,F1,forward-cite: Galewsky 2004,cites:10.3402/tellusa.v56i5.14436,2026-07-25T10:56:57Z,2026-07-25T11:23:09Z,yes,DOMAIN: title 'ocean' in venue 'ocean modelling'
10.1175/jas-d-11-0318.1,On Imbalance Generated by Vortical Flows in a Two-Layer Spherical Boussinesq Primitive Equation Model,On Imbalance Generated by Vortical Flows in a Two-Layer Spherical Boussinesq Primitive Equation Model,1.000,Mohammad Mirzaei; Ali R. Mohebalhojeh; Farhang Ahmadi‐Givi,2012,Journal of the Atmospheric Sciences,journal-article,supporting,yes,IDENTIFIER-ONLY,,5,,F1,forward-cite: Galewsky 2004,cites:10.3402/tellusa.v56i5.14436,2026-07-25T10:56:57Z,2026-07-25T11:23:09Z,yes,DOMAIN: title 'vortic' in venue 'journal of the atmospheric sciences'
10.1007/978-3-030-63393-6_3,Integrating Deep Learning in Domain Sciences at Exascale,Integrating Deep Learning in Domain Sciences at Exascale,1.000,Rick Archibald; Edmond Chow; E. D’Azevedo; Jack Dongarra,2020,Communications in computer and information science,book chapter,supporting,yes,IDENTIFIER-ONLY,,5,,F1,forward-cite: Galewsky 2004,cites:10.3402/tellusa.v56i5.14436,2026-07-25T10:56:57Z,2026-07-25T11:23:10Z,no,no strong domain term in title
10.5194/egusphere-2023-763,Identifying Atmospheric Rivers and their Poleward Latent Heat Transport with Generalizable Neural Networks: ARCNNv1,Identifying Atmospheric Rivers and their Poleward Latent Heat Transport with Generalizable Neural Networks: ARCNNv1,1.000,Ankur Mahesh; Travis O’Brien; Burlen Loring; Abdelrahman Elbashandy,2023,,posted-content,supporting,yes,IDENTIFIER-ONLY,,5,https://doi.org/10.5194/egusphere-2023-763,F1,forward-cite: Galewsky 2004,cites:10.3402/tellusa.v56i5.14436,2026-07-25T10:56:57Z,2026-07-25T11:23:10Z,no,on-topic title but venue outside the field: 
10.1016/j.jcp.2024.112953,Latent assimilation with implicit neural representations for unknown dynamics,Latent assimilation with implicit neural representations for unknown dynamics,1.000,Zhuoyuan Li; Bin Dong; Pingwen Zhang,2024,Journal of Computational Physics,journal-article,supporting,yes,IDENTIFIER-ONLY,,4,,F1,forward-cite: Galewsky 2004,cites:10.3402/tellusa.v56i5.14436,2026-07-25T10:56:57Z,2026-07-25T11:23:10Z,no,no strong domain term in title
10.5194/gmd-14-6919-2021,Topography-based local spherical Voronoi grid refinement on classical and moist shallow-water finite-volume models,Topography-based local spherical Voronoi grid refinement on classical and moist shallow-water finite-volume models,1.000,Luan F. Santos; Pedro S. Peixoto,2021,Geoscientific model development,journal-article,supporting,yes,IDENTIFIER-ONLY,,4,https://doi.org/10.5194/gmd-14-6919-2021,F1,forward-cite: Galewsky 2004,cites:10.3402/tellusa.v56i5.14436,2026-07-25T10:56:57Z,2026-07-25T11:23:11Z,yes,DOMAIN: title 'shallow[- ]water' in venue 'geoscientific model development'
10.5194/gmd-15-2561-2022,Improved double Fourier series on a sphere and its application to a semi-implicit semi-Lagrangian shallow-water model,Improved double Fourier series on a sphere and its application to  a semi-implicit semi-Lagrangian shallow-water model,1.000,Hiromasa Yoshimura,2022,Geoscientific model development,journal-article,supporting,yes,IDENTIFIER-ONLY,,4,https://gmd.copernicus.org/articles/15/2561/2022/gmd-15-2561-2022.pdf,F1,forward-cite: Galewsky 2004,cites:10.3402/tellusa.v56i5.14436,2026-07-25T10:56:57Z,2026-07-25T11:23:11Z,yes,DOMAIN: title 'shallow[- ]water' in venue 'geoscientific model development'
10.1016/j.jcp.2023.112591,Parallel-in-time integration of the shallow water equations on the rotating sphere using Parareal and MGRIT,Parallel-in-time integration of the shallow water equations on the rotating sphere using Parareal and MGRIT,1.000,João Guilherme Caldas Steinstraesser; Pedro S. Peixoto; Martin Schreiber,2023,Journal of Computational Physics,journal-article,supporting,yes,IDENTIFIER-ONLY,,4,,F1,forward-cite: Galewsky 2004,cites:10.3402/tellusa.v56i5.14436,2026-07-25T10:56:57Z,2026-07-25T11:23:12Z,yes,DOMAIN: title 'shallow[- ]water' in venue 'journal of computational physics'
10.3390/atmos10040179,Generalized Z-Grid Model for Numerical Weather Prediction,Generalized Z-Grid Model for Numerical Weather Prediction,1.000,Yuanfu Xie,2019,Atmosphere,journal-article,supporting,yes,IDENTIFIER-ONLY,,4,https://www.mdpi.com/2073-4433/10/4/179/pdf?version=1555496455,F1,forward-cite: Galewsky 2004,cites:10.3402/tellusa.v56i5.14436,2026-07-25T10:56:57Z,2026-07-25T11:23:11Z,no,no strong domain term in title
10.1029/2021ms002492,Rotating Shallow Water Flow Under Location Uncertainty With a Structure‐Preserving Discretization,Rotating Shallow Water Flow Under Location Uncertainty With a Structure‐Preserving Discretization,1.000,Rüdiger Brecht; Long Li; Werner Bauer; Étienne Mémin,2021,Journal of Advances in Modeling Earth Systems,journal-article,supporting,yes,IDENTIFIER-ONLY,,4,https://onlinelibrary.wiley.com/doi/pdfdirect/10.1029/2021MS002492,F1,forward-cite: Galewsky 2004,cites:10.3402/tellusa.v56i5.14436,2026-07-25T10:56:57Z,2026-07-25T11:23:12Z,yes,DOMAIN: title 'shallow[- ]water' in venue 'journal of advances in modeling earth systems'
10.1016/j.jcp.2015.05.026,"Smooth, seamless, and structured grid generation with flexibility in resolution distribution on a sphere based on conformal mapping and the spring dynamics method","Smooth, seamless, and structured grid generation with flexibility in resolution distribution on a sphere based on conformal mapping and the spring dynamics method",1.000,Shin‐ichi Iga,2015,Journal of Computational Physics,journal-article,supporting,yes,IDENTIFIER-ONLY,,4,,F1,forward-cite: Galewsky 2004,cites:10.3402/tellusa.v56i5.14436,2026-07-25T10:56:57Z,2026-07-25T11:23:12Z,yes,DOMAIN: title '\bsphere\b' in venue 'journal of computational physics'
10.1175/mwr-d-23-0113.1,CFL Optimized Forward–Backward Runge–Kutta Schemes for the Shallow-Water Equations,CFL Optimized Forward–Backward Runge–Kutta Schemes for the Shallow-Water Equations,1.000,Jeremy R. Lilly; Darren Engwirda; Giacomo Capodaglio; Robert L. Higdon,2023,Monthly Weather Review,journal-article,supporting,yes,IDENTIFIER-ONLY,,4,https://journals.ametsoc.org/downloadpdf/view/journals/mwre/151/12/MWR-D-23-0113.1.pdf,F1,forward-cite: Galewsky 2004,cites:10.3402/tellusa.v56i5.14436,2026-07-25T10:56:57Z,2026-07-25T11:23:13Z,yes,DOMAIN: title 'shallow[- ]water' in venue 'monthly weather review'
10.1175/mwr-d-15-0379.1,Toward a PV-Based Algorithm for the Dynamical Core of Hydrostatic Global Models,Toward a PV-Based Algorithm for the Dynamical Core of Hydrostatic Global Models,1.000,Ali R. Mohebalhojeh; Mohammad Taghi Joghataei; David G. Dritschel,2016,Monthly Weather Review,journal-article,supporting,yes,IDENTIFIER-ONLY,,4,,F1,forward-cite: Galewsky 2004,cites:10.3402/tellusa.v56i5.14436,2026-07-25T10:56:57Z,2026-07-25T11:23:13Z,yes,DOMAIN: title 'dynamical core' in venue 'monthly weather review'
10.1016/j.procs.2015.05.470,Accelerating Time Integration for the Shallow Water Equations on the Sphere Using GPUs,Accelerating Time Integration for the Shallow Water Equations on the Sphere Using GPUs,1.000,Richard Archibald; Katherine J. Evans; Alejandro Salinger,2015,Procedia Computer Science,journal-article,supporting,yes,IDENTIFIER-ONLY,,4,https://doi.org/10.1016/j.procs.2015.05.470,F1,forward-cite: Galewsky 2004,cites:10.3402/tellusa.v56i5.14436,2026-07-25T10:56:57Z,2026-07-25T11:23:13Z,yes,DOMAIN: title 'shallow[- ]water' in venue 'science'
10.1137/24m1638938,An Entropy Stable Discontinuous Galerkin Method for the Spherical Thermal Shallow Water Equations,An Entropy Stable Discontinuous Galerkin Method for the Spherical Thermal Shallow Water Equations,1.000,Kieran Ricardo; Kenneth Duru; David Lee,2024,SIAM Journal on Scientific Computing,journal-article,supporting,yes,IDENTIFIER-ONLY,,3,https://hdl.handle.net/1885/733751851,F1,forward-cite: Galewsky 2004,cites:10.3402/tellusa.v56i5.14436,2026-07-25T10:56:57Z,2026-07-25T11:23:13Z,yes,DOMAIN: title 'shallow[- ]water' in venue 'siam journal'
10.1029/2025jh000602,Learning Physically Interpretable Atmospheric Models From Data With WSINDy,Learning Physically Interpretable Atmospheric Models From Data With WSINDy,1.000,Seth Minor; Daniel A. Messenger; Vanja Dukić; David M. Bortz,2025,Journal of Geophysical Research Machine Learning and Computation,journal-article,supporting,yes,IDENTIFIER-ONLY,,3,https://onlinelibrary.wiley.com/doi/pdfdirect/10.1029/2025JH000602,F1,forward-cite: Galewsky 2004,cites:10.3402/tellusa.v56i5.14436,2026-07-25T10:56:57Z,2026-07-25T11:23:13Z,yes,DOMAIN: title 'atmospher' in venue 'journal of geophysical research'
10.1016/j.compfluid.2021.105286,A center compact scheme for the Shallow Water equations on the sphere,A center compact scheme for the Shallow Water equations on the sphere,1.000,Matthieu Brachet; Jean‐Pierre Croisille,2022,Computers & Fluids,journal-article,supporting,yes,IDENTIFIER-ONLY,,3,,F1,forward-cite: Galewsky 2004,cites:10.3402/tellusa.v56i5.14436,2026-07-25T10:56:57Z,2026-07-25T11:23:14Z,yes,DOMAIN: title 'shallow[- ]water' in venue 'computers.*fluids'
10.5194/gmd-17-3533-2024,Identifying atmospheric rivers and their poleward latent heat transport with generalizable neural networks: ARCNNv1,Identifying atmospheric rivers and their poleward latent heat transport with generalizable neural networks: ARCNNv1,1.000,Ankur Mahesh; Travis O’Brien; Burlen Loring; Abdelrahman Elbashandy,2024,Geoscientific model development,journal-article,supporting,yes,IDENTIFIER-ONLY,,3,https://doi.org/10.5194/gmd-17-3533-2024,F1,forward-cite: Galewsky 2004,cites:10.3402/tellusa.v56i5.14436,2026-07-25T10:56:57Z,2026-07-25T11:23:14Z,yes,DOMAIN: title 'atmospher' in venue 'geoscientific model development'
10.1016/j.jcp.2024.113618,Analysis of finite-volume transport schemes on cubed-sphere grids and an accurate scheme for divergent winds,Analysis of finite-volume transport schemes on cubed-sphere grids and an accurate scheme for divergent winds,1.000,Luan F. Santos; Joseph Mouallem; Pedro S. Peixoto,2024,Journal of Computational Physics,journal-article,supporting,yes,IDENTIFIER-ONLY,,3,,F1,forward-cite: Galewsky 2004,cites:10.3402/tellusa.v56i5.14436,2026-07-25T10:56:57Z,2026-07-25T11:23:14Z,yes,DOMAIN: title '\bsphere\b' in venue 'journal of computational physics'
10.1016/j.camwa.2024.04.016,"A comparison of variational upwinding schemes for geophysical fluids, and their application to potential enstrophy conserving discretisations","A comparison of variational upwinding schemes for geophysical fluids, and their application to potential enstrophy conserving discretisations",1.000,David Lee; Alberto F. Martı́n; Christopher Bladwell; Santiago Badia,2024,Computers & Mathematics with Applications,journal-article,supporting,yes,IDENTIFIER-ONLY,,3,,F1,forward-cite: Galewsky 2004,cites:10.3402/tellusa.v56i5.14436,2026-07-25T10:56:57Z,2026-07-25T11:23:15Z,no,no strong domain term in title
10.1002/qj.835,The assessment of the equatorial counterpart of the quasi‐geostrophic model,The assessment of the equatorial counterpart of the quasi‐geostrophic model,1.000,Ali R. Mohebalhojeh; Jürgen Theiss,2011,Quarterly Journal of the Royal Meteorological Society,journal-article,supporting,yes,IDENTIFIER-ONLY,,3,,F1,forward-cite: Galewsky 2004,cites:10.3402/tellusa.v56i5.14436,2026-07-25T10:56:57Z,2026-07-25T11:23:15Z,yes,DOMAIN: title 'geostrophic' in venue 'quarterly journal of the royal meteorological society'
10.1175/mwr-d-16-0380.1,Using Polynomial Regression in Designing the Time Filters for the Leapfrog Time-Stepping Scheme,Using Polynomial Regression in Designing the Time Filters for the Leapfrog Time-Stepping Scheme,1.000,Daniel Yazgi; Ali R. Mohebalhojeh; Sarmad Ghader,2017,Monthly Weather Review,journal-article,supporting,yes,IDENTIFIER-ONLY,,3,,F1,forward-cite: Galewsky 2004,cites:10.3402/tellusa.v56i5.14436,2026-07-25T10:56:57Z,2026-07-25T11:23:14Z,no,no strong domain term in title
10.1175/mwr-d-18-0304.1,Application of the Synchronized B-Grid Staggering for Solution of the Shallow-Water Equations on the Spherical Icosahedral Grid,Application of the Synchronized B-Grid Staggering for Solution of the Shallow-Water Equations on the Spherical Icosahedral Grid,1.000,Hiroaki Miura,2019,Monthly Weather Review,journal-article,supporting,yes,IDENTIFIER-ONLY,,3,https://journals.ametsoc.org/downloadpdf/journals/mwre/147/7/mwr-d-18-0304.1.pdf,F1,forward-cite: Galewsky 2004,cites:10.3402/tellusa.v56i5.14436,2026-07-25T10:56:57Z,2026-07-25T11:23:15Z,yes,DOMAIN: title 'shallow[- ]water' in venue 'monthly weather review'
10.1016/j.procs.2015.05.468,On the Use of Finite Difference Matrix-vector Products in Newton-krylov Solvers for Implicit Climate Dynamics with Spectral Elements,On the Use of Finite Difference Matrix-vector Products in Newton-krylov Solvers for Implicit Climate Dynamics with Spectral Elements,1.000,Carol S. Woodward; David J. Gardner; Katherine J. Evans,2015,Procedia Computer Science,journal-article,supporting,yes,IDENTIFIER-ONLY,,3,https://doi.org/10.1016/j.procs.2015.05.468,F1,forward-cite: Galewsky 2004,cites:10.3402/tellusa.v56i5.14436,2026-07-25T10:56:57Z,2026-07-25T11:23:15Z,no,no strong domain term in title
10.1088/1742-6596/1740/1/012073,Semi-Lagrangian shallow water equations solver on the cubed-sphere grid as a prototype of new-generation global atmospheric model,Semi-Lagrangian shallow water equations solver on the cubed-sphere grid as a prototype of new-generation global atmospheric model,1.000,V. V. Shashkin; Gordey Goyman,2021,Journal of Physics Conference Series,journal-article,supporting,yes,IDENTIFIER-ONLY,,3,https://doi.org/10.1088/1742-6596/1740/1/012073,F1,forward-cite: Galewsky 2004,cites:10.3402/tellusa.v56i5.14436,2026-07-25T10:56:57Z,2026-07-25T11:23:16Z,no,on-topic title but venue outside the field: Journal of Physics Conference Series
10.5194/gmd-2021-168,Improved double Fourier series on a sphere and its application to a semi-implicit semi-Lagrangian shallow water model,Improved double Fourier series on a sphere and its application to a semi-implicit semi-Lagrangian shallow water model,1.000,Hiromasa Yoshimura,2021,,posted-content,supporting,yes,IDENTIFIER-ONLY,,3,https://doi.org/10.5194/gmd-2021-168,F1,forward-cite: Galewsky 2004,cites:10.3402/tellusa.v56i5.14436,2026-07-25T10:56:57Z,2026-07-25T11:23:16Z,no,on-topic title but venue outside the field: 
10.5194/gmd-18-4535-2025,asQ: parallel-in-time finite element simulations using ParaDiag for geoscientific models and beyond,asQ: parallel-in-time finite element simulations using ParaDiag for geoscientific models and beyond,1.000,Joshua Hope-Collins; Abdalaziz Hamdan; Werner Bauer; Lawrence Mitchell,2025,Geoscientific model development,journal-article,supporting,yes,IDENTIFIER-ONLY,,2,https://gmd.copernicus.org/articles/18/4535/2025/gmd-18-4535-2025.pdf,F1,forward-cite: Galewsky 2004,cites:10.3402/tellusa.v56i5.14436,2026-07-25T10:56:57Z,2026-07-25T11:23:17Z,no,no strong domain term in title
10.1029/2023ms003633,Removing Numerical Pathologies in a Turbulence Parameterization Through Convergence Testing,Removing Numerical Pathologies in a Turbulence Parameterization Through Convergence Testing,1.000,Shixuan Zhang; Christopher J. Vogl; Vincent E. Larson; Quan M. Bui,2023,Journal of Advances in Modeling Earth Systems,journal-article,supporting,yes,IDENTIFIER-ONLY,,2,https://onlinelibrary.wiley.com/doi/pdfdirect/10.1029/2023MS003633,F1,forward-cite: Galewsky 2004,cites:10.3402/tellusa.v56i5.14436,2026-07-25T10:56:57Z,2026-07-25T11:23:16Z,yes,DOMAIN: title 'turbulence' in venue 'journal of advances in modeling earth systems'
10.4208/nmtma.2017.s09,Runge-Kutta Discontinuous Local Evolution Galerkin Methods for the Shallow Water Equations on the Cubed-Sphere Grid,Runge-Kutta Discontinuous Local Evolution Galerkin Methods for the Shallow Water Equations on the Cubed-Sphere Grid,1.000,Yangyu Kuang; Kailiang Wu; Huazhong Tang,2017,Numerical Mathematics Theory Methods and Applications,journal-article,supporting,yes,IDENTIFIER-ONLY,,2,https://arxiv.org/pdf/1608.06700,F1,forward-cite: Galewsky 2004,cites:10.3402/tellusa.v56i5.14436,2026-07-25T10:56:57Z,2026-07-25T11:23:16Z,no,on-topic title but venue outside the field: Numerical Mathematics Theory Methods and
10.1016/j.jcp.2026.114782,Entropy-stable discontinuous spectral-element methods for the spherical shallow water equations in covariant form,Entropy-stable discontinuous spectral-element methods for the spherical shallow water equations in covariant form,1.000,Tristan Montoya; Andrés M. Rueda-Ramírez; Gregor J. Gassner,2026,Journal of Computational Physics,journal-article,supporting,yes,IDENTIFIER-ONLY,,1,https://doi.org/10.1016/j.jcp.2026.114782,F1,forward-cite: Galewsky 2004,cites:10.3402/tellusa.v56i5.14436,2026-07-25T10:56:57Z,2026-07-25T11:23:17Z,yes,DOMAIN: title 'shallow[- ]water' in venue 'journal of computational physics'
10.5194/gmd-18-8175-2025,HOPE: an arbitrary-order non-oscillatory finite-volume shallow water dynamical core with automatic differentiation,HOPE: an arbitrary-order non-oscillatory finite-volume shallow water dynamical core with automatic differentiation,1.000,Lingsheng Zhou; Wei Xue; Xueshun Shen,2025,Geoscientific model development,journal-article,supporting,yes,IDENTIFIER-ONLY,,1,https://doi.org/10.5194/gmd-18-8175-2025,F1,forward-cite: Galewsky 2004,cites:10.3402/tellusa.v56i5.14436,2026-07-25T10:56:57Z,2026-07-25T11:23:18Z,yes,DOMAIN: title 'shallow[- ]water' in venue 'geoscientific model development'
10.1007/s10915-022-01908-6,Conservative Numerical Schemes with Optimal Dispersive Wave Relations: Part II. Numerical Evaluations,Conservative Numerical Schemes with Optimal Dispersive Wave Relations: Part II. Numerical Evaluations,1.000,Qingshan Chen; Lili Ju; Roger Témam,2022,Journal of Scientific Computing,journal-article,supporting,yes,IDENTIFIER-ONLY,,1,https://www.osti.gov/servlets/purl/1959994,F1,forward-cite: Galewsky 2004,cites:10.3402/tellusa.v56i5.14436,2026-07-25T10:56:57Z,2026-07-25T11:23:18Z,no,no strong domain term in title
10.3934/dcdss.2021102,A dictionary learning algorithm for compression and reconstruction of streaming data in preset order,A dictionary learning algorithm for compression and reconstruction of streaming data in preset order,1.000,Richard Archibald; Hoang Tran,2021,Discrete and Continuous Dynamical Systems - S,journal-article,supporting,yes,IDENTIFIER-ONLY,,1,https://doi.org/10.3934/dcdss.2021102,F1,forward-cite: Galewsky 2004,cites:10.3402/tellusa.v56i5.14436,2026-07-25T10:56:57Z,2026-07-25T11:23:18Z,no,no strong domain term in title
10.1016/j.jcp.2025.113722,Multi-level data assimilation for ocean forecasting using the shallow-water equations,Multi-level data assimilation for ocean forecasting using the shallow-water equations,1.000,Florian Beiser; Håvard Heitlo Holm; Kjetil Olsen Lye; Jo Eidsvik,2025,Journal of Computational Physics,journal-article,supporting,yes,IDENTIFIER-ONLY,,1,https://doi.org/10.1016/j.jcp.2025.113722,F1,forward-cite: Galewsky 2004,cites:10.3402/tellusa.v56i5.14436,2026-07-25T10:56:57Z,2026-07-25T11:23:18Z,yes,DOMAIN: title 'shallow[- ]water' in venue 'journal of computational physics'
10.1051/m2an/2025034,Analysis and improvement of a semi-Lagrangian exponential scheme for the shallow-water equations on the rotating sphere,Analysis and improvement of a semi-Lagrangian exponential scheme for the shallow-water equations on the rotating sphere,1.000,João Guilherme Caldas Steinstraesser; Martin Schreiber; Pedro S. Peixoto,2025,ESAIM Mathematical Modelling and Numerical Analysis,journal-article,supporting,yes,IDENTIFIER-ONLY,,1,https://doi.org/10.1051/m2an/2025034,F1,forward-cite: Galewsky 2004,cites:10.3402/tellusa.v56i5.14436,2026-07-25T10:56:57Z,2026-07-25T11:23:19Z,no,on-topic title but venue outside the field: ESAIM Mathematical Modelling and Numeric
10.1007/978-1-4020-6095-3_11,A Hybrid Meshless/Spectral-Element Method for the Shallow Water Equations on the Sphere,A Hybrid Meshless/Spectral-Element Method for the Shallow Water Equations on the Sphere,1.000,Christopher D. Blakely,2007,,book chapter,supporting,yes,IDENTIFIER-ONLY,,1,,F1,forward-cite: Galewsky 2004,cites:10.3402/tellusa.v56i5.14436,2026-07-25T10:56:57Z,2026-07-25T11:23:19Z,no,on-topic title but venue outside the field: 
10.1016/j.jcpx.2020.100053,Massively parallel implicit equal-weights particle filter for ocean drift trajectory forecasting,Massively parallel implicit equal-weights particle filter for ocean drift trajectory forecasting,1.000,Håvard Heitlo Holm; Martin Lilleeng Sætra; Peter Jan van Leeuwen,2020,Journal of Computational Physics X,journal-article,supporting,yes,IDENTIFIER-ONLY,,1,https://doi.org/10.1016/j.jcpx.2020.100053,F1,forward-cite: Galewsky 2004,cites:10.3402/tellusa.v56i5.14436,2026-07-25T10:56:57Z,2026-07-25T11:23:19Z,yes,DOMAIN: title 'ocean' in venue 'journal of computational physics'
10.1515/rnam-2020-0003,2D turbulence closures for the barotropic jet instability simulation,2D turbulence closures for the barotropic jet instability simulation,1.000,Pavel Perezhogin,2020,Russian Journal of Numerical Analysis and Mathematical Modelling,journal-article,supporting,yes,IDENTIFIER-ONLY,,1,,F1,forward-cite: Galewsky 2004,cites:10.3402/tellusa.v56i5.14436,2026-07-25T10:56:57Z,2026-07-25T11:23:19Z,no,on-topic title but venue outside the field: Russian Journal of Numerical Analysis an
10.1175/mwr-d-20-0004.1,A Two-Stage Fourth-Order Multimoment Global Shallow-Water Model on the Cubed Sphere,A Two-Stage Fourth-Order Multimoment Global Shallow-Water Model on the Cubed Sphere,1.000,Yuzhang Che; Chungang Chen; Feng Xiao; Xingliang Li,2020,Monthly Weather Review,journal-article,supporting,yes,IDENTIFIER-ONLY,,1,,F1,forward-cite: Galewsky 2004,cites:10.3402/tellusa.v56i5.14436,2026-07-25T10:56:57Z,2026-07-25T11:23:19Z,yes,DOMAIN: title 'shallow[- ]water' in venue 'monthly weather review'
10.1088/2632-2153/abc326,<i>In situ</i> compression artifact removal in scientific data using deep transfer learning and experience replay,<i>In situ</i> compression artifact removal in scientific data using deep transfer learning and experience replay,1.000,Sandeep Madireddy; Ji Hwan Park; Sunwoo Lee; Prasanna Balaprakash,2020,Machine Learning Science and Technology,journal-article,supporting,yes,IDENTIFIER-ONLY,,1,https://doi.org/10.1088/2632-2153/abc326,F1,forward-cite: Galewsky 2004,cites:10.3402/tellusa.v56i5.14436,2026-07-25T10:56:57Z,2026-07-25T11:23:20Z,no,no strong domain term in title
10.1016/j.jcp.2021.110792,High-order numerical solutions to the shallow-water equations on the rotated cubed-sphere grid,High-order numerical solutions to the shallow-water equations on the rotated cubed-sphere grid,1.000,Stéphane Gaudreault; Martin Charron; Valentin Dallerit; Mayya Tokman,2021,Journal of Computational Physics,journal-article,supporting,yes,IDENTIFIER-ONLY,,1,https://doi.org/10.1016/j.jcp.2021.110792,F1,forward-cite: Galewsky 2004,cites:10.3402/tellusa.v56i5.14436,2026-07-25T10:56:57Z,2026-07-25T11:23:20Z,yes,DOMAIN: title 'shallow[- ]water' in venue 'journal of computational physics'
10.1016/j.jcp.2022.111741,A consistent mass-conserving C-staggered method for shallow water equations on global reduced grids,A consistent mass-conserving C-staggered method for shallow water equations on global reduced grids,1.000,Genilson S. Lima; Pedro S. Peixoto,2022,Journal of Computational Physics,journal-article,supporting,yes,IDENTIFIER-ONLY,,1,,F1,forward-cite: Galewsky 2004,cites:10.3402/tellusa.v56i5.14436,2026-07-25T10:56:57Z,2026-07-25T11:23:20Z,yes,DOMAIN: title 'shallow[- ]water' in venue 'journal of computational physics'
10.1016/j.jcp.2022.111834,Improving the accuracy of discretisations of the vector transport equation on the lowest-order quadrilateral Raviart-Thomas finite elements,Improving the accuracy of discretisations of the vector transport equation on the lowest-order quadrilateral Raviart-Thomas finite elements,1.000,Thomas M. Bendall; Golo A. Wimmer,2022,Journal of Computational Physics,journal-article,supporting,yes,IDENTIFIER-ONLY,,1,https://www.osti.gov/servlets/purl/1903550,F1,forward-cite: Galewsky 2004,cites:10.3402/tellusa.v56i5.14436,2026-07-25T10:56:57Z,2026-07-25T11:23:20Z,no,no strong domain term in title
10.1016/j.ocemod.2024.102335,Accuracy and stability analysis of horizontal discretizations used in unstructured grid ocean models,Accuracy and stability analysis of horizontal discretizations used in unstructured grid ocean models,1.000,Fabricio Rodrigues Lapolli; Pedro S. Peixoto; Peter Korn,2024,Ocean Modelling,journal-article,supporting,yes,IDENTIFIER-ONLY,,1,http://dx.doi.org/10.1016/j.ocemod.2024.102335,F1,forward-cite: Galewsky 2004,cites:10.3402/tellusa.v56i5.14436,2026-07-25T10:56:57Z,2026-07-25T11:23:21Z,yes,DOMAIN: title 'stabilit' in venue 'ocean modelling'
10.1007/s00211-014-0654-9,A Galerkin method with spherical splines for the shallow water equations on a sphere: error analysis,A Galerkin method with spherical splines for the shallow water equations on a sphere: error analysis,1.000,Ilya Tregubov; Thanh Tran,2014,Numerische Mathematik,journal-article,supporting,yes,IDENTIFIER-ONLY,,1,,F1,forward-cite: Galewsky 2004,cites:10.3402/tellusa.v56i5.14436,2026-07-25T10:56:57Z,2026-07-25T11:23:21Z,no,on-topic title but venue outside the field: Numerische Mathematik
10.2139/ssrn.4166560,Improving the Accuracy of Discretisations of the Vector Transport Equation on the Lowest-Order Quadrilateral Raviart-Thomas Finite Elements,Improving the Accuracy of Discretisations of the Vector Transport Equation on the Lowest-Order Quadrilateral Raviart-Thomas Finite Elements,1.000,Thomas M. Bendall; Golo A. Wimmer,2022,SSRN Electronic Journal,journal-article,supporting,yes,IDENTIFIER-ONLY,,1,https://doi.org/10.2139/ssrn.4166560,F1,forward-cite: Galewsky 2004,cites:10.3402/tellusa.v56i5.14436,2026-07-25T10:56:57Z,2026-07-25T11:23:22Z,no,no strong domain term in title
10.2139/ssrn.4820051,Strongly Stable Dual-Pairing Summation by Parts Finite Difference Schemes for the Vector Invariant Nonlinearshallow Water Equations – I: Numerical Scheme and Validation on the Plane,Strongly Stable Dual-Pairing Summation by Parts Finite Difference Schemes for the Vector Invariant Nonlinearshallow Water Equations – I: Numerical Scheme and Validation on the Plane,1.000,Justin Kin Jun Hew; Kenneth Duru; Stephen Roberts; Christopher Zoppou,2024,SSRN Electronic Journal,posted-content,supporting,yes,IDENTIFIER-ONLY,,1,https://doi.org/10.2139/ssrn.4820051,F1,forward-cite: Galewsky 2004,cites:10.3402/tellusa.v56i5.14436,2026-07-25T10:56:57Z,2026-07-25T11:23:22Z,no,on-topic title but venue outside the field: SSRN Electronic Journal
10.21914/anziamj.v54i0.6301,Efficient solvers for the shallow water equations on a sphere,Efficient solvers for the shallow water equations on a sphere,1.000,Ilya Tregubov; Thanh Tran,2013,ANZIAM Journal,journal-article,supporting,yes,IDENTIFIER-ONLY,,0,https://journal.austms.org.au/ojs/index.php/ANZIAMJ/article/download/6301/1715,F1,forward-cite: Galewsky 2004,cites:10.3402/tellusa.v56i5.14436,2026-07-25T10:56:57Z,2026-07-25T11:23:22Z,no,on-topic title but venue outside the field: ANZIAM Journal
10.5194/acpd-13-25291-2013,"Wind extraction potential from 4D-Var assimilation of O <sub>3</sub> , N <sub>2</sub> O, and H <sub>2</sub> O using a global shallow water model","Wind extraction potential from 4D-Var assimilation of O                   <sub>3</sub>                   , N                   <sub>2</sub>                   O, and H                   <sub>2</sub>                   O using a global shallow water model",1.000,Douglas Allen; K. W. Hoppel; David D. Kuhl,2013,,posted-content,supporting,yes,IDENTIFIER-ONLY,,0,https://doi.org/10.5194/acpd-13-25291-2013,F1,forward-cite: Galewsky 2004,cites:10.3402/tellusa.v56i5.14436,2026-07-25T10:56:57Z,2026-07-25T11:23:22Z,no,on-topic title but venue outside the field: 
10.1007/s00704-020-03232-1,Preferred equilibrium solutions of the barotropic vorticity equation,Preferred equilibrium solutions of the barotropic vorticity equation,1.000,Yaokun Li; Jiping Chao,2020,Theoretical and Applied Climatology,journal-article,supporting,yes,IDENTIFIER-ONLY,,0,https://link.springer.com/content/pdf/10.1007/s00704-020-03232-1.pdf,F1,forward-cite: Galewsky 2004,cites:10.3402/tellusa.v56i5.14436,2026-07-25T10:56:57Z,2026-07-25T11:23:23Z,no,on-topic title but venue outside the field: Theoretical and Applied Climatology
10.5194/gmd-2021-82-rc1,Comment on gmd-2021-82,Comment on gmd-2021-82,1.000,Darren Engwirda,2021,,peer-review,supporting,yes,IDENTIFIER-ONLY,,0,https://doi.org/10.5194/gmd-2021-82-rc1,F1,forward-cite: Galewsky 2004,cites:10.3402/tellusa.v56i5.14436,2026-07-25T10:56:57Z,2026-07-25T11:23:23Z,no,no strong domain term in title
10.5194/gmd-2021-82-rc2,Comment on gmd-2021-82,Comment on gmd-2021-82,1.000,Nicholas Kevlahan,2021,,peer-review,supporting,yes,IDENTIFIER-ONLY,,0,https://gmd.copernicus.org/articles/14/6919/2021/gmd-14-6919-2021.pdf,F1,forward-cite: Galewsky 2004,cites:10.3402/tellusa.v56i5.14436,2026-07-25T10:56:57Z,2026-07-25T11:23:23Z,no,no strong domain term in title
10.5194/gmd-2021-82-ac1,Authors response on gmd-2021-82,Authors response on gmd-2021-82,1.000,Luan Santos,2021,,peer-review,supporting,yes,IDENTIFIER-ONLY,,0,https://doi.org/10.5194/gmd-2021-82-ac1,F1,forward-cite: Galewsky 2004,cites:10.3402/tellusa.v56i5.14436,2026-07-25T10:56:57Z,2026-07-25T11:23:24Z,no,no strong domain term in title
10.5194/gmd-2021-168-ac1,Reply on RC1,Reply on RC1,1.000,Hiromasa Yoshimura,2021,,peer-review,supporting,yes,IDENTIFIER-ONLY,,0,https://doi.org/10.5194/gmd-2021-168-ac1,F1,forward-cite: Galewsky 2004,cites:10.3402/tellusa.v56i5.14436,2026-07-25T10:56:57Z,2026-07-25T11:23:23Z,no,no strong domain term in title
10.5194/gmd-2021-168-ac2,Reply on RC2,Reply on RC2,1.000,Hiromasa Yoshimura,2021,,peer-review,supporting,yes,IDENTIFIER-ONLY,,0,https://doi.org/10.5194/gmd-2021-168-ac2,F1,forward-cite: Galewsky 2004,cites:10.3402/tellusa.v56i5.14436,2026-07-25T10:56:57Z,2026-07-25T11:23:24Z,no,no strong domain term in title
10.5194/gmd-2021-168-rc1,Comment on gmd-2021-168,Comment on gmd-2021-168,1.000,Hiromasa Yoshimura,2021,,peer-review,supporting,yes,IDENTIFIER-ONLY,,0,https://gmd.copernicus.org/preprints/gmd-2021-168/gmd-2021-168.pdf,F1,forward-cite: Galewsky 2004,cites:10.3402/tellusa.v56i5.14436,2026-07-25T10:56:57Z,2026-07-25T11:23:24Z,no,no strong domain term in title
10.5194/gmd-2021-168-rc2,Comment on gmd-2021-168,Comment on gmd-2021-168,1.000,Hiromasa Yoshimura,2021,,peer-review,supporting,yes,IDENTIFIER-ONLY,,0,https://doi.org/10.5194/gmd-2021-168-rc2,F1,forward-cite: Galewsky 2004,cites:10.3402/tellusa.v56i5.14436,2026-07-25T10:56:57Z,2026-07-25T11:23:24Z,no,no strong domain term in title
10.5194/gmd-2021-168-rc3,Comment on gmd-2021-168,Comment on gmd-2021-168,1.000,Hiromasa Yoshimura,2021,,peer-review,supporting,yes,IDENTIFIER-ONLY,,0,https://doi.org/10.5194/gmd-2021-168-rc3,F1,forward-cite: Galewsky 2004,cites:10.3402/tellusa.v56i5.14436,2026-07-25T10:56:57Z,2026-07-25T11:23:24Z,no,no strong domain term in title
10.5194/gmd-2021-82-rc3,Comment on gmd-2021-82,Comment on gmd-2021-82,1.000,Luan Santos; Pedro S. Peixoto,2021,,peer-review,supporting,yes,IDENTIFIER-ONLY,,0,https://doi.org/10.5194/gmd-2021-82-rc3,F1,forward-cite: Galewsky 2004,cites:10.3402/tellusa.v56i5.14436,2026-07-25T10:56:57Z,2026-07-25T11:23:24Z,no,no strong domain term in title
10.5194/gmd-2021-82,Topography based local spherical Voronoi grid refinement on classical and moist shallow-water finite volume models,Topography based local spherical Voronoi grid refinement on classical and moist shallow-water finite volume models,1.000,Luan F. Santos; Pedro S. Peixoto,2021,,posted-content,supporting,yes,IDENTIFIER-ONLY,,0,https://doi.org/10.5194/gmd-2021-82,F1,forward-cite: Galewsky 2004,cites:10.3402/tellusa.v56i5.14436,2026-07-25T10:56:57Z,2026-07-25T11:23:25Z,no,on-topic title but venue outside the field: 
10.5194/gmd-2021-168-ac3,Reply on RC3,Reply on RC3,1.000,Hiromasa Yoshimura,2021,,peer-review,supporting,yes,IDENTIFIER-ONLY,,0,https://doi.org/10.5194/gmd-2021-168-ac3,F1,forward-cite: Galewsky 2004,cites:10.3402/tellusa.v56i5.14436,2026-07-25T10:56:57Z,2026-07-25T11:23:26Z,no,no strong domain term in title
10.22541/essoar.167632252.26895646/v1,Removing numerical pathologies in a turbulence parameterization through convergence testing,Removing numerical pathologies in a turbulence parameterization through convergence testing,1.000,Shixuan Zhang; Christopher J. Vogl; Vincent E. Larson; Quan M. Bui,2023,,posted-content,supporting,yes,IDENTIFIER-ONLY,,0,https://essopenarchive.org/doi/pdf/10.22541/essoar.167632252.26895646,F1,forward-cite: Galewsky 2004,cites:10.3402/tellusa.v56i5.14436,2026-07-25T10:56:57Z,2026-07-25T11:23:26Z,no,on-topic title but venue outside the field: 
10.2139/ssrn.4499159,Entropy and Energy Conservation for Thermal Atmospheric Dynamics Using Mixed Compatible Finite Elements,Entropy and Energy Conservation for Thermal Atmospheric Dynamics Using Mixed Compatible Finite Elements,1.000,David Lee; Kieran Ricardo; Kenneth Duru,2023,SSRN Electronic Journal,posted-content,supporting,yes,IDENTIFIER-ONLY,,0,http://dx.doi.org/10.2139/ssrn.4499159,F1,forward-cite: Galewsky 2004,cites:10.3402/tellusa.v56i5.14436,2026-07-25T10:56:57Z,2026-07-25T11:23:26Z,no,on-topic title but venue outside the field: SSRN Electronic Journal
10.1007/978-3-031-38299-4_27,Casimir-Dissipation Stabilized Stochastic Rotating Shallow Water Equations on the Sphere,Casimir-Dissipation Stabilized Stochastic Rotating Shallow Water Equations on the Sphere,1.000,Werner Bauer; Rüdiger Brecht,2023,Lecture notes in computer science,book chapter,supporting,yes,IDENTIFIER-ONLY,,0,,F1,forward-cite: Galewsky 2004,cites:10.3402/tellusa.v56i5.14436,2026-07-25T10:56:57Z,2026-07-25T11:23:26Z,yes,DOMAIN: title 'shallow[- ]water' in venue 'science'
10.5194/egusphere-2023-763-rc2,Comment on egusphere-2023-763,Comment on egusphere-2023-763,1.000,"Mahesh, Ankur; O'Brien, Travis; Loring, Burlen; Elbashandy, Abdelrahman",2023,,peer-review,supporting,yes,IDENTIFIER-ONLY,,0,https://egusphere.copernicus.org/preprints/2023/egusphere-2023-763/egusphere-2023-763.pdf,F1,forward-cite: Galewsky 2004,cites:10.3402/tellusa.v56i5.14436,2026-07-25T10:56:57Z,2026-07-25T11:23:26Z,no,no strong domain term in title
10.2139/ssrn.4591077,Latent Assimilation with Implicit Neural Representations for Unknown Dynamics,Latent Assimilation with Implicit Neural Representations for Unknown Dynamics,1.000,Zhuoyuan Li; Bin Dong; Pingwen Zhang,2023,SSRN Electronic Journal,posted-content,supporting,yes,IDENTIFIER-ONLY,,0,http://dx.doi.org/10.2139/ssrn.4591077,F1,forward-cite: Galewsky 2004,cites:10.3402/tellusa.v56i5.14436,2026-07-25T10:56:57Z,2026-07-25T11:23:27Z,no,no strong domain term in title
10.5194/egusphere-2023-763-ac1,Response to reviewers 1 and 2,Response to reviewers 1 and 2,1.000,Ankur Mahesh,2023,,peer-review,supporting,yes,IDENTIFIER-ONLY,,0,https://doi.org/10.5194/egusphere-2023-763-ac1,F1,forward-cite: Galewsky 2004,cites:10.3402/tellusa.v56i5.14436,2026-07-25T10:56:57Z,2026-07-25T11:23:27Z,no,no strong domain term in title
10.5194/egusphere-2023-763-ec1,Comment on egusphere-2023-763,Comment on egusphere-2023-763,1.000,Juan Antonio Añel,2023,,peer-review,supporting,yes,IDENTIFIER-ONLY,,0,https://doi.org/10.5194/egusphere-2023-763-ec1,F1,forward-cite: Galewsky 2004,cites:10.3402/tellusa.v56i5.14436,2026-07-25T10:56:57Z,2026-07-25T11:23:27Z,no,no strong domain term in title
10.5194/npg-2023-27,Multi-level data assimilation for simplified ocean models,Multi-level data assimilation for simplified ocean models,1.000,Florian Beiser; Håvard Heitlo Holm; Kjetil Olsen Lye; Jo Eidsvik,2024,,posted-content,supporting,yes,IDENTIFIER-ONLY,,0,https://doi.org/10.5194/npg-2023-27,F1,forward-cite: Galewsky 2004,cites:10.3402/tellusa.v56i5.14436,2026-07-25T10:56:57Z,2026-07-25T11:23:27Z,no,on-topic title but venue outside the field: 
10.5194/npg-2023-27-rc1,Comment on npg-2023-27,Comment on npg-2023-27,1.000,Florian Beiser; HÃ¥vard Heitlo Holm; Kjetil Olsen Lye; Jo Eidsvik,2024,,peer-review,supporting,yes,IDENTIFIER-ONLY,,0,https://npg.copernicus.org/preprints/npg-2023-27/npg-2023-27.pdf,F1,forward-cite: Galewsky 2004,cites:10.3402/tellusa.v56i5.14436,2026-07-25T10:56:57Z,2026-07-25T11:23:27Z,no,no strong domain term in title
10.5194/npg-2023-27-ac1,Reply on RC1,Reply on RC1,1.000,Florian Beiser,2024,,peer-review,supporting,yes,IDENTIFIER-ONLY,,0,https://doi.org/10.5194/npg-2023-27-ac1,F1,forward-cite: Galewsky 2004,cites:10.3402/tellusa.v56i5.14436,2026-07-25T10:56:57Z,2026-07-25T11:23:27Z,no,no strong domain term in title
10.5194/npg-2023-27-rc2,Comment on npg-2023-27,Comment on npg-2023-27,1.000,Florian Beiser; HÃ¥vard Heitlo Holm; Kjetil Olsen Lye; Jo Eidsvik,2024,,peer-review,supporting,yes,IDENTIFIER-ONLY,,0,https://doi.org/10.5194/npg-2023-27-rc2,F1,forward-cite: Galewsky 2004,cites:10.3402/tellusa.v56i5.14436,2026-07-25T10:56:57Z,2026-07-25T11:23:28Z,no,no strong domain term in title
10.2139/ssrn.4866660,Analysis of Finite-Volume Transport Schemes on Cubed-Sphere Grids and an Accurate Scheme for Divergent Winds,Analysis of Finite-Volume Transport Schemes on Cubed-Sphere Grids and an Accurate Scheme for Divergent Winds,1.000,Luan da Fonseca Santos; Pedro S. Peixoto,2024,SSRN Electronic Journal,posted-content,supporting,yes,IDENTIFIER-ONLY,,0,http://dx.doi.org/10.2139/ssrn.4866660,F1,forward-cite: Galewsky 2004,cites:10.3402/tellusa.v56i5.14436,2026-07-25T10:56:57Z,2026-07-25T11:23:29Z,no,on-topic title but venue outside the field: SSRN Electronic Journal
10.1142/s0219876224500294,A Global C-Staggered Composite Model for Shallow Water Equations with Latitude–Longitude Grid and Reductions in the Polar Regions,A Global C-Staggered Composite Model for Shallow Water Equations with Latitude–Longitude Grid and Reductions in the Polar Regions,1.000,Genilson S. Lima,2024,International Journal of Computational Methods,journal-article,supporting,yes,IDENTIFIER-ONLY,,0,,F1,forward-cite: Galewsky 2004,cites:10.3402/tellusa.v56i5.14436,2026-07-25T10:56:57Z,2026-07-25T11:23:33Z,no,on-topic title but venue outside the field: International Journal of Computational M
10.1016/j.ocemod.2024.102461,Global tsunami modelling on a spherical multiple-cell grid,Global tsunami modelling on a spherical multiple-cell grid,1.000,Jian‐Guo Li; Peitao Wang,2024,Ocean Modelling,journal-article,supporting,yes,IDENTIFIER-ONLY,,0,,F1,forward-cite: Galewsky 2004,cites:10.3402/tellusa.v56i5.14436,2026-07-25T10:56:57Z,2026-07-25T11:23:29Z,no,no strong domain term in title
10.1016/j.jcp.2024.113624,Strongly stable dual-pairing summation by parts finite difference schemes for the vector invariant nonlinear shallow water equations – I: Numerical scheme and validation on the plane,Strongly stable dual-pairing summation by parts finite difference schemes for the vector invariant nonlinear shallow water equations – I: Numerical scheme and validation on the plane,1.000,Justin Kin Jun Hew; Kenneth Duru; Stephen Roberts; Christopher Zoppou,2024,Journal of Computational Physics,journal-article,supporting,yes,IDENTIFIER-ONLY,,0,https://doi.org/10.1016/j.jcp.2024.113624,F1,forward-cite: Galewsky 2004,cites:10.3402/tellusa.v56i5.14436,2026-07-25T10:56:57Z,2026-07-25T11:23:29Z,yes,DOMAIN: title 'shallow[- ]water' in venue 'journal of computational physics'
10.1088/2632-2153/ada19f,Dynamic deep learning based super-resolution for the shallow water equations,Dynamic deep learning based super-resolution for the shallow water equations,1.000,Maximilian Witte; Fabricio Rodrigues Lapolli; Philip Freese; Sebastian Götschel,2024,Machine Learning Science and Technology,journal-article,supporting,yes,IDENTIFIER-ONLY,,0,https://doi.org/10.1088/2632-2153/ada19f,F1,forward-cite: Galewsky 2004,cites:10.3402/tellusa.v56i5.14436,2026-07-25T10:56:57Z,2026-07-25T11:23:29Z,yes,DOMAIN: title 'shallow[- ]water' in venue 'science'
10.1002/qj.5039,A vertical‐slice frontogenesis test case for compressible non‐hydrostatic dynamical cores of atmospheric models,A vertical‐slice frontogenesis test case for compressible non‐hydrostatic dynamical cores of atmospheric models,1.000,Hiroe Yamazaki; Colin J. Cotter,2025,Quarterly Journal of the Royal Meteorological Society,journal-article,supporting,yes,IDENTIFIER-ONLY,,0,https://onlinelibrary.wiley.com/doi/pdfdirect/10.1002/qj.5039,F1,forward-cite: Galewsky 2004,cites:10.3402/tellusa.v56i5.14436,2026-07-25T10:56:57Z,2026-07-25T11:23:30Z,yes,DOMAIN: title 'dynamical core' in venue 'quarterly journal of the royal meteorological society'
10.1145/3711896.3736837,AGODE: Adaptive Graph ODE for Grid-free Fluid Modeling and Domain Adaptation,AGODE: Adaptive Graph ODE for Grid-free Fluid Modeling and Domain Adaptation,1.000,Jie Lv; Shuyuan Yang; Zhixi Feng,2025,,conference proceedings,supporting,yes,IDENTIFIER-ONLY,,0,https://dl.acm.org/doi/pdf/10.1145/3711896.3736837,F1,forward-cite: Galewsky 2004,cites:10.3402/tellusa.v56i5.14436,2026-07-25T10:56:57Z,2026-07-25T11:23:31Z,no,no strong domain term in title
10.2139/ssrn.5393541,A Lagrangian Method for Solving the Spherical Shallow Water Equations Using Power Diagrams,A Lagrangian Method for Solving the Spherical Shallow Water Equations Using Power Diagrams,1.000,Philip Claude Caplan; Otis Milliken; Toby Pouler; Zeyi Tong,2025,SSRN Electronic Journal,posted-content,supporting,yes,IDENTIFIER-ONLY,,0,https://doi.org/10.2139/ssrn.5393541,F1,forward-cite: Galewsky 2004,cites:10.3402/tellusa.v56i5.14436,2026-07-25T10:56:57Z,2026-07-25T11:23:31Z,no,on-topic title but venue outside the field: SSRN Electronic Journal
10.1002/qj.70018,Exploring forms of the moist shallow‐water equations using a new compatible finite‐element discretisation,Exploring forms of the moist shallow‐water equations using a new compatible finite‐element discretisation,1.000,Nell Hartney; Thomas M. Bendall; Jemma Shipton,2025,Quarterly Journal of the Royal Meteorological Society,journal-article,supporting,yes,IDENTIFIER-ONLY,,0,https://doi.org/10.1002/qj.70018,F1,forward-cite: Galewsky 2004,cites:10.3402/tellusa.v56i5.14436,2026-07-25T10:56:57Z,2026-07-25T11:23:31Z,no,no strong domain term in title
10.1016/j.jcp.2025.114503,A conservative staggered discontinuous Galerkin method on triangular grids for the shallow water equations,A conservative staggered discontinuous Galerkin method on triangular grids for the shallow water equations,1.000,Wei Leng; Rihui Lan; Lili Ju,2025,Journal of Computational Physics,journal-article,supporting,yes,IDENTIFIER-ONLY,,0,https://doi.org/10.1016/j.jcp.2025.114503,F1,forward-cite: Galewsky 2004,cites:10.3402/tellusa.v56i5.14436,2026-07-25T10:56:57Z,2026-07-25T11:23:31Z,yes,DOMAIN: title 'shallow[- ]water' in venue 'journal of computational physics'
10.1007/978-981-95-4495-0_5,Applications to PDEs on Curved Surfaces,Applications to PDEs on Curved Surfaces,1.000,Sehun Chun,2025,,book chapter,supporting,yes,IDENTIFIER-ONLY,,0,,F1,forward-cite: Galewsky 2004,cites:10.3402/tellusa.v56i5.14436,2026-07-25T10:56:57Z,2026-07-25T11:23:31Z,no,no strong domain term in title
10.1016/j.jcp.2025.114543,High order asymptotic preserving well-balanced finite difference WENO schemes for all-speed rotating shallow water equations in the quasi-geostrophic limit,High order asymptotic preserving well-balanced finite difference WENO schemes for all-speed rotating shallow water equations in the quasi-geostrophic limit,1.000,Nan Zhang; Yulong Xing; Tao Xiong,2025,Journal of Computational Physics,journal-article,supporting,yes,IDENTIFIER-ONLY,,0,,F1,forward-cite: Galewsky 2004,cites:10.3402/tellusa.v56i5.14436,2026-07-25T10:56:57Z,2026-07-25T11:23:32Z,yes,DOMAIN: title 'shallow[- ]water' in venue 'journal of computational physics'
10.1016/j.cam.2026.117342,Low-synchronization Arnoldi algorithms with application to exponential integrators,Low-synchronization Arnoldi algorithms with application to exponential integrators,1.000,Tanya Tafolla; Stéphane Gaudreault; Mayya Tokman,2026,Journal of Computational and Applied Mathematics,journal-article,supporting,yes,IDENTIFIER-ONLY,,0,,F1,forward-cite: Galewsky 2004,cites:10.3402/tellusa.v56i5.14436,2026-07-25T10:56:57Z,2026-07-25T11:23:32Z,no,no strong domain term in title
10.2139/ssrn.6212054,Viability of Tensor Train Methods for Geophysical Fluid Dynamics,Viability of Tensor Train Methods for Geophysical Fluid Dynamics,1.000,Jeremy R. Lilly; Derek DeSantis; Mark Petersen,2026,SSRN Electronic Journal,posted-content,supporting,yes,IDENTIFIER-ONLY,,0,https://doi.org/10.2139/ssrn.6212054,F1,forward-cite: Galewsky 2004,cites:10.3402/tellusa.v56i5.14436,2026-07-25T10:56:57Z,2026-07-25T11:23:32Z,no,no strong domain term in title
10.1016/j.jcp.2026.114832,A second-order semi-Lagrangian backward differentiation formula with Picard iterations (PICSL) for the spherical shallow-water equations,A second-order semi-Lagrangian backward differentiation formula with Picard iterations (PICSL) for the spherical shallow-water equations,1.000,Stéphane Gaudreault; Tanya V. Tafolla; Jean-François Cossette; Michel Desgagné,2026,Journal of Computational Physics,journal-article,supporting,yes,IDENTIFIER-ONLY,,0,https://doi.org/10.1016/j.jcp.2026.114832,F1,forward-cite: Galewsky 2004,cites:10.3402/tellusa.v56i5.14436,2026-07-25T10:56:57Z,2026-07-25T11:23:33Z,yes,DOMAIN: title 'shallow[- ]water' in venue 'journal of computational physics'
10.1016/j.jcp.2026.114833,A Lagrangian method for solving the sphericalshallow water equations using power diagrams,A Lagrangian method for solving the sphericalshallow water equations using power diagrams,1.000,Philip Claude Caplan; Otis Milliken; Toby Pouler; Zeyi Tong,2026,Journal of Computational Physics,journal-article,supporting,yes,IDENTIFIER-ONLY,,0,,F1,forward-cite: Galewsky 2004,cites:10.3402/tellusa.v56i5.14436,2026-07-25T10:56:57Z,2026-07-25T11:23:33Z,yes,DOMAIN: title 'shallow[- ]water' in venue 'journal of computational physics'
10.1016/j.neunet.2026.108845,PGMNO: A physics-Guided mamba neural operator framework for partial differential equations,PGMNO: A physics-Guided mamba neural operator framework for partial differential equations,1.000,Yanan Guo; Junqiang Song; Xiaoqun Cao; Chuanfeng Zhao,2026,Neural Networks,journal-article,supporting,yes,IDENTIFIER-ONLY,,0,,F1,forward-cite: Galewsky 2004,cites:10.3402/tellusa.v56i5.14436,2026-07-25T10:56:57Z,2026-07-25T11:23:34Z,no,no strong domain term in title
10.1080/03091929.2026.2659535,Nonlinear evolution of the global quasi-geostrophic system,Nonlinear evolution of the global quasi-geostrophic system,1.000,R. K. Scott,2026,Geophysical & Astrophysical Fluid Dynamics,journal-article,supporting,yes,IDENTIFIER-ONLY,,0,,F1,forward-cite: Galewsky 2004,cites:10.3402/tellusa.v56i5.14436,2026-07-25T10:56:57Z,2026-07-25T11:23:34Z,yes,DOMAIN: title 'geostrophic' in venue 'geophysical.*fluid dynamics'
10.1109/ipdps65963.2026.00040,High-Order-Preserving Acceleration of a Shallow-Water Dynamical Core Using Tensor Units,High-Order-Preserving Acceleration of a Shallow-Water Dynamical Core Using Tensor Units,1.000,Jienan Yao; Lilong Zhou; Hui Li; Wei Xue,2026,,conference proceedings,supporting,yes,IDENTIFIER-ONLY,,0,,F1,forward-cite: Galewsky 2004,cites:10.3402/tellusa.v56i5.14436,2026-07-25T10:56:57Z,2026-07-25T11:23:33Z,no,on-topic title but venue outside the field: 
10.1186/s40537-021-00444-8,"Review of deep learning: concepts, CNN architectures, challenges, applications, future directions","Review of deep learning: concepts, CNN architectures, challenges, applications, future directions",1.000,Laith Alzubaidi; Jinglan Zhang; Amjad J. Humaidi; Ayad Q. Al-Dujaili,2021,Journal Of Big Data,journal-article,tangential,yes,IDENTIFIER-ONLY,,7676,https://journalofbigdata.springeropen.com/counter/pdf/10.1186/s40537-021-00444-8,Q12,ML weather models (acknowledgement),machine learning global weather forecasting model,2026-07-25T10:56:57Z,2026-07-25T11:24:06Z,no,off-domain term: deep learning: concepts
10.1609/aaai.v35i12.17325,Informer: Beyond Efficient Transformer for Long Sequence Time-Series Forecasting,Informer: Beyond Efficient Transformer for Long Sequence Time-Series Forecasting,1.000,Haoyi Zhou; Shanghang Zhang; Jieqi Peng; Shuai Zhang,2021,Proceedings of the AAAI Conference on Artificial Intelligence,journal-article,tangential,yes,IDENTIFIER-ONLY,,6322,https://ojs.aaai.org/index.php/AAAI/article/download/17325/17132,Q12,ML weather models (acknowledgement),machine learning global weather forecasting model,2026-07-25T10:56:57Z,2026-07-25T11:24:05Z,no,off-domain term: time-series forecasting
10.3390/s18082674,Machine Learning in Agriculture: A Review,Machine Learning in Agriculture: A Review,1.000,Κωνσταντίνος Λιάκος; Patrizia Busato; Dimitrios Moshou; Simon Pearson,2018,Sensors,journal-article,tangential,yes,IDENTIFIER-ONLY,,3123,https://www.mdpi.com/1424-8220/18/8/2674/pdf?version=1534247979,Q12,ML weather models (acknowledgement),machine learning global weather forecasting model,2026-07-25T10:56:57Z,2026-07-25T11:24:10Z,no,off-domain term: agricultur
10.1038/s41586-023-06185-3,Accurate medium-range global weather forecasting with 3D neural networks,Accurate medium-range global weather forecasting with 3D neural networks,1.000,Kaifeng Bi; Lingxi Xie; Hengheng Zhang; Xin Chen,2023,Nature,journal-article,tangential,yes,IDENTIFIER-ONLY,,1476,https://www.nature.com/articles/s41586-023-06185-3.pdf,Q12,ML weather models (acknowledgement),machine learning global weather forecasting model,2026-07-25T10:56:57Z,2026-07-25T11:24:07Z,yes,DOMAIN: title 'weather forecast' in venue 'nature'
10.1371/journal.pone.0194889,Statistical and Machine Learning forecasting methods: Concerns and ways forward,Statistical and Machine Learning forecasting methods: Concerns and ways forward,1.000,Spyros Makridakis; Evangelos Spiliotis; Vassilios Assimakopoulos,2018,PLoS ONE,journal-article,tangential,yes,IDENTIFIER-ONLY,,1421,https://journals.plos.org/plosone/article/file?id=10.1371/journal.pone.0194889&type=printable,Q12,ML weather models (acknowledgement),machine learning global weather forecasting model,2026-07-25T10:56:57Z,2026-07-25T11:24:07Z,no,no strong domain term in title
10.1126/science.adi2336,Learning skillful medium-range global weather forecasting,Learning skillful medium-range global weather forecasting,1.000,Rémi Lam; Álvaro Sánchez‐González; Matthew Willson; Peter Wirnsberger,2023,Science,journal-article,tangential,yes,IDENTIFIER-ONLY,,1220,https://doi.org/10.1126/science.adi2336,Q12,ML weather models (acknowledgement),machine learning global weather forecasting model,2026-07-25T10:56:57Z,2026-07-25T11:24:07Z,yes,DOMAIN: title 'weather forecast' in venue 'science'
10.1175/mwr-d-11-00215.1,A Multiscale Nonhydrostatic Atmospheric Model Using Centroidal Voronoi Tesselations and C-Grid Staggering,A Multiscale Nonhydrostatic Atmospheric Model Using Centroidal Voronoi Tesselations and C-Grid Staggering,1.000,William C. Skamarock; Joseph B. Klemp; Michael Duda; Laura D. Fowler,2012,Monthly Weather Review,journal-article,tangential,yes,IDENTIFIER-ONLY,,654,https://journals.ametsoc.org/downloadpdf/journals/mwre/140/9/mwr-d-11-00215.1.pdf,Q11,barotropic/baroclinic scope boundary,barotropic model limitations atmospheric dynamics,2026-07-25T10:56:57Z,2026-07-25T11:24:00Z,yes,DOMAIN: title 'atmospher' in venue 'monthly weather review'
10.1175/1520-0485(2003)33<753:esadot>2.0.co;2,Equilibrium Structure and Dynamics of the California Current System,Equilibrium Structure and Dynamics of the California Current System,1.000,Patrick Marchesiello; James C. McWilliams; Alexander F. Shchepetkin,2003,Journal of Physical Oceanography,journal-article,tangential,yes,IDENTIFIER-ONLY,,604,https://journals.ametsoc.org/downloadpdf/journals/phoc/33/4/1520-0485_2003_33_753_esadot_2.0.co_2.pdf,Q11,barotropic/baroclinic scope boundary,barotropic model limitations atmospheric dynamics,2026-07-25T10:56:57Z,2026-07-25T11:24:00Z,no,no strong domain term in title
10.1002/2017rg000568,ENSO Atmospheric Teleconnections and Their Response to Greenhouse Gas Forcing,ENSO Atmospheric Teleconnections and Their Response to Greenhouse Gas Forcing,1.000,Sang‐Wook Yeh; Wenju Cai; Seung‐Ki Min; Michael J. McPhaden,2018,Reviews of Geophysics,journal-article,tangential,yes,IDENTIFIER-ONLY,,564,https://agupubs.onlinelibrary.wiley.com/doi/pdfdirect/10.1002/2017RG000568,Q11,barotropic/baroclinic scope boundary,barotropic model limitations atmospheric dynamics,2026-07-25T10:56:57Z,2026-07-25T11:24:01Z,no,on-topic title but venue outside the field: Reviews of Geophysics
10.1002/2014rg000450,Accuracy assessment of global barotropic ocean tide models,Accuracy assessment of global barotropic ocean tide models,1.000,Detlef Stammer; Richard D. Ray; Ole Andersen; Brian K. Arbic,2014,Reviews of Geophysics,journal-article,tangential,yes,IDENTIFIER-ONLY,,552,http://deepblue.lib.umich.edu/bitstream/2027.42/109292/1/rog20044.pdf,Q11,barotropic/baroclinic scope boundary,barotropic model limitations atmospheric dynamics,2026-07-25T10:56:57Z,2026-07-25T11:24:01Z,no,off-domain term: tide models
10.1175/1520-0469(1998)055<0477:tbeoao>2.0.co;2,The Basic Effects of Atmosphere–Ocean Thermal Coupling on Midlatitude Variability*,The Basic Effects of Atmosphere–Ocean Thermal Coupling on Midlatitude Variability*,1.000,J. J. Barsugli; David S. Battisti,1998,Journal of the Atmospheric Sciences,journal-article,tangential,yes,IDENTIFIER-ONLY,,541,https://journals.ametsoc.org/downloadpdf/journals/atsc/55/4/1520-0469_1998_055_0477_tbeoao_2.0.co_2.pdf,Q11,barotropic/baroclinic scope boundary,equivalent barotropic level atmosphere,2026-07-25T10:56:57Z,2026-07-25T11:24:04Z,yes,DOMAIN: title 'atmospher' in venue 'journal of the atmospheric sciences'
10.1175/1520-0493(2003)131<0585:acpsdf>2.0.co;2,A Cyclone Phase Space Derived from Thermal Wind and Thermal Asymmetry,A Cyclone Phase Space Derived from Thermal Wind and Thermal Asymmetry,1.000,Robert E. Hart,2003,Monthly Weather Review,journal-article,tangential,yes,IDENTIFIER-ONLY,,476,https://journals.ametsoc.org/downloadpdf/journals/mwre/131/4/1520-0493_2003_131_0585_acpsdf_2.0.co_2.pdf,Q11,barotropic/baroclinic scope boundary,baroclinic instability energy source extratropical cyclone,2026-07-25T10:56:57Z,2026-07-25T11:24:02Z,yes,DOMAIN: title 'cyclone' in venue 'monthly weather review'
10.1175/1520-0469(2004)061<1209:trovht>2.0.co;2,The Role of “Vortical” Hot Towers in the Formation of Tropical Cyclone Diana (1984),The Role of “Vortical” Hot Towers in the Formation of Tropical Cyclone Diana (1984),1.000,Eric A. Hendricks; Michael T. Montgomery; Christopher A. Davis,2004,Journal of the Atmospheric Sciences,journal-article,tangential,yes,IDENTIFIER-ONLY,,472,https://journals.ametsoc.org/downloadpdf/journals/atsc/61/11/1520-0469_2004_061_1209_trovht_2.0.co_2.pdf,Q11,barotropic/baroclinic scope boundary,baroclinic instability energy source extratropical cyclone,2026-07-25T10:56:57Z,2026-07-25T11:24:01Z,yes,DOMAIN: title 'vortic' in venue 'journal of the atmospheric sciences'
10.1029/2020ms002203,WeatherBench: A Benchmark Data Set for Data‐Driven Weather Forecasting,WeatherBench: A Benchmark Data Set for Data‐Driven Weather Forecasting,1.000,Stephan Rasp; Peter D. Dueben; Sebastian Scher; Jonathan A. Weyn,2020,Journal of Advances in Modeling Earth Systems,journal-article,tangential,yes,IDENTIFIER-ONLY,,462,https://agupubs.onlinelibrary.wiley.com/doi/pdfdirect/10.1029/2020MS002203,Q12,ML weather models (acknowledgement),machine learning global weather forecasting model,2026-07-25T10:56:57Z,2026-07-25T11:24:07Z,yes,DOMAIN: title 'weather forecast' in venue 'journal of advances in modeling earth systems'
10.1016/j.jclepro.2021.128566,Deep learning models for solar irradiance forecasting: A comprehensive review,Deep learning models for solar irradiance forecasting: A comprehensive review,1.000,Pratima Kumari; Durga Toshniwal,2021,Journal of Cleaner Production,journal-article,tangential,yes,IDENTIFIER-ONLY,,425,,Q12,ML weather models (acknowledgement),machine learning global weather forecasting model,2026-07-25T10:56:57Z,2026-07-25T11:24:08Z,no,off-domain term: solar irradiance
10.1029/2018sw002061,The Challenge of Machine Learning in Space Weather: Nowcasting and Forecasting,The Challenge of Machine Learning in Space Weather: Nowcasting and Forecasting,1.000,Enrico Camporeale,2019,Space Weather,journal-article,tangential,yes,IDENTIFIER-ONLY,,401,https://onlinelibrary.wiley.com/doi/pdfdirect/10.1029/2018SW002061,Q12,ML weather models (acknowledgement),machine learning global weather forecasting model,2026-07-25T10:56:57Z,2026-07-25T11:24:08Z,no,no strong domain term in title
10.1175/jcli-d-12-00573.1,A Multimodel Assessment of Future Projections of North Atlantic and European Extratropical Cyclones in the CMIP5 Climate Models*,A Multimodel Assessment of Future Projections of North Atlantic and European Extratropical Cyclones in the CMIP5 Climate Models*,1.000,Giuseppe Zappa; Len Shaffrey; Kevin I. Hodges; Philip G. Sansom,2013,Journal of Climate,journal-article,tangential,yes,IDENTIFIER-ONLY,,395,https://journals.ametsoc.org/downloadpdf/journals/clim/26/16/jcli-d-12-00573.1.pdf,Q11,barotropic/baroclinic scope boundary,baroclinic instability energy source extratropical cyclone,2026-07-25T10:56:57Z,2026-07-25T11:24:02Z,yes,DOMAIN: title 'cyclone' in venue 'journal of climate'
10.1175/1520-0442(2001)014<0546:acotet>2.0.co;2,A Climatology of the Extratropical Transition of Atlantic Tropical Cyclones,A Climatology of the Extratropical Transition of Atlantic Tropical Cyclones,1.000,Robert E. Hart; Jenni L. Evans,2001,Journal of Climate,journal-article,tangential,yes,IDENTIFIER-ONLY,,363,https://journals.ametsoc.org/downloadpdf/journals/clim/14/4/1520-0442_2001_014_0546_acotet_2.0.co_2.pdf,Q11,barotropic/baroclinic scope boundary,baroclinic instability energy source extratropical cyclone,2026-07-25T10:56:57Z,2026-07-25T11:24:02Z,yes,DOMAIN: title 'cyclone' in venue 'journal of climate'
10.1038/s41586-024-08252-9,Probabilistic weather forecasting with machine learning,Probabilistic weather forecasting with machine learning,1.000,Ilan Price; Álvaro Sánchez‐González; Ferran Alet; Tom R. Andersson,2024,Nature,journal-article,tangential,yes,IDENTIFIER-ONLY,,331,https://doi.org/10.1038/s41586-024-08252-9,Q12,ML weather models (acknowledgement),machine learning global weather forecasting model,2026-07-25T10:56:57Z,2026-07-25T11:24:08Z,yes,DOMAIN: title 'weather forecast' in venue 'nature'
10.1175/jcli3998.1,Precipitation and Cloud Structure in Midlatitude Cyclones,Precipitation and Cloud Structure in Midlatitude Cyclones,1.000,Paul R. Field; Robert Wood,2007,Journal of Climate,journal-article,tangential,yes,IDENTIFIER-ONLY,,316,https://journals.ametsoc.org/downloadpdf/journals/clim/20/2/jcli3998.1.pdf,Q11,barotropic/baroclinic scope boundary,baroclinic instability energy source extratropical cyclone,2026-07-25T10:56:57Z,2026-07-25T11:24:04Z,yes,DOMAIN: title 'cyclone' in venue 'journal of climate'
10.1175/mwr3160.1,Serial Clustering of Extratropical Cyclones,Serial Clustering of Extratropical Cyclones,1.000,Pascal J. Mailier; David B. Stephenson; Christopher A. T. Ferro; Kevin I. Hodges,2006,Monthly Weather Review,journal-article,tangential,yes,IDENTIFIER-ONLY,,312,https://journals.ametsoc.org/downloadpdf/journals/mwre/134/8/mwr3160.1.pdf,Q11,barotropic/baroclinic scope boundary,baroclinic instability energy source extratropical cyclone,2026-07-25T10:56:57Z,2026-07-25T11:24:03Z,yes,DOMAIN: title 'cyclone' in venue 'monthly weather review'
10.1016/j.jhydrol.2011.10.039,Daily streamflow forecasting by machine learning methods with weather and climate inputs,Daily streamflow forecasting by machine learning methods with weather and climate inputs,1.000,Kabir Rasouli; William W. Hsieh; Alex J. Cannon,2011,Journal of Hydrology,journal-article,tangential,yes,IDENTIFIER-ONLY,,304,,Q12,ML weather models (acknowledgement),machine learning global weather forecasting model,2026-07-25T10:56:57Z,2026-07-25T11:24:08Z,no,no strong domain term in title
10.1175/jcli4278.1,The Transient Atmospheric Circulation Response to North Atlantic SST and Sea Ice Anomalies,The Transient Atmospheric Circulation Response to North Atlantic SST and Sea Ice Anomalies,1.000,Clara Deser; Robert A. Tomas; Shiling Peng,2007,Journal of Climate,journal-article,tangential,yes,IDENTIFIER-ONLY,,301,https://journals.ametsoc.org/downloadpdf/journals/clim/20/18/jcli4278.1.pdf,Q11,barotropic/baroclinic scope boundary,barotropic model limitations atmospheric dynamics,2026-07-25T10:56:57Z,2026-07-25T11:24:03Z,yes,DOMAIN: title 'atmospher' in venue 'journal of climate'
10.1038/s41612-023-00512-1,FuXi: a cascade machine learning forecasting system for 15-day global weather forecast,FuXi: a cascade machine learning forecasting system for 15-day global weather forecast,1.000,Lei Chen; Xiaohui Zhong; Feng Zhang; Yuan Cheng,2023,npj Climate and Atmospheric Science,journal-article,tangential,yes,IDENTIFIER-ONLY,,299,https://www.nature.com/articles/s41612-023-00512-1.pdf,Q12,ML weather models (acknowledgement),machine learning global weather forecasting model,2026-07-25T10:56:57Z,2026-07-25T11:24:08Z,yes,DOMAIN: title 'weather forecast' in venue 'science'
10.1175/1520-0469(1981)038<0554:mdtart>2.0.co;2,Mechanisms Determining the Atmospheric Response to Sea Surface Temperature Anomalies,Mechanisms Determining the Atmospheric Response to Sea Surface Temperature Anomalies,1.000,Peter J. Webster,1981,Journal of the Atmospheric Sciences,journal-article,tangential,yes,IDENTIFIER-ONLY,,236,https://journals.ametsoc.org/downloadpdf/journals/atsc/38/3/1520-0469_1981_038_0554_mdtart_2_0_co_2.pdf,Q11,barotropic/baroclinic scope boundary,barotropic model limitations atmospheric dynamics,2026-07-25T10:56:57Z,2026-07-25T11:24:03Z,yes,DOMAIN: title 'atmospher' in venue 'journal of the atmospheric sciences'
10.1007/s00382-015-2946-x,Structure and dynamics of decadal anomalies in the wintertime midlatitude North Pacific ocean–atmosphere system,Structure and dynamics of decadal anomalies in the wintertime midlatitude North Pacific ocean–atmosphere system,1.000,Jiabei Fang; Xiu‐Qun Yang,2015,Climate Dynamics,journal-article,tangential,yes,IDENTIFIER-ONLY,,190,https://link.springer.com/content/pdf/10.1007%2Fs00382-015-2946-x.pdf,Q11,barotropic/baroclinic scope boundary,equivalent barotropic level atmosphere,2026-07-25T10:56:57Z,2026-07-25T11:24:04Z,yes,DOMAIN: title 'atmospher' in venue 'climate dynamics'
10.1146/annurev-earth-060614-105146,Atmospheric Dynamics of Hot Exoplanets,Atmospheric Dynamics of Hot Exoplanets,1.000,Kevin Heng; Adam P. Showman,2015,Annual Review of Earth and Planetary Sciences,journal-article,tangential,yes,IDENTIFIER-ONLY,,181,https://www.annualreviews.org/doi/pdf/10.1146/annurev-earth-060614-105146,Q11,barotropic/baroclinic scope boundary,barotropic model limitations atmospheric dynamics,2026-07-25T10:56:57Z,2026-07-25T11:24:04Z,yes,DOMAIN: title 'atmospher' in venue 'science'
10.1175/1520-0469(1998)055<0237:altoes>2.0.co;2,A Linear Theory of Extratropical Synoptic Eddy Statistics,A Linear Theory of Extratropical Synoptic Eddy Statistics,1.000,Jeffrey S. Whitaker; Prashant D. Sardeshmukh,1998,Journal of the Atmospheric Sciences,journal-article,tangential,yes,IDENTIFIER-ONLY,,152,https://journals.ametsoc.org/downloadpdf/journals/atsc/55/2/1520-0469_1998_055_0237_altoes_2.0.co_2.pdf,Q11,barotropic/baroclinic scope boundary,baroclinic instability energy source extratropical cyclone,2026-07-25T10:56:57Z,2026-07-25T11:24:04Z,no,no strong domain term in title
10.1002/jgrd.50461,The relationship between the ITCZ and the Southern Hemispheric eddy‐driven jet,The relationship between the ITCZ and the Southern Hemispheric eddy‐driven jet,1.000,Paulo Ceppi; Yen‐Ting Hwang; Xiaojuan Liu; Dargan M. W. Frierson,2013,Journal of Geophysical Research Atmospheres,journal-article,tangential,yes,IDENTIFIER-ONLY,,150,https://onlinelibrary.wiley.com/doi/pdfdirect/10.1002/jgrd.50461,T3,TARGET observed eddy phase speeds,Randel Held phase speed spectra baroclinic eddies,2026-07-25T10:56:57Z,2026-07-25T11:25:35Z,yes,DOMAIN: title '\bjet\b' in venue 'journal of geophysical research'
10.1002/2016rg000519,Extratropical cyclone classification and its use in climate studies,Extratropical cyclone classification and its use in climate studies,1.000,Jennifer L. Catto,2016,Reviews of Geophysics,journal-article,tangential,yes,IDENTIFIER-ONLY,,139,https://onlinelibrary.wiley.com/doi/pdfdirect/10.1002/2016RG000519,Q11,barotropic/baroclinic scope boundary,baroclinic instability energy source extratropical cyclone,2026-07-25T10:56:57Z,2026-07-25T11:24:04Z,no,on-topic title but venue outside the field: Reviews of Geophysics
10.1007/s10462-025-11322-7,Physics-informed neural networks for PDE problems: a comprehensive review,Physics-informed neural networks for PDE problems: a comprehensive review,1.000,Kuang Luo; J. Zhao; Ying‐Ping Wang; Jiayao Li,2025,Artificial Intelligence Review,journal-article,tangential,yes,IDENTIFIER-ONLY,,139,https://link.springer.com/content/pdf/10.1007/s10462-025-11322-7.pdf,Q12,ML weather models (acknowledgement),spherical harmonic neural operator weather,2026-07-25T10:56:57Z,2026-07-25T11:24:10Z,no,no strong domain term in title
10.1175/jas4006.1,Eddy–Zonal Flow Interactions and the Persistence of the Zonal Index,Eddy–Zonal Flow Interactions and the Persistence of the Zonal Index,1.000,Edwin P. Gerber; Geoffrey K. Vallis,2007,Journal of the Atmospheric Sciences,journal-article,tangential,yes,IDENTIFIER-ONLY,,127,https://journals.ametsoc.org/downloadpdf/journals/atsc/64/9/jas4006.1.pdf,T3,TARGET observed eddy phase speeds,Randel Held phase speed spectra baroclinic eddies,2026-07-25T10:56:57Z,2026-07-25T11:25:36Z,yes,DOMAIN: title 'zonal' in venue 'journal of the atmospheric sciences'
10.1051/swsc/2021020,What sustained multi-disciplinary research can achieve: The space weather modeling framework,What sustained multi-disciplinary research can achieve: The space weather modeling framework,1.000,T. I. Gombosi; Yuxi Chen; A. Glocer; Zhenguang Huang,2021,Journal of Space Weather and Space Climate,journal-article,tangential,yes,IDENTIFIER-ONLY,,118,https://www.swsc-journal.org/articles/swsc/pdf/2021/01/swsc210015.pdf,Q12,ML weather models (acknowledgement),spherical harmonic neural operator weather,2026-07-25T10:56:57Z,2026-07-25T11:24:10Z,no,no strong domain term in title
10.3390/su12093778,Wind Generation Forecasting Methods and Proliferation of Artificial Neural Network: A Review of Five Years Research Trend,Wind Generation Forecasting Methods and Proliferation of Artificial Neural Network: A Review of Five Years Research Trend,1.000,Muhammad Shahzad Nazir; Fahad Alturise; Sami Alshmrany; Hafiz Muhammad Jamsheed Nazir,2020,Sustainability,journal-article,tangential,yes,IDENTIFIER-ONLY,,118,https://www.mdpi.com/2071-1050/12/9/3778/pdf?version=1588775144,Q12,ML weather models (acknowledgement),spherical harmonic neural operator weather,2026-07-25T10:56:57Z,2026-07-25T11:24:10Z,no,no strong domain term in title
10.1175/amsmonographs-d-18-0015.1,Extratropical Cyclones: A Century of Research on Meteorology’s Centerpiece,Extratropical Cyclones: A Century of Research on Meteorology’s Centerpiece,1.000,David M. Schultz; Lance F. Bosart; Brian A. Colle; Huw C. Davies,2018,Meteorological Monographs,journal-article,tangential,yes,IDENTIFIER-ONLY,,116,https://journals.ametsoc.org/downloadpdf/journals/amsm/59/1/amsmonographs-d-18-0015.1.pdf,Q11,barotropic/baroclinic scope boundary,baroclinic instability energy source extratropical cyclone,2026-07-25T10:56:57Z,2026-07-25T11:24:05Z,no,on-topic title but venue outside the field: Meteorological Monographs
10.1175/jas3995.1,Sensitivity of the Latitude of the Surface Westerlies to Surface Friction,Sensitivity of the Latitude of the Surface Westerlies to Surface Friction,1.000,Gang Chen; Isaac M. Held; Walter A. Robinson,2007,Journal of the Atmospheric Sciences,journal-article,tangential,yes,IDENTIFIER-ONLY,,112,https://journals.ametsoc.org/downloadpdf/journals/atsc/64/8/jas3995.1.pdf,T3,TARGET observed eddy phase speeds,Randel Held phase speed spectra baroclinic eddies,2026-07-25T10:56:57Z,2026-07-25T11:25:36Z,no,no strong domain term in title
10.1038/s41467-024-49411-w,Learning nonlinear operators in latent spaces for real-time predictions of complex dynamics in physical systems,Learning nonlinear operators in latent spaces for real-time predictions of complex dynamics in physical systems,1.000,Katiana Kontolati; Somdatta Goswami; George Em Karniadakis; Michael D. Shields,2024,Nature Communications,journal-article,tangential,yes,IDENTIFIER-ONLY,,95,https://www.nature.com/articles/s41467-024-49411-w.pdf,Q12,ML weather models (acknowledgement),spherical harmonic neural operator weather,2026-07-25T10:56:57Z,2026-07-25T11:24:10Z,no,no strong domain term in title
10.1109/trs.2023.3280033,Horus—A Fully Digital Polarimetric Phased Array Radar for Next-Generation Weather Observations,Horus—A Fully Digital Polarimetric Phased Array Radar for Next-Generation Weather Observations,1.000,Robert D. Palmer; Mark Yeary; David Schvartzman; Jorge L. Salazar-Cerreño,2023,IEEE Transactions on Radar Systems,journal-article,tangential,yes,IDENTIFIER-ONLY,,92,https://ieeexplore.ieee.org/ielx7/9931145/10012287/10136237.pdf,Q12,ML weather models (acknowledgement),spherical harmonic neural operator weather,2026-07-25T10:56:57Z,2026-07-25T11:24:10Z,no,no strong domain term in title
10.1175/2010jcli3738.1,Can the Increase in the Eddy Length Scale under Global Warming Cause the Poleward Shift of the Jet Streams?,Can the Increase in the Eddy Length Scale under Global Warming Cause the Poleward Shift of the Jet Streams?,1.000,Joseph Kidston; Geoffrey K. Vallis; S. M. Dean; James Renwick,2010,Journal of Climate,journal-article,tangential,yes,IDENTIFIER-ONLY,,85,https://journals.ametsoc.org/downloadpdf/journals/clim/24/14/2010jcli3738.1.pdf,T3,TARGET observed eddy phase speeds,Randel Held phase speed spectra baroclinic eddies,2026-07-25T10:56:57Z,2026-07-25T11:25:36Z,yes,DOMAIN: title '\bjet\b' in venue 'journal of climate'
10.5194/acp-19-12607-2019,Evidence of small-scale quasi-isentropic mixing in ridges of extratropical baroclinic waves,Evidence of small-scale quasi-isentropic mixing in ridges of extratropical baroclinic waves,1.000,Daniel Kunkel; Peter Hoor; Thorsten Kaluza; Jörn Ungermann,2019,Atmospheric chemistry and physics,journal-article,tangential,yes,IDENTIFIER-ONLY,,83,https://acp.copernicus.org/articles/19/12607/2019/acp-19-12607-2019.pdf,Q11,barotropic/baroclinic scope boundary,baroclinic instability energy source extratropical cyclone,2026-07-25T10:56:57Z,2026-07-25T11:24:06Z,yes,DOMAIN: title 'baroclinic' in venue 'atmospheric chemistry and physics'
10.1029/2023gl105747,Can Artificial Intelligence‐Based Weather Prediction Models Simulate the Butterfly Effect?,Can Artificial Intelligence‐Based Weather Prediction Models Simulate the Butterfly Effect?,1.000,Tobias Selz; George C. Craig,2023,Geophysical Research Letters,journal-article,tangential,yes,IDENTIFIER-ONLY,,74,https://onlinelibrary.wiley.com/doi/pdfdirect/10.1029/2023GL105747,Q12,ML weather models (acknowledgement),spherical harmonic neural operator weather,2026-07-25T10:56:57Z,2026-07-25T11:24:15Z,no,no strong domain term in title
10.1175/1520-0469(1997)054<1726:momjia>2.0.co;2,Maintenance of Multiple Jets in a Baroclinic Flow,Maintenance of Multiple Jets in a Baroclinic Flow,1.000,Sukyoung Lee,1997,Journal of the Atmospheric Sciences,journal-article,tangential,yes,IDENTIFIER-ONLY,,70,https://journals.ametsoc.org/downloadpdf/journals/atsc/54/13/1520-0469_1997_054_1726_momjia_2.0.co_2.pdf,T3,TARGET observed eddy phase speeds,Randel Held phase speed spectra baroclinic eddies,2026-07-25T10:56:57Z,2026-07-25T11:25:36Z,yes,DOMAIN: title 'baroclinic' in venue 'journal of the atmospheric sciences'
10.1007/s11831-018-9261-8,Current and Emerging Time-Integration Strategies in Global Numerical Weather and Climate Prediction,Current and Emerging Time-Integration Strategies in Global Numerical Weather and Climate Prediction,1.000,Gianmarco Mengaldo; Andrzej Wyszogrodzki; Michail Diamantakis; Sarah‐Jane Lock,2018,Archives of Computational Methods in Engineering,journal-article,tangential,yes,IDENTIFIER-ONLY,,66,https://link.springer.com/content/pdf/10.1007%2Fs11831-018-9261-8.pdf,Q12,ML weather models (acknowledgement),spherical harmonic neural operator weather,2026-07-25T10:56:57Z,2026-07-25T11:24:11Z,no,no strong domain term in title
10.1002/2017gl076886,Rossby Wave Propagation into the Northern Hemisphere Stratosphere: The Role of Zonal Phase Speed,Rossby Wave Propagation into the Northern Hemisphere Stratosphere: The Role of Zonal Phase Speed,1.000,Daniela I. V. Domeisen; Olivia Martius; Bernat Jiménez‐Esteve,2018,Geophysical Research Letters,journal-article,tangential,yes,IDENTIFIER-ONLY,,60,https://onlinelibrary.wiley.com/doi/pdfdirect/10.1002/2017GL076886,T3,TARGET observed eddy phase speeds,Randel Held phase speed spectra baroclinic eddies,2026-07-25T10:56:57Z,2026-07-25T11:25:37Z,yes,DOMAIN: title 'rossby' in venue 'geophysical research letters'
10.1007/s10462-023-10502-7,Geometric deep learning and equivariant neural networks,Geometric deep learning and equivariant neural networks,1.000,Jan E. Gerken; Jimmy Aronsson; Oscar Carlsson; Hampus Linander,2023,Artificial Intelligence Review,journal-article,tangential,yes,IDENTIFIER-ONLY,,56,https://link.springer.com/content/pdf/10.1007/s10462-023-10502-7.pdf,Q12,ML weather models (acknowledgement),spherical harmonic neural operator weather,2026-07-25T10:56:57Z,2026-07-25T11:24:11Z,no,no strong domain term in title
10.1175/1520-0469(1996)053<1698:slrtth>2.0.co;2,Steady Linear Response to Tropical Heating in Barotropic and Baroclinic Models,Steady Linear Response to Tropical Heating in Barotropic and Baroclinic Models,1.000,Mingfang Ting,1996,Journal of the Atmospheric Sciences,journal-article,tangential,yes,IDENTIFIER-ONLY,,39,http://journals.ametsoc.org/doi/pdf/10.1175/1520-0469%281996%29053%3C1698%3ASLRTTH%3E2.0.CO%3B2,Q11,barotropic/baroclinic scope boundary,equivalent barotropic level atmosphere,2026-07-25T10:56:57Z,2026-07-25T11:24:05Z,yes,DOMAIN: title 'barotropic' in venue 'journal of the atmospheric sciences'
10.1175/jpo-d-14-0160.1,Phase Speed Cross Spectra of Eddy Heat Fluxes in the Eastern Pacific,Phase Speed Cross Spectra of Eddy Heat Fluxes in the Eastern Pacific,1.000,Ryan Abernathey; Cimarron Wortham,2015,Journal of Physical Oceanography,journal-article,tangential,yes,IDENTIFIER-ONLY,,31,https://journals.ametsoc.org/downloadpdf/journals/phoc/45/5/jpo-d-14-0160.1.pdf,T3,TARGET observed eddy phase speeds,Randel Held phase speed spectra baroclinic eddies,2026-07-25T10:56:57Z,2026-07-25T11:25:37Z,yes,DOMAIN: title 'phase speed' in venue 'journal of physical oceanography'
10.1175/jas-d-12-0303.1,Jet Interaction and the Influence of a Minimum Phase Speed Bound on the Propagation of Eddies,Jet Interaction and the Influence of a Minimum Phase Speed Bound on the Propagation of Eddies,1.000,Amanda K. O’Rourke; Geoffrey K. Vallis,2013,Journal of the Atmospheric Sciences,journal-article,tangential,yes,IDENTIFIER-ONLY,,24,https://journals.ametsoc.org/downloadpdf/journals/atsc/70/8/jas-d-12-0303.1.pdf,T3,TARGET observed eddy phase speeds,Randel Held phase speed spectra baroclinic eddies,2026-07-25T10:56:57Z,2026-07-25T11:25:37Z,yes,DOMAIN: title '\bjet\b' in venue 'journal of the atmospheric sciences'
10.1109/access.2022.3151350,Robust Object Classification Approach Using Spherical Harmonics,Robust Object Classification Approach Using Spherical Harmonics,1.000,Ayman Mukhaimar; Ruwan Tennakoon; Chow Yin Lai; Reza Hoseinnezhad,2022,IEEE Access,journal-article,tangential,yes,IDENTIFIER-ONLY,,10,https://ieeexplore.ieee.org/ielx7/6287639/9668973/09713880.pdf,Q12,ML weather models (acknowledgement),spherical harmonic neural operator weather,2026-07-25T10:56:57Z,2026-07-25T11:24:11Z,no,on-topic title but venue outside the field: IEEE Access
10.5194/gmd-18-5575-2025,Huge ensembles – Part 1: Design of ensemble weather forecasts using spherical Fourier neural operators,Huge ensembles – Part 1: Design of ensemble weather forecasts using spherical Fourier neural operators,1.000,Ankur Mahesh; William D. Collins; Boris Bonev; Noah Brenowitz,2025,Geoscientific model development,journal-article,tangential,yes,IDENTIFIER-ONLY,,9,https://gmd.copernicus.org/articles/18/5575/2025/gmd-18-5575-2025.pdf,Q12,ML weather models (acknowledgement),spherical harmonic neural operator weather,2026-07-25T10:56:57Z,2026-07-25T11:24:11Z,yes,DOMAIN: title 'weather forecast' in venue 'geoscientific model development'
10.1038/s41598-025-96208-y,Spherical multigrid neural operator for improving autoregressive global weather forecasting,Spherical multigrid neural operator for improving autoregressive global weather forecasting,1.000,Yifan Hu; Fukang Yin; Weimin Zhang; Kaijun Ren,2025,Scientific Reports,journal-article,tangential,yes,IDENTIFIER-ONLY,,4,https://www.nature.com/articles/s41598-025-96208-y.pdf,Q12,ML weather models (acknowledgement),spherical harmonic neural operator weather,2026-07-25T10:56:57Z,2026-07-25T11:24:12Z,no,on-topic title but venue outside the field: Scientific Reports
